date,log_rv,log_rv_3,log_rv_12,return,downside_share,max_abs_return,close_range
1950-12-31,-2.874565679565734,-3.0168712043983414,-3.3002123705192514,0.04607725740062696,0.4428269255367292,0.03414712779124285,0.07256544460072015
1951-01-31,-3.178609845829416,-3.0077162291658914,-3.2774891242424093,0.05846281076099835,0.22630360323873855,0.019101435389339283,0.04950335359511406
1951-02-28,-3.6737523953729334,-3.2423093069226945,-3.2612389217862994,0.006442700269661206,0.519909621179743,0.01364894907313463,0.020018890738666757
1951-03-31,-3.418666329983354,-3.4236761903952346,-3.228888193424148,-0.014787686468314298,0.6055289837888068,0.01630590386541364,0.03241027890881548
1951-04-30,-3.602146672475486,-3.564855132610591,-3.2275307619621114,0.0432771138083079,0.14506643962531127,0.01346044525896195,0.05357197845816822
1951-05-31,-3.274282403523884,-3.431698468660908,-3.1987187734011897,-0.04141660557268434,0.7290330194380321,0.01911756317506441,0.08124899051761654
1951-06-30,-3.418732063801149,-3.431720379933506,-3.2699680748333386,-0.026366940792028615,0.6395177867115653,0.013367376716796109,0.050696751519324845
1951-07-31,-3.3059003536174947,-3.3329716069808426,-3.3068354077143653,0.06644512605799502,0.21713723275937638,0.019128171620443446,0.07000336399929745
1951-08-31,-3.7507159264619974,-3.4917827812935474,-3.3356645360114086,0.038533710527222986,0.1677122809912341,0.013677665974109576,0.033634987271670906
1951-09-30,-4.140207786444744,-3.7322746888414122,-3.4011356158921235,-0.0008594954276528455,0.5512628595159963,0.00723869793887344,0.019161704533094275
1951-10-31,-3.27190570974939,-3.7209431408853777,-3.406621527410676,-0.013853021948813105,0.6743696681161342,0.024746202998892297,0.051182984462826826
1951-11-30,-3.539125004624047,-3.6504128336060604,-3.4540508476208025,-0.0026190051500378786,0.514273122334201,0.014566575266582227,0.030771692210493196
1951-12-31,-3.9154700009720687,-3.5755002384485017,-3.540792874404664,0.03816117079833026,0.15335198578766013,0.011635574438613183,0.0324953866358111
1952-01-31,-3.731817849662012,-3.7288042850860426,-3.5868935413907135,0.015445889755413944,0.4838979533715444,0.013934658176420367,0.038021112008197806
1952-02-29,-3.619687108427326,-3.755658319687136,-3.582388100811913,-0.03713503345489322,0.8281826390363446,0.016136195452243207,0.05107668897501582
1952-03-31,-3.679718495502233,-3.6770744845305234,-3.604142447938486,0.04661774514360051,0.10967720584562575,0.016606699697156557,0.04532877886812733
1952-04-30,-3.6238207241856584,-3.641075442705073,-3.605948618914334,-0.04404155367841467,0.7547340681929966,0.012605256904289597,0.036214509411794965
1952-05-31,-3.7921832811987484,-3.698574166962213,-3.6491070253872393,0.02289209385445279,0.19386165481112597,0.016691994378330133,0.032692380700923035
1952-06-30,-4.023416301755427,-3.8131401023799447,-3.6994973785500953,0.04507106457114052,0.15621001479712196,0.007123435574881931,0.04842958668389332
1952-07-31,-3.989177210073654,-3.9349255976759427,-3.7564371165881085,0.017474652184552575,0.37914765869599737,0.008016029180676565,0.02350238282818967
1952-08-31,-4.107927828880884,-4.040173780236655,-3.7862047751230157,-0.014674026129414486,0.8126683456324938,0.010371063127164515,0.028584690341645708
1952-09-30,-3.879360316768401,-3.9921551185743134,-3.764467485983321,-0.01977065628626562,0.7766891638697584,0.010577735824685686,0.03219590859642075
1952-10-31,-3.453422340695453,-3.8135701621149125,-3.779593871895493,-0.0008153468533156349,0.5043207005823319,0.01730575059500472,0.032247552412836396
1952-11-30,-3.865775087496376,-3.7328525816534097,-3.8068147121348535,0.04544422350396138,0.07610529977049017,0.014411803360289799,0.042186894795746596
1952-12-31,-4.106525676963856,-3.8085743683852287,-3.822736018467502,0.03484939504503126,0.13554808608998895,0.007171215290812771,0.03755228694949076
1953-01-31,-3.891378282704698,-3.9545596823883105,-3.8360327212210596,-0.007176632810071304,0.6202297385221379,0.009540236477541875,0.030466912081226163
1953-02-28,-3.257728743554822,-3.7518775677411256,-3.805869524148351,-0.018363161498991865,0.7915072734649271,0.03142019702439347,0.040759250661837575
1953-03-31,-3.6420842228851384,-3.597063749714886,-3.802733334763593,-0.023833857093897848,0.7868209728249851,0.01472891580288227,0.04029987372757946
1953-04-30,-3.3384922815527442,-3.412768415997568,-3.7789559645441835,-0.026849942039261165,0.7823131015300844,0.024880855305418947,0.042886809021813556
1953-05-31,-3.756932300070134,-3.5791696015026724,-3.776018382783466,-0.0032546782534548235,0.4593162545003446,0.010858761845335518,0.024233835327310962
1953-06-30,-3.42851451683818,-3.5079796994870196,-3.7264432340403615,-0.016434286204758397,0.6675743486331913,0.01722369157039738,0.028477569050054156
1953-07-31,-3.741147805848137,-3.6421982075854835,-3.705774117021569,0.024955298629140366,0.3539689879707139,0.010560627396553723,0.027859249898396863
1953-08-31,-3.6620619278444617,-3.6105747501769265,-3.6686186252685338,-0.059514140618847744,0.9262014917681944,0.017850031144480916,0.06314391481225624
1953-09-30,-3.4163462420003547,-3.6065186585643176,-3.630034119037863,0.0012856520560875495,0.6189753771012226,0.018757379585433664,0.04055778300451914
1953-10-31,-3.7375081719032126,-3.605305447249343,-3.653707938305176,0.049707476138378226,0.10706422946428369,0.01186832032837204,0.04962454653244975
1953-11-30,-3.854204973153184,-3.669353129018917,-3.6527437621099104,0.008924980470093935,0.5807415838842368,0.011829589474264157,0.02081283967691915
1953-12-31,-3.9078042473738828,-3.8331724641434266,-3.6361836429774126,0.0020173191173964433,0.37881341232888055,0.01006652387181095,0.01776391252435823
1954-01-31,-3.8216087126644487,-3.861205977730505,-3.630369512140725,0.049921957955263,0.15434545307090292,0.009782899270903478,0.050708482589908836
1954-02-28,-4.006725114935478,-3.9120460249912696,-3.6927858764224464,0.00268044179010829,0.43053702931370713,0.009220187238311084,0.01880691713597907
1954-03-31,-3.980743274248598,-3.936359033949508,-3.721007464036068,0.029763014883003702,0.3046916419793486,0.009323207380098175,0.025946201768549945
1954-04-30,-3.593482100938112,-3.860316830040729,-3.742256615651515,0.047835194549343374,0.2379370202842688,0.015016373416424145,0.04524020907703554
1954-05-31,-3.8372125047703514,-3.8038126266523538,-3.748946632709867,0.032378817806407056,0.21396984808825031,0.008368241879059823,0.03414971060202905
1954-06-30,-3.487241066169851,-3.639311890626105,-3.7538405118208398,0.0006848818947737811,0.6906566473636141,0.022676695391642188,0.0444672315805519
1954-07-31,-3.7038098677264153,-3.676087812888872,-3.750729016977363,0.055597612922620776,0.09748109758170656,0.012925386512149473,0.05559761292262095
1954-08-31,-3.376705342962934,-3.522585425619733,-3.726949301570569,-0.03459410201029556,0.6865517183819649,0.017281934105493946,0.04522393097923206
1954-09-30,-3.628295750464823,-3.5696036537180578,-3.744611760609274,0.07986222637096452,0.1246402036389465,0.009038172634989294,0.08453932135372845
1954-10-31,-3.7863514611037576,-3.5971175181771717,-3.74868203470932,-0.019691245760697917,0.6819937171693375,0.012159192652043238,0.033522631170318215
1954-11-30,-3.3651829057681755,-3.5932767057789192,-3.7079301957605693,0.07770902371488386,0.10377784279493094,0.020240383192013933,0.08325572440955951
1954-12-31,-3.1474068560689314,-3.432980407646955,-3.644563746485156,0.04956861550547842,0.26614056352676646,0.027948124902565485,0.0568968027104435
1955-01-31,-2.9901919561243324,-3.1675939059871463,-3.57527901677348,0.017904390150636385,0.5330574477608344,0.025022093011924262,0.06086269245243917
1955-02-28,-3.635918446985634,-3.2578390863929663,-3.544378461110993,0.0035426458770464464,0.4454266068752688,0.014169187297326413,0.01929677753182849
1955-03-31,-2.9972980346218137,-3.2078028125772597,-3.4624246911420946,-0.004908558808455865,0.6126620570099301,0.02430186351338115,0.07066961173906691
1955-04-30,-3.6880734277223635,-3.4404299697766034,-3.470307301707449,0.03703125660462625,0.37447887239586697,0.01134727309398409,0.0396591649654185
1955-05-31,-3.62428629451336,-3.4365525856191788,-3.4525634508526992,-0.0013180241202745968,0.605135481427454,0.011425667656187244,0.028531455777391693
1955-06-30,-3.100364505389216,-3.47090807587498,-3.420323737454313,0.07908855119937686,0.20078423251041577,0.03382335577293283,0.07777052707910223
1955-07-31,-3.0714913110813256,-3.2653807036613003,-3.3676305244005555,0.058917136363537015,0.19275821852626734,0.03511617320202021,0.06052464464994651
1955-08-31,-3.3844538216407094,-3.1854365460370837,-3.368276230957037,-0.007843180911966119,0.652953789126543,0.017086420027007776,0.033917490292704265
1955-09-30,-2.5526726053480195,-3.002872579356685,-3.2786409688639697,0.011283893413931878,0.7957649394126618,0.0684764365115309,0.06847643651153093
1955-10-31,-2.9608432084162875,-2.9659898784683385,-3.209848614473348,-0.030929056257529286,0.719007637085107,0.02945261383946285,0.05228550684076125
1955-11-30,-3.1212004580826247,-2.8782387572823107,-3.1895167438328844,0.07219977583668546,0.10709846451119896,0.025533261615953595,0.09320081783510524
1955-12-31,-3.522306255783261,-3.2014499740940576,-3.2207583604757457,-0.0006593863301045388,0.4004487775431997,0.019606297844492193,0.02069643721572648
1956-01-31,-3.3665768477439384,-3.3366945205366085,-3.2521237681107125,-0.03718233161415396,0.672415238784506,0.0140549125502063,0.04645673298558551
1956-02-29,-3.400589594233257,-3.429824232586819,-3.232513030381348,0.03409932124178017,0.2682040578954976,0.015848209486529985,0.045252564209428185
1956-03-31,-3.433907772402262,-3.4003580714598187,-3.268897175196386,0.06696168387394197,0.24397338664456827,0.0131824648361909,0.07057260868640734
1956-04-30,-3.5532518861749174,-3.4625830842701455,-3.2576620467340978,-0.0020648050592386724,0.5006181745409165,0.014087664074800443,0.03669367975697586
1956-05-31,-3.151608229821485,-3.379589296132888,-3.218272208009775,-0.0679894235421239,0.6242272392323012,0.022644217098227504,0.09531017980432493
1956-06-30,-3.394104455193078,-3.3663215237298267,-3.242750537160097,0.03841202231052243,0.3843542897171327,0.018655260180086675,0.04314100573072221
1956-07-31,-3.803092297215606,-3.4496016607433897,-3.3037172860046202,0.050238836166837775,0.14997326013989098,0.01009259087533998,0.05291140196368515
1956-08-31,-3.197636272440295,-3.464944341616326,-3.2881491569045855,-0.038807782324612905,0.5416942438805036,0.02041521900400811,0.05592678687427627
1956-09-30,-3.181282711617323,-3.3940037604244075,-3.3405333324270283,-0.046530036955702236,0.5849174541949761,0.02400970512247058,0.05887200247423925
1956-10-31,-3.2278751247147315,-3.2022647029241162,-3.362785992118565,0.005058921075443035,0.41693510791783905,0.018178281186875367,0.05017408302253883
1956-11-30,-3.176430418267073,-3.195196084866376,-3.3673884888006023,-0.011030334200395231,0.396409211046118,0.02041327350074651,0.07004378760915611
1956-12-31,-3.4651264301928655,-3.2898106577248902,-3.3626235033347363,0.03466279093817004,0.21130299916861495,0.019767779589852985,0.02584124731792208
1957-01-31,-3.4966637549316735,-3.379406867797204,-3.3734640789337145,-0.0426806645842146,0.7753925227346792,0.01493877294425383,0.04964775951825579
1957-02-28,-3.436710294683645,-3.4661668266027283,-3.3764741373045797,-0.033192474418022755,0.6236138348389546,0.017464642416842313,0.05126969410028293
1957-03-31,-3.9510606153842724,-3.6281448883331966,-3.4195702075530803,0.019458146228479745,0.25894020669717005,0.01103467189694518,0.01114022790826828
1957-04-30,-4.102150254985758,-3.8299737216845586,-3.4653117382873173,0.03628669733657208,0.08990893764092513,0.008970715563459297,0.035606838289493375
1957-05-31,-3.8018427971380118,-3.951684555836014,-3.5194979522303615,0.03628172103327154,0.27391601696299395,0.00914998010405732,0.030178851769446405
1957-06-30,-3.884025608479705,-3.9293395535344917,-3.560324715004247,-0.0012658519364130427,0.48008945126938685,0.011149769047167801,0.030732852151536247
1957-07-31,-3.7846617017911073,-3.8235100358029412,-3.558788832052205,0.011335153322832081,0.40735756215001306,0.011623160223567464,0.035214921597421865
1957-08-31,-3.0683014398586486,-3.578996250043154,-3.5480109293370674,-0.05778475386555959,0.6737732069777059,0.020278454772212573,0.08512994195361612
1957-09-30,-3.2344812066589474,-3.3624814494362347,-3.552444137257203,-0.06391958787294083,0.8008365350113329,0.023154542929773037,0.06877283821917776
1957-10-31,-2.694690463353908,-2.9991577032905012,-3.5080120821438014,-0.03258546093489967,0.48994925826860614,0.04391622808547835,0.10140194447698934
1957-11-30,-2.858495757554793,-2.9292224758558825,-3.4815175270844443,0.015946214355249566,0.43059164952268797,0.028524182320140756,0.05620016447731206
1957-12-31,-3.3340685729073845,-2.9624182646053625,-3.470596038977321,-0.04235119456110503,0.7177623422204525,0.017601681196039998,0.05339874015335173
1958-01-31,-3.6002933628910694,-3.2642858977844154,-3.479231839640604,0.04187168226977667,0.24471073562451273,0.013300617154651473,0.037712757219441936
1958-02-28,-3.618282036724276,-3.5175479908409097,-3.49436281814399,-0.020839150067964773,0.5414182388534725,0.009940866926716474,0.04454807798520209
1958-03-31,-3.7839342557850033,-3.667503218466783,-3.480435621510718,0.0303857074114795,0.21643603128192557,0.012699314589266653,0.0346468942564441
1958-04-30,-3.608545213332162,-3.6702538352804805,-3.439301868039585,0.031332939567985996,0.2819555675816365,0.010828709614290943,0.04979197118524331
1958-05-31,-3.871829291352423,-3.7547695868231963,-3.445134075890785,0.01485235881850766,0.4998299415127337,0.011528834456679071,0.022246101000693894
1958-06-30,-3.673184084354603,-3.7178528630130625,-3.42756394888036,0.025748685518633074,0.5049842047786647,0.016231585622679123,0.02297923224059856
1958-07-31,-3.6892268212189547,-3.7447467323086605,-3.4196110421660144,0.042200288287674415,0.34281824222330576,0.012767107758064888,0.04507801168638309
1958-08-31,-3.7505482437278346,-3.7043197164337975,-3.476464942488447,0.011797090289757506,0.4878176583698907,0.009431002455587034,0.0197112403234454
1958-09-30,-3.8485081886114045,-3.7627610845193984,-3.5276338576511517,0.047243246509789394,0.13023844221710437,0.008821481241027218,0.04264647247533667
1958-10-31,-3.512253790340901,-3.7037700742267137,-3.5957641349000675,0.025053098807895413,0.3731285332672192,0.01380149613174142,0.03228625735071081
1958-11-30,-3.289483687774745,-3.5500818889090167,-3.63167979575173,0.022156723668778522,0.4861862008826583,0.01960273015478231,0.04259230336742896
1958-12-31,-3.6063991792308805,-3.4693788857821755,-3.6543740129453544,0.050711943800114234,0.14705742804374825,0.012833849529234609,0.05109312272650221
1959-01-31,-3.725263430173001,-3.540382099059542,-3.6647881852188493,0.004337647842111991,0.5888905824658747,0.012672160268000887,0.020734566363581865
1959-02-28,-3.3858874784190176,-3.572516695940967,-3.6454219720267442,-0.0007216474299669429,0.3583788925977245,0.02185880786294936,0.03556742615289024
1959-03-31,-3.812915797245967,-3.6413555686126617,-3.6478371004818246,0.0005412499854244857,0.5397309353490046,0.010822367637248753,0.021943607759812255
1959-04-30,-3.8045301303955847,-3.66777780202019,-3.6641691769037763,0.0380476140572501,0.22256781016186652,0.008495896273867487,0.0435691535030084
1959-05-31,-3.8010232919804507,-3.8061564065406674,-3.658268676956112,0.01875001430732226,0.412823270994509,0.012752370065451046,0.03115515420207635
1959-06-30,-3.505614034340264,-3.7037224855720994,-3.6443045061215837,-0.0035851354104528,0.5259252798824431,0.01461933605444532,0.039486831334023385
1959-07-31,-3.826969096080127,-3.7112021408002804,-3.655783029026681,0.03429478983055567,0.25661418206701236,0.008515037647815582,0.028614001066398633
1959-08-31,-3.3844826620026294,-3.5723552641410072,-3.6252775638829142,-0.015153064426252527,0.5766190865987902,0.021099610034942984,0.04102102505111491
1959-09-30,-3.1861581487053114,-3.465869968929356,-3.570081727224073,-0.046711744195926386,0.6411666763429316,0.017051906904967495,0.06630516599094012
1959-10-31,-3.701626858234264,-3.424089222980735,-3.5858628162151867,0.01118891709774772,0.4162493199291234,0.009950355133418576,0.02678103063598111
1959-11-30,-3.8012751565629594,-3.563020054500845,-3.6285121052808713,0.013126239010384566,0.40318887662105923,0.011143606164751851,0.0359863731901596
1959-12-31,-4.051718140558714,-3.8515400517853124,-3.665622018724857,0.027250575703646085,0.22346567583559154,0.007894577356994503,0.021774865541083564
1960-01-31,-3.4914429845156376,-3.7814787605457707,-3.646136981586744,-0.07414648391011625,0.8805846817017299,0.012344784137954257,0.08246046603793358
1960-02-29,-3.384463023444431,-3.6425413828395943,-3.646018277005529,0.009129184026513748,0.39230857116507356,0.01525123761822833,0.037476374263328976
1960-03-31,-3.489292569393888,-3.455066192451319,-3.6190496746845215,-0.013996259085498508,0.6098639927790709,0.015217688050825906,0.046409444464147846
1960-04-30,-3.501222528956785,-3.4583260405983673,-3.5937740412312884,-0.01768346560353562,0.49580360585392913,0.020379672395260506,0.04001978233828386
1960-05-31,-3.907325660677743,-3.632613586342805,-3.602632571956063,0.026498880606711683,0.21087977890857845,0.012848942269787056,0.030922811577941665
1960-06-30,-3.796763744642946,-3.7351039780924915,-3.6268950478146196,0.019335348933499752,0.2934770542603689,0.011669153870734306,0.03705754818539886
1960-07-31,-3.4818518314670417,-3.7286470789292436,-3.598135275763529,-0.025083586587863138,0.5532609500053042,0.01707887885910475,0.05756861330018327
1960-08-31,-3.6718173723119145,-3.650144316140634,-3.62207983495597,0.025786096565685312,0.4110447295220796,0.010500594918282147,0.059419878506183875
1960-09-30,-3.171136070545783,-3.4416017581082463,-3.6208279951093423,-0.0622938266574522,0.7377121096609364,0.022943100254655846,0.08419683673572553
1960-10-31,-3.347905102760816,-3.3969528485395046,-3.591351182153222,-0.00243197329295608,0.5171412125831422,0.019169924354129453,0.04970198713078674
1960-11-30,-3.506263648487061,-3.3417682739312204,-3.566766889813563,0.039480047282611785,0.21444607795879317,0.019324305802266295,0.04512864513711011
1960-12-31,-3.8670262863405855,-3.573731679196154,-3.5513759019620523,0.04523427822763537,0.0891662490009332,0.009866421929706881,0.04956488185848124
1961-01-31,-3.633137866242813,-3.668809267023487,-3.5631838087726506,0.06124189114116607,0.15049938056855933,0.013629140726207467,0.07364882328554079
1961-02-28,-3.7641434291705935,-3.7547691939179972,-3.5948238425831645,0.0265148879479451,0.34399014274406825,0.009042489449180735,0.03692824919967163
1961-03-31,-3.753249350150311,-3.7168435485212394,-3.6168202409795334,0.02521532784023961,0.23309477547155596,0.013348026929792312,0.02616151240441313
1961-04-30,-2.8377365651511184,-3.451709781490674,-3.5615297439957274,0.003835243013003975,0.5453328058285127,0.036777623628818645,0.06434438366863991
1961-05-31,-3.9071598789008113,-3.499381931400747,-3.5615159288476494,0.01895863330041969,0.35556315732724453,0.008193050181344752,0.033497417653420736
1961-06-30,-3.3933179312945074,-3.379404791782146,-3.527895444401947,-0.029270355062651632,0.6599170562334802,0.018864213082190773,0.03968594599462413
1961-07-31,-3.690617599678284,-3.663698469957868,-3.5452925917528835,0.032270726021772944,0.28019522106352157,0.011627224840682793,0.03583517337727109
1961-08-31,-3.91414568713009,-3.666027072700961,-3.5654866179877316,0.01943245218430345,0.3949652280480357,0.009095724948896766,0.022160752441464725
1961-09-30,-3.364284284630553,-3.656349190479642,-3.581582302494796,-0.019881905754869145,0.6208288276499538,0.016955875437594692,0.040085863456107665
1961-10-31,-3.696851585714979,-3.6584271858252073,-3.610661176074309,0.027929400234545376,0.32560154854244155,0.014380222517607955,0.02792940023454555
1961-11-30,-3.957218452970493,-3.672784774438675,-3.648240743114595,0.038592711259702206,0.09410310120400224,0.012209132075053475,0.04439475731218095
1961-12-31,-3.976997699638365,-3.8770225794412787,-3.6574050275560768,0.003219759938585476,0.4550895455777553,0.008831695322967015,0.02480961783980982
1962-01-31,-3.557695788709745,-3.830637313772867,-3.651118187761654,-0.038611630508627925,0.7583383858361383,0.013970230146346019,0.04647309309477648
1962-02-28,-4.123536513265976,-3.8860766672046956,-3.6810676114362693,0.01613871891802887,0.2841779906604623,0.007909661192237571,0.021143583761080734
1962-03-31,-4.089849473927859,-3.9236939253011927,-3.7091176217510644,-0.005877674815892853,0.5382146241214667,0.007980626270614799,0.02147859398784292
1962-04-30,-3.4730191608755407,-3.895468382689792,-3.7620578380614336,-0.06397321723943783,0.8735198257399285,0.016117198212715067,0.06138179198180419
1962-05-31,-2.2996401694127866,-3.287502934738729,-3.628097862270765,-0.08991392396123565,0.6725562049006456,0.06908898349248194,0.18126993465324664
1962-06-30,-2.553977704869443,-2.775545678385923,-3.5581528434020093,-0.08538145235078431,0.6294307311879659,0.0361805529245629,0.12657878600733527
1962-07-31,-3.156997345330235,-2.670205073204155,-3.513684488873005,0.06162330929111537,0.354519129654045,0.020071202746871464,0.041552106544243836
1962-08-31,-3.565373583119361,-3.092116211106346,-3.484620146872111,0.015168580585318558,0.43648091872686373,0.012844495002558354,0.04132392950378408
1962-09-30,-3.366845811187344,-3.363072246545647,-3.4848336074185102,-0.049407716992727835,0.8515872003496114,0.018544925477124607,0.05765639004645442
1962-10-31,-2.8372870640169094,-3.2565021527745377,-3.4132032306103386,0.0044330243351549115,0.4275018899568334,0.031649327791082094,0.06828218247661093
1962-11-30,-3.337086202892035,-3.1804063593654295,-3.3615255431038,0.09672457213899932,0.08367436104809606,0.013686137096066808,0.08857121716919233
1962-12-31,-3.6947416594934577,-3.289704975467467,-3.3380042064250577,0.013401607310780328,0.4153368989743999,0.012606899658812232,0.018554592991505883
1963-01-31,-3.636395084140155,-3.5560743155085497,-3.3445624810442585,0.0479596714786501,0.1857179428376192,0.01629658081933183,0.05508255444733246
1963-02-28,-3.9189034124109536,-3.7500133853481885,-3.3275097226396735,-0.029276304449718182,0.845080765015622,0.011137024682223107,0.034098491465516446
1963-03-31,-3.9671982725190738,-3.840832256356728,-3.3172887891889413,0.034849908634145166,0.1781096668407863,0.009625951489572238,0.03946072233735365
1963-04-30,-4.023042667006332,-3.969714783978786,-3.3631240813665073,0.04738003246145617,0.05664239469017699,0.007749730057107662,0.04333240455178164
1963-05-31,-4.050793188944362,-4.013678042823256,-3.5090534996608054,0.014224990313812746,0.35302044060414356,0.008175013991730928,0.0193959382930028
1963-06-30,-4.126334439460641,-4.066723431803779,-3.640083227543405,-0.020404506813162193,0.7542347600120568,0.009035518377108254,0.023325051055108344
1963-07-31,-3.771833166135241,-3.9829869315134143,-3.691319545943822,-0.003465786763943157,0.48001799964928643,0.008675567361250636,0.033597131087173084
1963-08-31,-4.015006036879201,-3.9710578808250276,-3.7287889170904758,0.047597811634137344,0.12932013610694001,0.007244449088085858,0.04846608317810264
1963-09-30,-4.007386949963972,-3.931408717659471,-3.782167345321861,-0.011095856817925132,0.6196295938015276,0.008542388175525772,0.022069945483705337
1963-10-31,-3.716535641766671,-3.9129762095366143,-3.855438060134341,0.031709543030749465,0.37296817872680665,0.010105931116810574,0.0356717083440975
1963-11-30,-2.8925792524782246,-3.5388339480696227,-3.8183958142665237,-0.010595029159514269,0.40685957720171106,0.03902173624016303,0.058856933923297
1963-12-31,-4.103355805070668,-3.5708235664385213,-3.852446993064625,0.024149480992619488,0.2599724587799921,0.00648294709254138,0.018837934648131157
1964-01-31,-4.303098870707471,-3.7663446427521214,-3.908005641945234,0.026570079467103547,0.2356186201022953,0.006114651638188917,0.022027903848851376
1964-02-29,-4.772271818604702,-4.3929088314609475,-3.9791196757947134,0.00981669103636218,0.26526068508860273,0.003627400925772406,0.014487418392963287
1964-03-31,-4.537507688326708,-4.537626125879627,-4.02664546044535,0.01505322795206876,0.30952127431191206,0.0048035091714950795,0.017922259776919816
1964-04-30,-4.137606446081534,-4.4824619843376485,-4.03619244203495,0.006059040502495172,0.46673393965723425,0.007868613186133189,0.016396952638126974
1964-05-31,-4.131480861582711,-4.268864998663651,-4.042916414754812,0.011387267534257894,0.3095734353567943,0.008895618350623025,0.012273202864499058
1964-06-30,-3.914039566067639,-4.061042291243962,-4.025225175305395,0.016290618841162896,0.4892679602353327,0.010369335644798916,0.03805115716243513
1964-07-31,-4.26264348763093,-4.10272130509376,-4.0661260354300355,0.01807531274361729,0.27384482493264695,0.007074855136968594,0.020929384428065672
1964-08-31,-3.877679415390955,-4.018120823029841,-4.054682150306015,-0.016362991068010757,0.7346141743662282,0.01260929559631574,0.02044862278922853
1964-09-30,-4.3399913067665326,-4.160104736596139,-4.0823991800395625,0.02831342005208537,0.17119790923352593,0.006585703689721889,0.025232607283319726
1964-10-31,-4.2925207743852765,-4.170063832180921,-4.130397941091113,0.008045479998931349,0.41498373717330794,0.006860706172162168,0.013702033822829342
1964-11-30,-4.226116351162055,-4.286209477437954,-4.241526032648099,-0.005198528302100769,0.6395095284796449,0.00872756436343991,0.021793488708265557
1964-12-31,-3.975957226064984,-4.164864783870772,-4.230909484397625,0.0039014275960287392,0.5502966287954763,0.010359027097003093,0.018218028037378108
1965-01-31,-4.352993054412259,-4.185022210546433,-4.23506733303969,0.032618498511435945,0.23462969011851287,0.006154554078918295,0.03877305259035403
1965-02-28,-3.9189693695184085,-4.0826398833318835,-4.163958795615833,-0.0014857680886803948,0.6190978488517204,0.010697755148780352,0.02413926022313917
1965-03-31,-4.419392425888004,-4.230451616606224,-4.154115857079274,-0.014632401331592604,0.7115535065626852,0.007397160572899075,0.015799241676074282
1965-04-30,-4.363908179843689,-4.234089991750034,-4.172974334892787,0.03366549312232259,0.034435527855953926,0.005956451145896935,0.031810251059567064
1965-05-31,-4.001862116880537,-4.26172090753741,-4.162172772834272,-0.007773400784551576,0.5915560406751093,0.007464450806184075,0.02728820605182473
1965-06-30,-3.0894416428609737,-3.8184039798617335,-4.093456279233717,-0.049853784204234586,0.6605065564699268,0.02053755027228643,0.08365611353059912
1965-07-31,-3.778830115733438,-3.62337795849165,-4.05313849824226,0.013343732678366749,0.4373621919864614,0.012692545524394028,0.023805086598246407
1965-08-31,-4.570167257642467,-3.8128130054122935,-4.110845818429886,0.022272097854298067,0.14347166211369108,0.004504765381626363,0.02073874876351241
1965-09-30,-4.058913862181256,-4.135970411852387,-4.087422698047779,0.03150490289614183,0.22600868147961287,0.0069741234596900625,0.039145740015576726
1965-10-31,-4.290413433445041,-4.306498184422922,-4.087247086302759,0.026978268715732945,0.14273653870391761,0.006087069042886029,0.028618811424470453
1965-11-30,-4.430934949112962,-4.2600874149130865,-4.1043153027986685,-0.008802942940182135,0.6704034920892146,0.006526001876346221,0.011072590925212242
1965-12-31,-4.053593766013986,-4.258314049523996,-4.110785014461086,0.00891116188876584,0.4823896154938313,0.00879226534947275,0.020107813322282078
1966-01-31,-4.39674751933677,-4.29375874482124,-4.114431219871461,0.004856703239956239,0.4735747703540605,0.0063745700807746886,0.01901950277367424
1966-02-28,-4.0047048689422855,-4.151682051431014,-4.121575844823451,-0.01803412315281694,0.6655429043672793,0.007782071134328383,0.03428287314566056
1966-03-31,-3.486491726209577,-3.9626480381628775,-4.043834119850248,-0.022056841132330973,0.7240442871447733,0.013538078569040657,0.030553068653258228
1966-04-30,-3.9788111706696654,-3.8233359219405094,-4.01174270241908,0.02030125956248252,0.2740200937166879,0.009075874961383512,0.027200577142405775
1966-05-31,-3.1207340233236875,-3.528678973400977,-3.9383153612893427,-0.05566085218338834,0.7125988337835159,0.017659783309142973,0.0833577434184124
1966-06-30,-3.7989430970940203,-3.632829430362458,-3.9974404824754295,-0.016270030923106304,0.5899438029489833,0.01093418393991108,0.027124669346397658
1966-07-31,-3.445103595728034,-3.4549269053819143,-3.9696299391416456,-0.013544218150663312,0.6027598999084228,0.01867227234263602,0.046851651806445065
1966-08-31,-2.87340968445997,-3.3724854590940083,-3.828233474709771,-0.08094024106013897,0.7136251459221817,0.02491191307164886,0.11961508632839271
1966-09-30,-3.2208564945364984,-3.179789924908168,-3.7583953607393745,-0.007028545522474339,0.48405100137523105,0.02101248124436328,0.051635099038674304
1966-10-31,-2.990773196922047,-3.0283464586395055,-3.650092007695792,0.04644876156472311,0.3200319214903667,0.02803733752708215,0.0918267377540835
1966-11-30,-3.580687839583803,-3.2641058436807833,-3.579238081901696,0.0031123586841701467,0.5302364505358084,0.014502960237749107,0.03332824588831692
1966-12-31,-3.6878903108566052,-3.4197837824541524,-3.5487627939719135,-0.0014926625249165326,0.45364489016145754,0.0121744869602054,0.035814449924314755
1967-01-31,-3.6126283954543243,-3.6270688486315783,-3.4834195336483766,0.0752721164102006,0.09065523147656826,0.012951095761079223,0.07522710371903484
1967-02-28,-3.8885950820878667,-3.7297045961329327,-3.473743718077175,0.001960876913483567,0.4910181342059981,0.010927865837708772,0.021065419706404048
1967-03-31,-3.8026886012941836,-3.767970692945459,-3.5000934576675586,0.038653226931779194,0.14625760828664927,0.010317660376705007,0.03650614856293661
1967-04-30,-3.5431979667979605,-3.7448272167266707,-3.4637923573449165,0.04137178907855521,0.379819107429173,0.012612810855274326,0.06334083157797202
1967-05-31,-3.5085888036727435,-3.6181584572549625,-3.4961135890406716,-0.053866319369559434,0.7845953757877591,0.015704460811338805,0.05991119363124195
1967-06-30,-3.4222689756180547,-3.4913519153629196,-3.464724078917674,0.0173607470416135,0.3174683875227139,0.020150721171906305,0.046293848668226535
1967-07-31,-4.039558119551691,-3.656805299614163,-3.5142619559029793,0.04434623397658388,0.12685204060387684,0.008756059304601216,0.04137179754596932
1967-08-31,-4.061154239394909,-3.8409937781882184,-3.6132406688142242,-0.011784207857890472,0.5972285220831917,0.0065222484275091475,0.0338548002267314
1967-09-30,-3.968579127123432,-4.023097162023344,-3.6755508881964687,0.03225916415749808,0.24683725577327864,0.01047239670763922,0.040890269080809255
1967-10-31,-3.7019242412995403,-3.910552535939294,-3.734813475227926,-0.03589665969975897,0.8364528473415231,0.015843787561045986,0.044134818192451956
1967-11-30,-3.545120057400808,-3.73854114194126,-3.731849493379343,0.007474641707619689,0.42063389873048224,0.015697176958651582,0.03609720704764929
1967-12-31,-4.108881215741852,-3.7853085048140667,-3.7669320687864474,0.025937309566165467,0.17993278836633123,0.0068002721246518405,0.020632257336472132
1968-01-31,-3.814670868875878,-3.822890714006179,-3.7837689415715765,-0.044838239034846517,0.8078882943738238,0.01278613188176525,0.04742636612621418
1968-02-29,-3.5203248102364384,-3.8146256316180556,-3.7530797522506245,-0.03172069121012289,0.6620252772537669,0.012680493899586587,0.03843448249141727
1968-03-31,-3.286941179622944,-3.54064561957842,-3.7101008004446876,0.009356231644142454,0.48070927128089885,0.019176355488093044,0.02821206574500173
1968-04-30,-3.177741527621812,-3.3283358391603985,-3.6796460971800085,0.07741263478613991,0.1523931290463657,0.024963047987746734,0.057668880593430415
1968-05-31,-3.9144310493828782,-3.459704585542545,-3.7134662843225197,0.012440266732253846,0.3827078419056265,0.007731494689216412,0.025185675065501276
1968-06-30,-3.58665429947056,-3.5596089588250837,-3.7271650613102287,0.00907906484807608,0.32206240576039896,0.015087177217554704,0.020672588440053968
1968-07-31,-3.5918596765899364,-3.697648341814458,-3.689856857730082,-0.01865048961605975,0.6326286261237656,0.012883735231893567,0.047399372676990896
1968-08-31,-4.030938305717691,-3.7364840939260624,-3.6873388632569806,0.011393844066958536,0.32724947095434254,0.010255448083218432,0.024230626547072122
1968-09-30,-4.113979522931644,-3.9122591684130903,-3.6994555629076653,0.037815229423793006,0.1278601509245022,0.007172786683985244,0.03317298590919009
1968-10-31,-4.111298453056542,-4.085405427235292,-3.7335700805540823,0.007181761133872477,0.47312064855693375,0.007757521558849234,0.02049624089928101
1968-11-30,-4.124260136639642,-4.116512704209277,-3.781831753823985,0.046849618669013715,0.053752443816998306,0.007298607857874728,0.050240004068486104
1968-12-31,-3.9986526233920205,-4.078070404362735,-3.772646037794832,-0.042507478986541614,0.9360087553741716,0.010683129520158374,0.04077574667918391
1969-01-31,-3.7080827019386993,-3.943665153990121,-3.7637636905500673,-0.00821775265915825,0.715853092141349,0.014724635405076292,0.034734161532993094
1969-02-28,-3.708479598427163,-3.8050716412526278,-3.7794432562326272,-0.048532989404507454,0.9282459620217406,0.011996740937616934,0.05683512330203464
1969-03-31,-3.7614462929868773,-3.7260028644509133,-3.8189853490129555,0.03386423461168864,0.32915604142803934,0.01018104813889753,0.035189858170299744
1969-04-30,-3.7528626151165754,-3.740929502176872,-3.8669121063041856,0.02124836527455809,0.41710374813157275,0.00890391263868029,0.03733612768160806
1969-05-31,-3.878265934821989,-3.7975249476418136,-3.863898346757445,-0.002220646389154979,0.5907309500505236,0.009198312484786086,0.02769732438070084
1969-06-30,-3.5893120910573915,-3.7401468803319857,-3.864119829389681,-0.05718115713986549,0.7807046852085849,0.01373656841775972,0.06740512368860732
1969-07-31,-3.028754319887965,-3.498777448589115,-3.8171943829978505,-0.06206483702136545,0.679345420339118,0.020907468245138006,0.10724739314653729
1969-08-31,-3.4993940045368785,-3.372486805160745,-3.7728990245661156,0.03929191484816563,0.3053066458325686,0.01770148068928723,0.03490145801503569
1969-09-30,-3.5028245260888564,-3.3436576168379,-3.721969441495883,-0.02534196293500024,0.5298556211986273,0.016673244987779334,0.031118109989513535
1969-10-31,-3.60013858749238,-3.5341190393727047,-3.679372786032203,0.04205834211327186,0.23669436309233513,0.012089439188990525,0.058766446302450606
1969-11-30,-3.7892138616275197,-3.6307256584029184,-3.651452263114526,-0.03467592147863208,0.7991263396422872,0.011516461737118178,0.05637503748813152
1969-12-31,-3.396460415110374,-3.5952709547434245,-3.601269579091056,-0.018830922243482817,0.5111870735467868,0.01568358359656674,0.04408129866602624
1970-01-31,-3.3939619099904212,-3.5265453955761052,-3.5750928464286993,-0.07955402842276893,0.8753707073744817,0.014066761773615433,0.09464704402975567
1970-02-28,-3.4292038315877114,-3.406542052229502,-3.551819865858745,0.05135214183421244,0.19230380096711708,0.015338077148524754,0.042802539234760316
1970-03-31,-3.476134738076622,-3.433100159884918,-3.5280439029495567,0.001451429444903063,0.3622723040791787,0.02014125229755237,0.037488860624424684
1970-04-30,-3.2117881442407485,-3.372375571301694,-3.4829543637099047,-0.09484170699050765,0.7604189856605119,0.019003545360253504,0.11519123208448566
1970-05-31,-2.409630914304251,-3.0325179322072073,-3.3605681120000934,-0.06290418576531032,0.4803548100353756,0.049003127375989664,0.16156597392791747
1970-06-30,-2.962108245849731,-2.861175768131577,-3.308301124899455,-0.051327695314324906,0.6353712340949469,0.02483611453685519,0.07673686000009666
1970-07-31,-3.084972539294996,-2.8189038998163256,-3.3129859765167073,0.07073321940590649,0.20576064286956958,0.02454531603004284,0.09169173110484985
1970-08-31,-3.1535465438541115,-3.066875776332946,-3.284165354793144,0.043498661673728733,0.288684907479742,0.021844469013067247,0.09072746735842542
1970-09-30,-3.430130868312052,-3.2228833171537197,-3.27810754997841,0.033533553473764854,0.2703685687283195,0.014226005979104173,0.040550258784619424
1970-10-31,-3.432887361167194,-3.3388549244444525,-3.2641699477846444,-0.012533772348416683,0.5655342151484907,0.015265664061438144,0.04435756399215064
1970-11-30,-3.500755629549737,-3.4545912863429944,-3.2401317617781626,0.04635616705715773,0.30328697678289984,0.014671281041132467,0.05189700370856714
1970-12-31,-3.769755143420057,-3.5677993780456627,-3.2712396558039694,0.055213404756763396,0.12667377371285654,0.011480684326610202,0.05342313382138621
1971-01-31,-3.761480408220066,-3.677330393729953,-3.3018661973231063,0.03967968024567181,0.34317548742855025,0.010911182809496545,0.050590863055168155
1971-02-28,-3.8465240685868056,-3.792586540075643,-3.3366428837396973,0.009032950989745103,0.5579550709704408,0.01059966951962732,0.030252357131047087
1971-03-31,-3.8113967650670086,-3.8064670806246266,-3.3645813859888967,0.03613503464688961,0.15685019194722646,0.011384179234267933,0.04300220694397678
1971-04-30,-4.029073763023778,-3.8956648655591977,-3.4326885208874827,0.03564461838930111,0.20911831343539714,0.007610523566686567,0.04270484470026103
1971-05-31,-3.7582373301050334,-3.8662359527319397,-3.545072388870881,-0.04244668845713839,0.8948938763454423,0.014982997209385118,0.04321750678473396
1971-06-30,-3.5380780775212446,-3.7751297235500183,-3.5930698748435064,-0.009378380969040201,0.6163879885978225,0.015340941256458684,0.037311449752666294
1971-07-31,-3.6842945426813305,-3.6602033167692025,-3.6430133751257014,-0.03212130321259199,0.7385802870733101,0.01317910146300072,0.05337313332023636
1971-08-31,-3.011828681533118,-3.4114004339118975,-3.631203553265619,0.03545920989930096,0.28080816069967,0.03157886080262795,0.07167650873386198
1971-09-30,-3.778236163622945,-3.491453129279131,-3.6602123278748597,-0.006991997462085564,0.4636825484179499,0.014001643908039263,0.037398745316458336
1971-10-31,-3.657239429737733,-3.482434758297932,-3.6789083335890713,-0.042692186900969986,0.8147240574960064,0.014015266664388015,0.06431188214582648
1971-11-30,-3.1439913952214518,-3.5264889961940433,-3.6491779807283806,-0.0025502669396209043,0.4303580620659431,0.01839600306370226,0.0513432023780595
1971-12-31,-3.386030462069627,-3.395753762342937,-3.6172009239491785,0.08266637040560543,0.10109415743830638,0.015309432466259487,0.06853170801347284
1972-01-31,-3.814563386749341,-3.4481950813468067,-3.6216245054932847,0.01795909175936572,0.36803639443584607,0.010474364259216884,0.02419595734147256
1972-02-29,-4.084526589194545,-3.761706812671171,-3.641458048877263,0.024988210300339375,0.2241595994001492,0.007703734751454583,0.024314974465502504
1972-03-31,-3.7565822762067955,-3.8852240840502272,-3.6368901748055786,0.005894176799564832,0.4718060052582547,0.009735327242341718,0.022929770031878845
1972-04-30,-3.924939335550377,-3.9220160669839057,-3.6282123058494613,0.0043747566526413095,0.49779039255698787,0.009939236242243688,0.030315132238599447
1972-05-31,-3.584573127573987,-3.755364913110386,-3.6137402889718744,0.017127496369282014,0.4957662551691733,0.013277903193523954,0.05498140210752039
1972-06-30,-3.956261293284948,-3.821924585469771,-3.6485888902855166,-0.022062088434686267,0.6695461792532493,0.008327695342006614,0.026877661540668306
1972-07-31,-3.714420620260068,-3.751751680373001,-3.651099396750411,0.002330677430572692,0.4059068232663897,0.011743955425845165,0.030069785941951976
1972-08-31,-3.7146042709218303,-3.795095394822282,-3.709664029199471,0.033873588441761804,0.3220442047663444,0.011107293518546335,0.03756949138550665
1972-09-30,-3.8248093208018554,-3.7512780706612516,-3.7135451256310468,-0.0048727157197010484,0.4247799923083401,0.014142956559690667,0.03152018093773434
1972-10-31,-3.5306134288775604,-3.6900090068670823,-3.7029929588926986,0.009273903918941784,0.45711596078300565,0.010959987064866894,0.0440648820782068
1972-11-30,-3.8149943268431397,-3.723472358840852,-3.758909869861173,0.044607582313836325,0.15901396518002,0.009721337096967098,0.040015763922701314
1972-12-31,-3.7832239017779914,-3.709610552499564,-3.7920093231702032,0.011758868241462217,0.4764595743783152,0.011566726925651416,0.034243213203719716
1973-01-31,-3.7832778396838362,-3.7938320227683224,-3.789402194248078,-0.01725952154404986,0.6504581535639786,0.012683701299237349,0.03736611292595537
1973-02-28,-3.3349393787274066,-3.633813706729745,-3.7269365933758163,-0.03821112609221888,0.6477669739914869,0.01449050993152401,0.05166290428700253
1973-03-31,-3.232199801417394,-3.4501390066095454,-3.683238053810033,-0.0014337248360680732,0.510631133578985,0.015537812755727742,0.05487934912262728
1973-04-30,-3.242949291702922,-3.270029490615908,-3.6264055501560786,-0.04165548418090559,0.6686765730117851,0.01536210121478554,0.0520035129868328
1973-05-31,-2.893544020680284,-3.1228977046002,-3.56881979124827,-0.01906441554124516,0.49646761298759656,0.02907263803868876,0.0796757011409307
1973-06-30,-3.068118063591377,-3.0682037919915275,-3.4948078554404725,-0.006596217359020606,0.499211342917051,0.01589706867180052,0.05739202717178037
1973-07-31,-3.1450716981372913,-3.035577927469651,-3.4473621119302407,0.037278403665004234,0.31962590463671997,0.021785749944075228,0.08122683859694103
1973-08-31,-3.407053295695775,-3.2067476858081476,-3.4217328639947358,-0.03737434281550733,0.6327956802666377,0.013633928500688342,0.06078262482303455
1973-09-30,-3.4928851304432924,-3.34833670809212,-3.394072514798189,0.03931294561967569,0.20127765341592285,0.020129472150946626,0.05677025555283016
1973-10-31,-3.3055709724069464,-3.4018364661820044,-3.375318976758971,-0.0012919842038945362,0.5266752526511885,0.01697644272782206,0.02941257625645558
1973-11-30,-2.709042121409993,-3.1691660747534107,-3.2831562929728757,-0.12088139366391637,0.79204693529336,0.030991269785272557,0.11803848544136422
1973-12-31,-2.617651745894783,-2.877421613237241,-3.1860252799826085,0.01643366992238171,0.4052275665351524,0.030112499406777182,0.06093087655025712
1974-01-31,-2.8384321729245308,-2.7217086800764356,-3.107288141086,-0.010096967534481749,0.553225046478548,0.028492003969060598,0.07714947281975093
1974-02-28,-3.1362901284051468,-2.8641246824081534,-3.090734036892478,-0.0036308818607837523,0.5858842659458008,0.021526718242300902,0.061389931538534497
1974-03-31,-3.1890728004517275,-3.054598367260468,-3.087140120145339,-0.02355521956356288,0.6059628641827774,0.018564193275825147,0.05948474930565623
1974-04-30,-3.1776918213340064,-3.1676849167302934,-3.081701997614596,-0.03983386016524193,0.6642090657806874,0.01733930202308187,0.05653796458012632
1974-05-31,-3.0829959376713183,-3.149920186485684,-3.0974896573638486,-0.034126841690329535,0.56202873920939,0.020928870786331544,0.06752633942828705
1974-06-30,-3.0388310269220584,-3.0998395953091276,-3.095049070974739,-0.014774031285250011,0.47794354151282237,0.020637989812541058,0.07932687163983666
1974-07-31,-2.6579501853653174,-2.9265923833195644,-3.0544556115770747,-0.0809831029413619,0.6090213778006531,0.03999554313580411,0.0812155950184079
1974-08-31,-2.671237291216777,-2.789339501168051,-2.993137611203825,-0.0946168869435633,0.5779594997787398,0.030394962189072672,0.1662624985494583
1974-09-30,-2.42408785083193,-2.5844251091380084,-2.9040711712362115,-0.12707766311853508,0.644755929829893,0.034398502972885936,0.11690827327841279
1974-10-31,-2.3104479518574745,-2.468591031302061,-2.8211442528570885,0.15104320535199633,0.19547001756767188,0.04493449180939901,0.17660517194947944
1974-11-30,-2.8191854029331322,-2.5179070685408456,-2.8303228596506838,-0.05464625239814502,0.7029304302750441,0.037403524467755744,0.10224813162827112
1974-12-31,-2.783854485191905,-2.6378292799941705,-2.844173087925444,-0.020357357524150466,0.5402370744257919,0.02694254198940893,0.05316810160334213
1975-01-31,-2.7664488012620465,-2.7898295631290284,-2.838174473620237,0.1158364527837179,0.18641946429077377,0.03222387729040044,0.09810986439888081
1975-02-28,-3.0646354388179007,-2.871646241757284,-2.832203249487966,0.05816096909294988,0.3962369742919317,0.02373228916010728,0.06255552248177786
1975-03-31,-3.0437284814222973,-2.958270907167415,-2.8200912229021804,0.02146192477051656,0.44912769411769365,0.023907470193823777,0.05484267281456021
1975-04-30,-3.0392543157132628,-3.0492060786511535,-2.8085547641004514,0.04618191247575787,0.273772967974204,0.0225853284359383,0.08295842460957195
1975-05-31,-3.1595074500009837,-3.080830082378848,-2.814930723461257,0.04315602006228758,0.3734237472871389,0.0162587356981323,0.046246509586545005
1975-06-30,-3.3057188481751023,-3.168160204629783,-2.8371713752323444,0.043368402045953935,0.2996313421729894,0.017872273188947574,0.05517673519256756
1975-07-31,-3.342526159545509,-3.2692508192405314,-2.894219373080693,-0.07005149155540646,0.7350405038567642,0.014985174866400719,0.08078381789754671
1975-08-31,-3.0278744909717563,-3.225373166230789,-2.923939139726942,-0.021295603783413775,0.5533195778682796,0.02306490117469462,0.057539525202102024
1975-09-30,-3.037293925932241,-3.1358981921498352,-2.975039645985301,-0.03525981082770535,0.5363390633974613,0.02142014049559826,0.04885398051715736
1975-10-31,-3.0745569189091233,-3.0465751119377074,-3.0387153932396056,0.05981770350508597,0.27061397362069045,0.02509405746658011,0.09549649185984382
1975-11-30,-3.5592347516904845,-3.22369519884395,-3.1003861723027177,0.024407656753384188,0.3614027866272426,0.014581056486310473,0.03754273067042841
1975-12-31,-3.3072363548984756,-3.313676008499361,-3.144001328111599,-0.01157479075567025,0.6812186982224325,0.019556417687756067,0.04338951510684359
1976-01-31,-3.1186652855291483,-3.3283787973727024,-3.1733527018005234,0.11181483945284665,0.1037514600140085,0.018313137411425373,0.10397340473027247
1976-02-29,-3.3543892033223788,-3.2600969479166673,-3.1974988488425637,-0.011467459041251793,0.579720309226982,0.015659406283166533,0.030327906270839342
1976-03-31,-3.3363329502596466,-3.269795813037058,-3.2218825545790093,0.030227485313651492,0.3521300807068407,0.015077879165627195,0.044486925120285105
1976-04-30,-3.4511785906636807,-3.3806335814152355,-3.256209577491544,-0.011056296525522313,0.48662805028920814,0.01399856708607583,0.032500088839473425
1976-05-31,-3.4843996311214718,-3.4239703906815997,-3.283283925918252,-0.014468581471184905,0.6164534236455396,0.018137015884245322,0.03715110340811968
1976-06-30,-3.47181638819192,-3.469131536659024,-3.29712538758632,0.04011100638354215,0.24181538756232215,0.015562987518705995,0.05570413024071398
1976-07-31,-3.813904664542027,-3.5900402279518064,-3.3364069296693635,-0.008087819293536747,0.5114800432045312,0.009571282561054772,0.028918107407198204
1976-08-31,-3.600951004087438,-3.6288906856071286,-3.384163305762336,-0.005136902632196794,0.5341355165320923,0.011252806271421889,0.034263616810926545
1976-09-30,-3.5156939082795264,-3.6435165256363304,-3.424029970957944,0.02238858043988312,0.3166461176826936,0.014102518340282089,0.03693457513242502
1976-10-31,-3.3339212825198032,-3.4835220649622562,-3.4456436679255,-0.02248577820467812,0.5717698069475814,0.012911086420963613,0.041254065610980155
1976-11-30,-3.396370871590844,-3.4153286874633912,-3.4320716779171967,-0.0078049474430841315,0.5997835379061986,0.015647654219092644,0.0429854648112937
1976-12-31,-3.732145368220466,-3.487479174110371,-3.4674807623606956,0.05116596655529726,0.17774297989298352,0.011569605165133723,0.050970057512056244
1977-01-31,-3.6319962303867865,-3.5868374900660327,-3.5102583410988326,-0.05185180105791698,0.8438459625037699,0.012223970457594824,0.04991695800338187
1977-02-28,-3.9995761596936257,-3.7879059194336264,-3.5640239207964366,-0.021898314738852953,0.7210610623253293,0.008599816845243247,0.030296322604032
1977-03-31,-3.65634499620075,-3.7626391287603873,-3.5906915912915287,-0.014124544150868168,0.5853870207303116,0.01160282911785604,0.037394057848350884
1977-04-30,-3.460555171599204,-3.7054921091645263,-3.5914729730361556,0.0002032334904784605,0.5495977554159133,0.013219805446160748,0.039672124211854905
1977-05-31,-3.678239121196623,-3.5983797629988588,-3.6076262638757512,-0.023849810881032774,0.7474495727910719,0.013158038344760037,0.04256828595140953
1977-06-30,-3.7425240274365015,-3.6271061067441095,-3.6301852338127993,0.04436129668608135,0.20432985297203213,0.011279099988723118,0.04497301655596702
1977-07-31,-3.710361348752812,-3.7103748324619787,-3.621556624163698,-0.016355201948541342,0.6997407707525289,0.016389661388469534,0.031435023790103496
1977-08-31,-3.7229879161295867,-3.7252910974396336,-3.6317263668338775,-0.02126653997728578,0.6345702970177513,0.011169852442698414,0.031358294209304444
1977-09-30,-3.837437784414754,-3.7569290164323843,-3.6585383565118126,-0.002483165988351743,0.6061876850528584,0.0093984273059311,0.03077167082972555
1977-10-31,-3.612916979372833,-3.724447559972391,-3.681787997916232,-0.044376450794811007,0.7384979607952173,0.012015420176779479,0.061167438795802914
1977-11-30,-3.2919069231902776,-3.580753895659288,-3.6730826688828517,0.026608456784577683,0.38937731753535987,0.018435129205109035,0.06384241521133939
1977-12-31,-3.6858640369894013,-3.5302293131841704,-3.669225891280263,0.002843119301902064,0.5553664259750613,0.015393086661624977,0.027720308987971207
1978-01-31,-3.49855407961693,-3.49210834659887,-3.658105712049441,-0.0634875328466018,0.8269585988779593,0.013550903858818408,0.0574719304812828
1978-02-28,-3.6536771596809556,-3.612698425429096,-3.629280795381719,-0.025073627033649792,0.5940533805630239,0.009652019375370635,0.04262185404716273
1978-03-31,-3.691456660007956,-3.614562633101947,-3.6322067673656524,0.02462533703698444,0.3741658842532707,0.011405901580543443,0.044121472479211374
1978-04-30,-3.18193377170764,-3.509022530465517,-3.608988317374689,0.08196375187034999,0.17555155994492763,0.021099149157150165,0.09040642044287207
1978-05-31,-3.413542535234781,-3.428977655650126,-3.5869302685445352,0.004225244945850193,0.4648690268998099,0.013256188439843442,0.03785615146994453
1978-06-30,-3.44084893314287,-3.3454417466950965,-3.5617906773534003,-0.017741805975584057,0.5518039897017343,0.018275005970998848,0.05870761391455293
1978-07-31,-3.5381193902261843,-3.4641702862012784,-3.547437180809514,0.05250685179456127,0.22825759696938178,0.013723599984448498,0.06578420349997882
1978-08-31,-3.4571115542751794,-3.478693292548078,-3.5252808173216468,0.02559340158394008,0.2753042003899573,0.02220343189330265,0.04297344451348596
1978-09-30,-3.480079036757346,-3.491769993752903,-3.4955009216835293,-0.007287599598156724,0.5619631750419161,0.012911943698687978,0.051101404142012384
1978-10-31,-3.076498928135532,-3.3378965063893524,-3.4507994174137546,-0.09604186185556784,0.8772588309507332,0.02029713207459416,0.12345663572600747
1978-11-30,-2.883057072297965,-3.1465450123969476,-3.416728596506062,0.01650285453802436,0.36074286500317493,0.03895226066945412,0.04606286662864282
1978-12-31,-3.2002541351047906,-3.053270045179429,-3.3762611046823445,0.014779407219243978,0.3934935717338059,0.020025030505045116,0.04273790554200839
1979-01-31,-3.45409630671882,-3.179135838040525,-3.3725562902741686,0.03897656874184907,0.3714032073626582,0.012290970092671216,0.051675700549904655
1979-02-28,-3.5522420167125417,-3.4021974861787174,-3.364103361693467,-0.0372093436914005,0.8095759591490574,0.015893017205839577,0.039068683301629
1979-03-31,-3.5693204815751747,-3.5252196016688457,-3.353925346824069,0.05368446881932787,0.1251633581405648,0.01415120324216712,0.055988155701776655
1979-04-30,-3.673064996809704,-3.5982091650324737,-3.394852948915908,0.001672051529121532,0.44252259562050716,0.014756785024320429,0.023894544939307937
1979-05-31,-3.491701178390575,-3.578028885591818,-3.4013661691788903,-0.02668949748291638,0.6958513251381776,0.016724698142578376,0.037528795813058756
1979-06-30,-3.7367526245338896,-3.63383959991139,-3.426024810128142,0.037927232331827376,0.19811624793490196,0.013004114792440014,0.03701932469931664
1979-07-31,-3.627725931273021,-3.6187265780658286,-3.4334920218820453,0.008707426253574013,0.42613332550346794,0.011550746465131212,0.027954891478619234
1979-08-31,-3.7981554618464135,-3.7208780058844417,-3.4619123475129814,0.05171707658115743,0.07302746771596548,0.012860367238689108,0.04950390888807114
1979-09-30,-3.3499674436926363,-3.59194961227069,-3.4510697147575886,0.0,0.5036287199522563,0.02038558045882244,0.03790044268283274
1979-10-31,-2.9720939280763603,-3.3734056112051367,-3.442369298085991,-0.07107281279130362,0.7587551964235768,0.030023963958849542,0.10678946401225699
1979-11-30,-3.2370639129736123,-3.186375094914203,-3.4718698681422944,0.0417408790431022,0.24580151785514126,0.020145428727408543,0.06718216448751979
1979-12-31,-3.8334394120055095,-3.347532417685161,-3.524635307884022,0.01662811528859187,0.34730163479425297,0.011542674173100842,0.032536797786873184
1980-01-31,-3.133652331236273,-3.401385218738465,-3.497931643260476,0.0560254654386485,0.3216449430150881,0.02040314350644845,0.09061631386673992
1980-02-29,-3.133083839146477,-3.3667251941294203,-3.4630017951299705,-0.004389437158488718,0.5357252186505301,0.016185948629583002,0.0527875387965503
1980-03-31,-2.6827225218098305,-2.983152897397527,-3.389118631816192,-0.10735682677929415,0.7274827016542976,0.030528617941400604,0.1382291345159281
1980-04-30,-2.957332986963585,-2.924379782639964,-3.329474297662348,0.040316474849434236,0.26549260745441433,0.03572684444411234,0.06300300226282206
1980-05-31,-3.248739935725577,-2.9629318148329973,-3.3092275274402656,0.04551879400299086,0.3969281322606399,0.016102547022807556,0.0677442870920661
1980-06-30,-3.2980275355357263,-3.168033486074963,-3.272667103357085,0.026611469729811432,0.3803259576239631,0.018824493197637793,0.05467188074157519
1980-07-31,-3.3041294135400454,-3.2836322949337826,-3.245700726879337,0.06301096685822749,0.17172780850559977,0.018247349366376397,0.0638694267072856
1980-08-31,-3.186504209347788,-3.2628870528078533,-3.1947297891711184,0.005818488841326186,0.46722125248403157,0.018707155675145692,0.042801142200342125
1980-09-30,-2.964659010608408,-3.151764211165414,-3.162620753080766,0.024856039779900918,0.48607222850218024,0.022490824079069327,0.055905112602942654
1980-10-31,-3.0622420347670363,-3.0711350849077443,-3.170133095304989,0.015894076999993345,0.4582990622418827,0.018387049223108853,0.057017604375
1980-11-30,-3.01753640367677,-3.014812483017405,-3.1518391361969194,0.09746880543104641,0.2028403835038018,0.0250530458401661,0.08623534293899494
1980-12-31,-2.90768114319181,-2.9958198605452058,-3.0746926137957775,-0.034461277338618146,0.6910084248999956,0.025847858120204847,0.0744949209760022
1981-01-31,-3.2132251857113707,-3.04614757752665,-3.0813236850020354,-0.04682164989893334,0.8042255790290289,0.02225562809713022,0.06405590660511154
1981-02-28,-3.238694482961728,-3.1198669372883026,-3.09012457198664,0.01318937279771859,0.5558898296386626,0.020588727886692304,0.03638176954968762
1981-03-31,-3.0942438693308625,-3.182054512667987,-3.124418017613392,0.03539858237361315,0.25523097469109846,0.024626960939784226,0.05440354270699785
1981-04-30,-3.5442657699998517,-3.2924013740974805,-3.173329082866415,-0.023735368706591764,0.6519293706843383,0.011580656689174518,0.02889719844339038
1981-05-31,-3.4922962547805483,-3.3769352980370875,-3.193625442787662,-0.0016578845226344896,0.5914227117825896,0.015566608091533318,0.030820698133173282
1981-06-30,-3.4550304442350686,-3.497197489671823,-3.206709018512607,-0.010462488220334798,0.5666392436066143,0.01361088991631565,0.023680078683419297
1981-07-31,-3.403401805692544,-3.4502428349027205,-3.214981717858649,-0.0022127086395693496,0.6118657198987226,0.015724027678968078,0.029376272289406383
1981-08-31,-3.1454168016712623,-3.3346163505329582,-3.211557767218938,-0.06411084901845943,0.8265733539302225,0.02928797090435431,0.08624422893756604
1981-09-30,-2.9450187245856316,-3.164612443983146,-3.2099210767170407,-0.05533487143732607,0.6156799638760527,0.024179909452584525,0.09080984735468822
1981-10-31,-3.0935217234559875,-3.061319083237627,-3.2125277174411195,0.047978278469211766,0.23363213139534214,0.023491446440784713,0.04370130807543356
1981-11-30,-3.252543372510462,-3.0970279401840273,-3.2321116315105933,0.03593682809725074,0.3447856887818498,0.01877415126771087,0.04956609407926821
1981-12-31,-3.4998484086341684,-3.281971168200206,-3.2814589036307904,-0.03053668688133282,0.7305193114665599,0.01735945682936002,0.037030843108771236
1982-01-31,-2.9906061717581793,-3.247665984300937,-3.262907319134691,-0.017699589328132426,0.5666865888470982,0.027104705043988098,0.06618019816478947
1982-02-28,-3.1225504206731434,-3.2043350003551634,-3.253228647277309,-0.06245874360875536,0.7762382218130366,0.02268418358745894,0.0566550926052014
1982-03-31,-3.161095240326764,-3.0914172775860287,-3.258799594860301,-0.010219145469397617,0.5274433842464874,0.019339810044015415,0.05624196279569168
1982-04-30,-3.34720429698772,-3.210283319329209,-3.2423778054426236,0.03923448337451685,0.3071936992727943,0.016212995944699493,0.04695134919265994
1982-05-31,-3.5303814588865063,-3.346226998733664,-3.2455515724514528,-0.03994929606009556,0.7155834834098812,0.011340290344421078,0.06563846026238447
1982-06-30,-3.255086219911735,-3.377557325261987,-3.2288895537578424,-0.020498226988377333,0.49416526263157395,0.016847096107051485,0.044159738394529545
1982-07-31,-3.474546549959368,-3.4200047429192035,-3.234818282446744,-0.023259048579799213,0.6221202085618589,0.01556418079438604,0.0407137109532453
1982-08-31,-2.5388082418905866,-3.0894803372538964,-3.1842675691316873,0.10973049953747349,0.1452527532247534,0.04645892143929675,0.1543180795971969
1982-09-30,-3.0791236997654723,-3.0308261638718093,-3.1954429837300076,0.007585549077033349,0.3620487532511298,0.01967384011664386,0.054552226841363745
1982-10-31,-2.549372912591593,-2.722434951415884,-3.150097249491308,0.10476245384996563,0.34799542597759897,0.0404978678592256,0.1361306297336236
1982-11-30,-2.6107486255025356,-2.7464150792865336,-3.0966143539073148,0.035338829177257836,0.31923642811774233,0.03838386455812337,0.07316189171222741
1982-12-31,-2.999854393120734,-2.7199919770716208,-3.054948185947861,0.015116529739096052,0.41468739177042846,0.021964811994529043,0.05383365892725312
1983-01-31,-2.85995474044042,-2.82351925302123,-3.0440605666713814,0.032597161982335976,0.4450195272819471,0.02734300977354831,0.05922046209973304
1983-02-28,-3.1311539784869082,-2.996987704016021,-3.0447775298225284,0.01881698894626105,0.43647567026254885,0.01896215810804236,0.046335575672790764
1983-03-31,-3.230352977424663,-3.0738205654506636,-3.05054900791402,0.03255891267040134,0.32153973582558826,0.018867270721722562,0.026909240246350122
1983-04-30,-3.28138871636717,-3.214298557426247,-3.0450643761956404,0.07230840998700305,0.1784549424749523,0.018714288574183335,0.08494024523678496
1983-05-31,-3.410737184642781,-3.3074929594782048,-3.035094020008664,-0.012484057464610565,0.5790524041772077,0.014209782264525295,0.02571745063434091
1983-06-30,-3.3000420919029367,-3.330722664304296,-3.038840342674597,0.031817973697581436,0.47827133042442616,0.016640199861277516,0.05796720995764433
1983-07-31,-3.035008850981319,-3.2485960425090123,-3.002212201093094,-0.030771670044400068,0.566000084599677,0.026759167217268676,0.047864077794909504
1983-08-31,-3.2959965750301037,-3.2103491726381197,-3.06531122885472,0.011255296124446978,0.5363375533342065,0.015954550265081302,0.03766587494502486
1983-09-30,-3.4303329656409813,-3.253779463884135,-3.0945786676776788,0.010106984825791976,0.3349704749637933,0.017363525512300804,0.03494230173586497
1983-10-31,-3.3983116876255037,-3.3748804094321962,-3.1653235655971717,-0.015290657677991426,0.5869279173970672,0.015492239797770146,0.055248851333686434
1983-11-30,-3.5460570957041355,-3.45823391632354,-3.2432659381139715,0.01727571906345471,0.3745125029581454,0.013569770393019098,0.03731442206790033
1983-12-31,-3.7704984171188323,-3.5716224001494905,-3.3074862734471466,-0.008873394655310562,0.5580745558998966,0.01027731831696066,0.029439893591863088
1984-01-31,-3.5720475974138317,-3.629534370078933,-3.3668273448615973,-0.00925869457776507,0.37013315636060024,0.01656531174397191,0.03860183485313279
1984-02-29,-3.100445149610325,-3.4809970547143294,-3.364268275788549,-0.03963452007193968,0.6380414028312776,0.02065500849828883,0.05712245321225524
1984-03-31,-3.3033671447978104,-3.3252866306073225,-3.370352789736311,0.01340770896321164,0.4329145549094225,0.016268734918497785,0.03520077389209126
1984-04-30,-3.437372487887043,-3.280394927431726,-3.383351437362967,0.0054506941178766866,0.45333407064537606,0.017459566492955325,0.03362196173405102
1984-05-31,-3.485258740772578,-3.4086661244858107,-3.38956156704045,-0.061191010284930236,0.8175989895404023,0.013050020385227512,0.07441210671104045
1984-06-30,-3.198820068363384,-3.373817099007668,-3.3811263984121536,0.017318377468519053,0.3525001330141596,0.017954977609123013,0.04037365852536669
1984-07-31,-3.5241184848255447,-3.4027324313205027,-3.4218855345658397,-0.016587985962328133,0.625219701550366,0.015357044958860477,0.039007263784296364
1984-08-31,-2.894189431274471,-3.2057093281544664,-3.3884016059195368,0.10105009590779446,0.08034470042818123,0.027222761489834824,0.08547961329665543
1984-09-30,-3.48567349069118,-3.3013271355970653,-3.3930133163403866,-0.003485709247176061,0.4379325323946683,0.019602634866545898,0.027678654359260427
1984-10-31,-3.3317246257656885,-3.2371958492437796,-3.387464394518735,-6.026530331659785e-05,0.27750365787024583,0.02383935824032246,0.039001867435769964
1984-11-30,-3.443092712376725,-3.4201636096111976,-3.378884029241451,-0.015227609561499378,0.4964557789942692,0.014543319513434128,0.043905146394996514
1984-12-31,-3.3754045061623454,-3.38340728143492,-3.3459595366617436,0.02212776083389567,0.1958772795345177,0.02713297995012276,0.03819573835202343
1985-01-31,-3.215211500599277,-3.344569573046116,-3.3162231952605317,0.07146926762899763,0.12762085716136337,0.0225661768394545,0.09298594950722215
1985-02-28,-3.604282876070616,-3.3982996276107458,-3.3582096724655552,0.008591764852689643,0.30454555934636907,0.015333808818233763,0.02608027301063468
1985-03-31,-3.565125128784332,-3.461539835151408,-3.3800228377977652,-0.0028741398236222793,0.42060853484200444,0.014926422779297788,0.03725134428840636
1985-04-30,-3.8413496358333523,-3.6702525468961,-3.4136876001266248,-0.004604861633175084,0.6006715161117079,0.008544401936874557,0.029881014836983924
1985-05-31,-3.548211805490524,-3.6515621900360693,-3.41893368885312,0.05264088770311037,0.1792531530363806,0.012889313506478928,0.06168929024803319
1985-06-30,-3.6049430389933645,-3.664834826772413,-3.452777269738952,0.01206099044460096,0.40282619495262695,0.01530563391452855,0.03457581881777147
1985-07-31,-3.617293933863267,-3.590149592782385,-3.4605418904920953,-0.004859365959954509,0.607341242129234,0.014659884496092346,0.03141069544786883
1985-08-31,-3.683112610633328,-3.6351165278299864,-3.526285488772,-0.012067032303709091,0.6275514755789914,0.014212377798665798,0.03178393137227355
1985-09-30,-3.5247593390500946,-3.608388627848896,-3.529542642801909,-0.035341289249010366,0.6577481514540856,0.012283489849682638,0.04115403468757958
1985-10-31,-3.504122341000197,-3.5706647635612065,-3.543909119071452,0.04163013229313428,0.19708807159259029,0.016288010470767667,0.04410034460595926
1985-11-30,-3.4895543963680207,-3.5061453588061036,-3.5477809260707267,0.06303262528181097,0.09390825785996147,0.01821020939195872,0.05735589204914133
1985-12-31,-3.3538809535756813,-3.4491858969813,-3.5459872966885047,0.04407534364199073,0.267908243783354,0.01663863780533248,0.05606587090714475
1986-01-31,-3.123630336586444,-3.3223552288433815,-3.538355533020768,0.002363732027071741,0.599705063486342,0.027647168465393612,0.04942412224397623
1986-02-28,-3.4145801017802917,-3.297363797314139,-3.522546968496575,0.06904953015090953,0.17366174009592153,0.012166326742380384,0.0642917920587083
1986-03-31,-3.300022587064857,-3.2794110084771977,-3.5004550900199516,0.051447504394149135,0.2367118034615175,0.022302190260050203,0.06317528425531922
1986-04-30,-3.003351469981983,-3.239318052942377,-3.430621909532338,-0.014249175102296618,0.558086474655749,0.02116274713880184,0.06809144729945109
1986-05-31,-3.301019930280252,-3.201464662442364,-3.410022586598148,0.04900850866828588,0.21940755407230578,0.019640214320578053,0.06334022433429294
1986-06-30,-3.2183197416760208,-3.174230380646085,-3.37780397848837,0.014010908726095117,0.5251175092470778,0.023516893732894673,0.04592787312948202
1986-07-31,-3.003480171316134,-3.174273281090802,-3.326652831609442,-0.06047514138231591,0.8589437560016113,0.031222245260496884,0.07833591935572992
1986-08-31,-3.34446732672936,-3.1887557465738383,-3.2984323912841114,0.06877261195208018,0.10825306190981959,0.02009454946622835,0.07537209140053894
1986-09-30,-2.71975498588586,-3.022567494643784,-3.231348695187092,-0.08931067669247028,0.8869657157429429,0.049280064974596804,0.09897681489393159
1986-10-31,-3.462175032081365,-3.1754657815655283,-3.227853086110523,0.05328417225634041,0.1995001015248006,0.014467670989400716,0.043475960126934984
1986-11-30,-3.1763419085852647,-3.119423975517497,-3.20175204546196,0.02124980820374578,0.560357204816096,0.026793860444893625,0.05120461058475772
1986-12-31,-3.3393123194007273,-3.3259430866891186,-3.2005379926140467,-0.02869609410143603,0.48875491116615505,0.01968057524564948,0.04769431570715661
1987-01-31,-3.0073927920680936,-3.174349006684695,-3.190851530570851,0.1237800342724027,0.09854979371633586,0.023023660586418693,0.11106544336366939
1987-02-28,-3.285705088785084,-3.2108034000846346,-3.180111946154583,0.03625827303147311,0.2642384765849153,0.020489324155174238,0.037461571222377206
1987-03-31,-3.113146592897455,-3.135414824583544,-3.1645389466406333,0.026047660106314652,0.4950954603184931,0.023680031092392362,0.06378740425385665
1987-04-30,-2.7356327345298186,-3.0448281387374525,-3.142229052019619,-0.011516269984325866,0.5681551312752261,0.024105079493375037,0.07847637391396811
1987-05-31,-2.9971641098083577,-2.948647812411877,-3.1169077336469617,0.006016063429464147,0.509978971251454,0.024830416964456425,0.06019111948867185
1987-06-30,-3.4228108458508775,-3.051869230063018,-3.133948658994866,0.04680198923951284,0.27500997472452116,0.01721902501985184,0.07088620914024538
1987-07-31,-3.55642852493093,-3.325467826863388,-3.1800276884627663,0.047097013748356176,0.2743433358219957,0.010573707314661895,0.050589940996656584
1987-08-31,-3.168940038936319,-3.3827264699060424,-3.1654004144800125,0.03436165795748369,0.3527775787756479,0.01611934159627637,0.06293034046724867
1987-09-30,-2.990965065834947,-3.2387778765673985,-3.18800125447577,-0.02446295901611606,0.49476973112473815,0.02844452874823311,0.04057718320068936
1987-10-31,-1.254318803201945,-2.4714079693244035,-3.004013235402485,-0.24542803399765045,0.8214334889816686,0.22899728603345348,0.3778684183093208
1987-11-30,-2.48932662752404,-2.2448701655203105,-2.946761961980716,-0.0892125600204281,0.709397374860762,0.04267175216808372,0.10481758475386842
1987-12-31,-2.4920558916785622,-2.0785671074681824,-2.8761572596705363,0.07032935816060792,0.43576146564905527,0.035934578279913865,0.12273287734277069
1988-01-31,-2.332326725557834,-2.4379030815868123,-2.8199017541280145,0.03963627160180749,0.6298443926641161,0.0700824431746856,0.07325092931663184
1988-02-29,-3.1205462253912497,-2.6483096142092157,-2.8061385155118614,0.040966690574679276,0.24877383872122316,0.020216483503865845,0.07246069364455686
1988-03-31,-3.1944159974378588,-2.882429649462314,-2.8129109658902283,-0.033911822773448286,0.784127345732361,0.020892795641777262,0.049738197597499874
1988-04-30,-2.8237741714562765,-3.0462454647617947,-2.8202560856340995,0.009380607475103275,0.6308325328166516,0.044537075848294805,0.05872777493177169
1988-05-31,-2.9906446316380046,-3.002944933510713,-2.8197127957865704,0.0031710932429280803,0.38912878605404055,0.03390683421415819,0.047378606047705454
1988-06-30,-3.0275135896044985,-2.94731079756626,-2.786771357766039,0.042346603502490865,0.33558567365230757,0.02366458064442334,0.03879705517199444
1988-07-31,-3.1323163986969105,-3.0501582066464707,-2.7514286805798704,-0.005426069245372034,0.45487889327822917,0.022304099990394732,0.04946113197652894
1988-08-31,-3.2862724368276797,-3.148700808376363,-2.7612063804041505,-0.039364832210223355,0.6949899862096325,0.017373954595437446,0.060400269066938066
1988-09-30,-3.3718149075607675,-3.263467914361786,-2.7929438672146354,0.03896042225106555,0.21336030425675984,0.023450397253885313,0.0536535430111213
1988-10-31,-3.213152467653209,-3.2904132706805522,-2.9561800059189074,0.02563311087646003,0.3365555424054862,0.02111359522998324,0.04706074598422916
1988-11-30,-3.2993673164313946,-3.294778230548457,-3.0236833966611876,-0.019071592887292432,0.7450040719742843,0.02130760934143172,0.05666133442672017
1988-12-31,-3.6900018580380762,-3.4008405473742265,-3.123512227191147,0.014580755633844866,0.2703538961641415,0.011413209352672204,0.027541141160923606
1989-01-31,-3.4760591319136616,-3.4884761021277106,-3.218823261054132,0.0686999673879205,0.1478592883782804,0.01485406115834742,0.07741565703725205
1989-02-28,-3.368325117724938,-3.5114620358922246,-3.23947150208194,-0.02937129270662009,0.7482779829800056,0.017277968019156376,0.04261330455602188
1989-03-31,-3.3249536179540455,-3.3897792891975485,-3.2503496371249554,0.02059247372562467,0.545785947227594,0.022800034967657368,0.04204870517996755
1989-04-30,-3.4813398198700054,-3.3915395185163297,-3.3051467744927656,0.04887581495703053,0.16667419579517967,0.016595641946241635,0.04745242639785479
1989-05-31,-3.4239243142519595,-3.4100725840253365,-3.3412534147105952,0.03453426298881901,0.23650527267709973,0.022198382590283394,0.053554924461904595
1989-06-30,-3.2742999010767377,-3.3931880117329007,-3.3618189406666157,-0.007956120362355712,0.5498535551051854,0.018993909331568304,0.032365658002991154
1989-07-31,-3.4489786652171235,-3.3824009601819403,-3.388207462876633,0.08468140113430067,0.09820268503510599,0.013132061267363326,0.08075804286840216
1989-08-31,-3.2952892791360715,-3.339522615143311,-3.3889588664023322,0.015397564950013098,0.386645720223201,0.019592068446208977,0.03297250813504721
1989-09-30,-3.7518095081357625,-3.498692484162986,-3.420625083116916,-0.006565876544277316,0.5817462803600557,0.01009090280439029,0.030337119938714983
1989-10-31,-2.5717827530599644,-3.206293846777266,-3.367177606900812,-0.025497773867687812,0.7520997990063769,0.06312329817609097,0.07545576653271648
1989-11-30,-3.5373503512440205,-3.286980870813249,-3.38700952646853,0.016406006737505585,0.49734908065154754,0.014950399799303682,0.039439256269303495
1989-12-31,-3.4887254874542823,-3.1992861972527558,-3.3702364955865476,0.021190697933962,0.46875168903805864,0.018593020945812277,0.031445705005520075
1990-01-31,-2.9182628665232238,-3.3147795684071752,-3.323753473470678,-0.0712997011178853,0.7109670413612337,0.026198947489202595,0.10765212034099517
1990-02-28,-3.4499878506014094,-3.285658734859638,-3.330558701210384,0.008502791354483286,0.4677252571712026,0.014318208763167917,0.03259581064408076
1990-03-31,-3.439764972289084,-3.269338563137906,-3.3401263140716373,0.02396550577972789,0.36150141388532975,0.012476534311659293,0.03191306565746733
1990-04-30,-3.4693636822701697,-3.4530388350535546,-3.3391283026049847,-0.027255212383089145,0.6512532264067972,0.014479844532569786,0.046398484519388744
1990-05-31,-3.3068475477803045,-3.405325400779853,-3.3293719053990127,0.08800097873791124,0.09227629385967942,0.02351288968226939,0.0836272073925469
1990-06-30,-3.301701092433889,-3.359304107494788,-3.3316553380121086,-0.008926084910209298,0.5919343847154979,0.01675527522886977,0.04264954748510385
1990-07-31,-3.321308385336177,-3.309952341850123,-3.32101614802203,-0.005236846788815086,0.6116017160995315,0.01757560150485382,0.042947420010881636
1990-08-31,-2.5674562615211776,-3.0634885797637477,-3.2603633965541223,-0.09906281541277195,0.7190029289466029,0.03137943687156852,0.1465383152692831
1990-09-30,-3.107379519372677,-2.998714722076677,-3.2066608974905315,-0.05254071046276909,0.7183885835141807,0.021854747659359575,0.07493594471890266
1990-10-31,-2.704088236951863,-2.792974672615239,-3.2176863544815233,-0.0067207460051141865,0.477642782923252,0.02863370483289973,0.06470562128740795
1990-11-30,-3.0112636134941124,-2.940910456606217,-3.1738457930023642,0.0582068444450341,0.31286015288561714,0.019731887065780995,0.05161673278152016
1990-12-31,-3.5712685988702355,-3.0955401497720705,-3.1807243856203606,0.024524556849066848,0.3060879712035039,0.012285425669562144,0.02332954423261665
1991-01-31,-2.8810009379484347,-3.154511050104261,-3.177619224905794,0.04067902429874781,0.29297150132698296,0.03664205842453594,0.09907092336692591
1991-02-28,-3.0154320824160847,-3.1559005397449185,-3.1414062442236843,0.06511445851577591,0.23021085977876207,0.025360887073571092,0.07397686257556504
1991-03-31,-3.2989852257688232,-3.065139415377781,-3.1296745986803294,0.021959938353917963,0.27605823726954076,0.01981169220502199,0.027285467261695576
1991-04-30,-3.091341488223932,-3.13525293213628,-3.0981727491764754,0.00031974823758318394,0.4561758482317112,0.02184426852911514,0.050289623066120365
1991-05-31,-3.2225628087594957,-3.204296507584084,-3.091149020924742,0.03787844010543928,0.4506673932316948,0.019790128903149906,0.05608003945595317
1991-06-30,-3.3677127932688022,-3.2272056967507434,-3.096649995994318,-0.04907746586014916,0.7457776138108572,0.01819227011003388,0.04590175591614609
1991-07-31,-3.407512999188614,-3.332596200405637,-3.1038337138153547,0.04388227631696129,0.23807030445080019,0.018049322187985162,0.03805281162632449
1991-08-31,-3.1015905532614645,-3.292272115239627,-3.1483449047937113,0.019458239201722627,0.37314131234053644,0.02898829980955675,0.052190739185372426
1991-09-30,-3.82403808232002,-3.444380544923366,-3.2080664517059905,-0.01932934986955992,0.7218783995257065,0.010373535369410547,0.022070139793578424
1991-10-31,-3.3966420842712863,-3.4407569066175903,-3.265779272315942,0.011764759676739622,0.38995289392584154,0.013751901562607749,0.04199329346807803
1991-11-30,-3.082441934171042,-3.4343740335874493,-3.27171079903902,-0.04489664780873692,0.8570387009583519,0.037271710917136325,0.057455978710455484
1991-12-31,-3.103797895679747,-3.1942939713740253,-3.2327549071064787,0.10578949320065512,0.04437411696097648,0.02495472688427025,0.10002284275622697
1992-01-31,-3.5233709480264856,-3.2365369259590917,-3.28628574127965,-0.020124906041997903,0.5055667315368166,0.014614903782615762,0.028909228968906776
1992-02-29,-3.500295780365951,-3.3758215413573947,-3.3266910494421382,0.00954385530957591,0.3861886641189347,0.013720133742783247,0.023651512748048217
1992-03-31,-3.829489766065895,-3.61771883148611,-3.3708997611335616,-0.02207370360663763,0.7301042849395123,0.010747454638839748,0.02414778370061203
1992-04-30,-3.2007046132022516,-3.510163386544699,-3.3800133548817546,0.02751079773217402,0.45929937935114584,0.018740046553786804,0.05373896755132101
1992-05-31,-3.6407202208012786,-3.556971533356475,-3.414859805885236,0.0009634925174193398,0.4182610278339703,0.011026584526566019,0.02027633257186924
1992-06-30,-3.5943505831298754,-3.4785918057111354,-3.43374628837366,-0.017511264288296857,0.6231927680000606,0.014952528651845931,0.03994370794854972
1992-07-31,-3.5107674589891618,-3.5819460876401052,-3.442350826690371,0.03861830680387701,0.2561340837059691,0.014426179519290372,0.0361223089564155
1992-08-31,-3.9494751067100475,-3.684864382943028,-3.513007872811087,-0.024290163475820137,0.7981676981904432,0.010005303727942838,0.03438918250147962
1992-09-30,-3.5215716155161276,-3.6606047270717785,-3.4878023339107624,0.009064387885348246,0.525035704730083,0.013470056553379628,0.026013193469021527
1992-10-31,-3.4817463140814757,-3.6509310121025504,-3.494894353061612,0.0021040675880250603,0.5356459610121487,0.014079305712171752,0.04420765951151803
1992-11-30,-3.7944691765073975,-3.5992623687016665,-3.554229956589641,0.02981295217929958,0.26876152597405645,0.009674100285603338,0.0335698988098368
1992-12-31,-3.833205205825153,-3.703140232138009,-3.615013899101758,0.01005702514832052,0.22728409179372402,0.013345560073579676,0.026150195755660053
1993-01-31,-3.98099816461846,-3.8695575156503366,-3.6531495004844228,0.00702128090816867,0.4253318034591831,0.008903004603387998,0.025224042319043835
1993-02-28,-3.3808696170580634,-3.731690995833892,-3.6431973202087655,0.01042905544963535,0.5970305193152635,0.02429283829607698,0.040075255384533416
1993-03-31,-3.455977414948328,-3.6059483988749506,-3.6120712909489683,0.018524653242830702,0.2636210598231145,0.019094308774065816,0.03188367421643698
1993-04-30,-3.4488521300889254,-3.4285663873651058,-3.6327502506895244,-0.0257453969876007,0.6486022988366591,0.01998512863383528,0.037929916322434025
1993-05-31,-3.5564559214720775,-3.4870951555031104,-3.6257282257454246,0.022463263865184047,0.3844615320612399,0.01633121448849728,0.0318397430003038
1993-06-30,-3.731532710273543,-3.5789469206115156,-3.637160069674063,0.0007549434975970826,0.4974749798391076,0.010894317389084307,0.023768182910607664
1993-07-31,-3.702301412428794,-3.663430014724805,-3.6531212324606996,-0.00534128500779385,0.4878481783918363,0.013034898162465502,0.019761311751034814
1993-08-31,-4.0903980681663965,-3.841410730289578,-3.6648648125820618,0.03385244141081678,0.11461423875794272,0.009923530675475689,0.03385244141081636
1993-09-30,-3.8314281738070286,-3.874709218134073,-3.690686192439637,-0.010038144175098296,0.4751082611112308,0.009181764674952575,0.02226919145640685
1993-10-31,-4.036115437812744,-3.9859805599287235,-3.736883619417242,0.01920727633729946,0.20268299524897576,0.011504772861186119,0.022226024549081427
1993-11-30,-3.7269719984233105,-3.864838536681028,-3.7312588545769017,-0.012994692567740884,0.6756700672513558,0.01201522076292516,0.02506097313843504
1993-12-31,-4.109871356852518,-3.9576529310295245,-3.754314367162516,0.0100405987830392,0.3841053723164789,0.006738347777232256,0.01951219972760218
1994-01-31,-3.886410063174408,-3.907751139483412,-3.746432025375512,0.03198376790603685,0.17756201611391814,0.01136314736144417,0.03415142749081746
1994-02-28,-3.4338964694717924,-3.8100592964995728,-3.750850929743322,-0.030505597516047978,0.8358661146608475,0.02293580744837609,0.03749935289648093
1994-03-31,-3.5056340714050163,-3.6086468680170722,-3.7549889844480457,-0.04682593067640006,0.8739352345261789,0.01648290193473656,0.05567602259436687
1994-04-30,-3.298720493185202,-3.412750344687337,-3.7424780147060694,0.011464671878566257,0.3410509414336,0.021123168767291034,0.030934530291744023
1994-05-31,-3.5971825123773824,-3.4671790256558666,-3.745871897281511,0.012320928865824143,0.47614022621902763,0.01235776373014641,0.03524985398909541
1994-06-30,-3.564491752113407,-3.486798252558664,-3.731951817434833,-0.027156239046446373,0.7120532123571216,0.015306859925012795,0.043247252533646675
1994-07-31,-4.014716961635375,-3.7254637420420544,-3.757986446535382,0.031004268952846914,0.16004198322491425,0.010375406439758095,0.026826329627902247
1994-08-31,-3.7478135823662275,-3.7756740987050033,-3.729437739385368,0.03690910079063592,0.17609894956293545,0.012146073167438765,0.04068461759198383
1994-09-30,-3.561281427894721,-3.7746039906321074,-3.706925510559342,-0.027245341243997245,0.6871325266091265,0.016035326775049263,0.03240584892924312
1994-10-31,-3.3824061762059623,-3.563833728822303,-3.652449738758777,0.02061975964867635,0.36888583852964085,0.016858241676905195,0.04624365805436068
1994-11-30,-3.5387242001726205,-3.494137268091101,-3.6367624222378865,-0.040306098324759176,0.8140936946235986,0.018076410248980324,0.04027335919605267
1994-12-31,-3.6281955419522585,-3.516441972776947,-3.596622770996198,0.012224097678835477,0.4698269377197452,0.012892177112272307,0.037496658052856374
1995-01-31,-4.075796325414675,-3.7475720225131846,-3.6124049595162195,0.023987692740721656,0.2558646901641833,0.009335858707109956,0.024336140372844865
1995-02-28,-3.8383498640395297,-3.8474472438021543,-3.646109409063531,0.03543871277481525,0.27672325042876134,0.012318295291448678,0.03695737666845062
1995-03-31,-3.8200410057516994,-3.911395731735301,-3.672309986925755,0.026962420103642692,0.1874019593467531,0.01317960045489297,0.044184787981651236
1995-04-30,-4.135468998699013,-3.9312866228300805,-3.742039029051906,0.027576603842838665,0.20035693074875216,0.008615895381055338,0.02530239553099285
1995-05-31,-3.4511542091940095,-3.80222140454824,-3.729870003786625,0.03566797956572465,0.2984718915746994,0.018581788668994292,0.03654266439004772
1995-06-30,-3.6366039900584353,-3.741075732650485,-3.7358793569487108,0.02105531630617108,0.31892600084242345,0.012949410547118845,0.04287921060706152
1995-07-31,-3.5834159640637457,-3.55705805443873,-3.6999376071510746,0.031281627592512073,0.3643137769692744,0.013484559472374258,0.03260161225933309
1995-08-31,-4.243028769191793,-3.8210162411046578,-3.7412055393865384,-0.00032028876439849086,0.4319971995689519,0.008306106836594829,0.01212204673522967
1995-09-30,-3.9384903588812277,-3.9216450307122552,-3.7726396169687475,0.03931443269158841,0.14390943693685626,0.009408558311804427,0.03986238256622592
1995-10-31,-3.812502357744862,-3.998007161939294,-3.808480965430322,-0.004991773385712328,0.5828625965824316,0.009920802372805682,0.023866837431566798
1995-11-30,-3.7589245658214345,-3.836639094149174,-3.826830995901057,0.04022886132135195,0.1946578192366354,0.00937022423059286,0.039305051374832575
1995-12-31,-3.5512702985799653,-3.7075657407154203,-3.8204205589533657,0.017293475541395154,0.539190531208778,0.0155830796808889,0.025660604848910973
1996-01-31,-3.2907321732574406,-3.53364234588628,-3.754998546273596,0.03209673127365065,0.45472668034690045,0.018163856202040307,0.06083696516572616
1996-02-29,-3.3365621796547194,-3.392854883830708,-3.7131829059081958,0.006909774215232645,0.42028055184089425,0.016466078841211207,0.03948741176368946
1996-03-31,-3.1699778731710726,-3.2657574086944106,-3.659010978193143,0.007885395976347631,0.6311512254872036,0.03131207759703347,0.03458058247607681
1996-04-30,-3.460762689115692,-3.3224342473138275,-3.602785452394533,0.013342020105707064,0.5690355825328047,0.01787601687017215,0.038386781078761444
1996-05-31,-3.3949921902380216,-3.3419109175082617,-3.5981052841482004,0.02259617855049978,0.4259344623167886,0.01725829764953879,0.061153492811584526
1996-06-30,-3.9195683733372064,-3.5917744175636397,-3.621685649421432,0.0022541674267921863,0.39702321034844934,0.00870472540517575,0.02459088425812592
1996-07-31,-3.0194445059734365,-3.444668356516221,-3.574688027913906,-0.04682750899291932,0.7534435904382174,0.02569129267916903,0.0756273426996498
1996-08-31,-3.400510353778427,-3.446507744363023,-3.504478159962792,0.01863914203076167,0.30816325509047243,0.01900228697180406,0.03128895045477988
1996-09-30,-3.6458299608030744,-3.3552616068516454,-3.4800897934562793,0.052785341693075694,0.14477040396453908,0.013893873075425667,0.056704094250778644
1996-10-31,-3.7069127983840193,-3.58441770432184,-3.4712906635095426,0.02576618481072046,0.2746478751971443,0.012451377810851483,0.03106184411949795
1996-11-30,-3.6345152552664164,-3.6624193381511696,-3.460923220963291,0.07080896305654694,0.030727386759419193,0.014526972649003156,0.07295129548548962
1996-12-31,-3.185392056707809,-3.5089400367860812,-3.430433367473944,-0.02174002562018984,0.5603554962683286,0.019251974630350333,0.048474404526388404
1997-01-31,-3.3034473549699834,-3.37445155564807,-3.43149296594999,0.05951062654617001,0.2432394961549013,0.014993803013969575,0.06464787177891643
1997-02-28,-3.2609902464444964,-3.249943219374096,-3.425195304849138,0.005910091189056388,0.4584261521176661,0.016554413935318202,0.0476832628201482
1997-03-31,-3.1014183806481883,-3.221951994020889,-3.4194820138055646,-0.043548636182142886,0.7454029499242415,0.021895074219032473,0.07200857321145535
1997-04-30,-2.905513083076496,-3.08930723672306,-3.373211213302298,0.05676360503236122,0.374415577467596,0.02766237883992506,0.08281586947247942
1997-05-31,-3.1089173582377634,-3.0386162739874822,-3.349371643968943,0.05692544457452353,0.26551791476528214,0.021080838430922455,0.06212256657643923
1997-06-30,-3.1156795683608274,-3.0433700032250286,-3.2823809102209114,0.042535036628904344,0.357533174849477,0.022596799034720227,0.06741647003885126
1997-07-31,-3.108404730970606,-3.111000552523065,-3.289794262304009,0.0752427225584924,0.26719062804481225,0.022784840116899296,0.06861043387761576
1997-08-31,-2.997998940254233,-3.0740277465285555,-3.2562516445103262,-0.059182895294065396,0.7207728549364628,0.02625072320878008,0.06546090147786274
1997-09-30,-2.980523345001318,-3.028975672075385,-3.2008094265268467,0.05178908254907544,0.19165781852522967,0.030773394154381073,0.04587475309978153
1997-10-31,-2.3238652771202073,-2.7674625207919195,-3.0855554664215283,-0.035086077820773554,0.6468955929897665,0.07112747282045273,0.11423560434645938
1997-11-30,-2.9677794244666162,-2.757389348862714,-3.029994147188212,0.04362145338032786,0.3581413508045983,0.026296145994861853,0.06115171404841185
1997-12-31,-3.051497268322784,-2.781047323303202,-3.0188362481561266,0.015609138181524429,0.3735558115244147,0.02007143926092958,0.05332881848660065
1998-01-31,-2.9988098774931737,-3.006028856760858,-2.993449791699726,0.010099010336864112,0.5414357420807345,0.03011257228471287,0.06044134161238543
1998-02-28,-3.4342451514940464,-3.1615174324366677,-3.007887700453855,0.0680783664885869,0.09333592317719097,0.02118621769274842,0.04689214879583865
1998-03-31,-3.3950363195710884,-3.276030449519436,-3.0323558620307636,0.04873846220549982,0.19840559760818546,0.01974474417398131,0.06598363749857754
1998-04-30,-3.2134051996183772,-3.347562223561171,-3.0580135384092535,0.009035525668709354,0.5264247833500125,0.019467982130385586,0.0410140783935436
1998-05-31,-3.47359574939306,-3.3606790895275083,-3.088403404338861,-0.01900569265965757,0.5915166372528267,0.01492431952578599,0.02824548812948129
1998-06-30,-3.084631870788054,-3.257210939933163,-3.0858160962077967,0.03868041398242994,0.400114189447664,0.020066354570696276,0.05551412216877646
1998-07-31,-3.0497952329189086,-3.202674284366674,-3.0809319713701555,-0.011683311784135064,0.6262004576852555,0.02112209760736139,0.0572917185019844
1998-08-31,-2.3142625037236844,-2.8162298691435486,-3.0239539349926097,-0.15758607868343155,0.894685317966805,0.07043757403011419,0.15021506708431862
1998-09-30,-2.312976337111832,-2.5590113579181413,-2.968325017668486,0.060526278198187455,0.33169387656995186,0.04964596826288936,0.09045462090759186
1998-10-31,-2.638868495322673,-2.4220357787193962,-2.9945752858520254,0.07723343789167902,0.3118615206966131,0.0408820220825481,0.1355058928677965
1998-11-30,-3.1231521925257164,-2.6916656749867403,-3.0075230165236166,0.0574440362046964,0.39103809566513115,0.02436490555095272,0.07079288399363345
1998-12-31,-2.8614581487687687,-2.874492945539052,-2.9916864232274487,0.0548435076467193,0.3580322704625709,0.02286420815018886,0.08448974235636607
1999-01-31,-2.8546598491126014,-2.9464233968023623,-2.979673920862401,0.04019085861548177,0.3695094293355857,0.02530837716962875,0.05415020712050464
1999-02-28,-2.8306547199883054,-2.8489242392898912,-2.929374718236922,-0.032815137600251454,0.5358125620340648,0.026218407475634642,0.04569439903445279
1999-03-31,-2.871721892772673,-2.8523454872911933,-2.885765182670388,0.03806063225891165,0.39309997240133526,0.02725291833816179,0.07166579182600642
1999-04-30,-2.955003240996178,-2.8857932845857186,-2.8642316861185377,0.037241859972131586,0.36478691668314356,0.022670663304898753,0.05530242144912079
1999-05-31,-2.8875770664081153,-2.9047674000589883,-2.8153967958697925,-0.025287532336115248,0.6221343079562619,0.022001662681522483,0.06506711205227017
1999-06-30,-3.0191012625883213,-2.953893856664205,-2.8099359118531484,0.053008237590088214,0.28007394239072986,0.022230990537223327,0.059326898119782145
1999-07-31,-3.2101509685854275,-3.038943099193954,-2.823298889825358,-0.032570808945743046,0.7475910829566195,0.021941843610886025,0.06558131728814728
1999-08-31,-2.953478986708971,-3.060910405960906,-2.876566930074132,-0.006273730443188796,0.4523575829819623,0.022485195038618677,0.07540310462171913
1999-09-30,-2.9564823177564294,-3.0400374243502757,-2.9301924284611816,-0.02896732342110031,0.5531351477520084,0.028495963076088593,0.06772061103386422
1999-10-31,-2.665545037690064,-2.8585021140518214,-2.9324154736584642,0.06066183660855362,0.3561321141551824,0.03465855271483598,0.08856740435096576
1999-11-30,-3.3039253672881794,-2.9753175742448903,-2.9474799048886697,0.0188824579615936,0.4019771318787066,0.018249074190172188,0.05570055814836019
1999-12-31,-3.3886651528904514,-3.119378519289565,-2.99141382189881,0.05623277504510504,0.21295320781855265,0.0170708628492795,0.04990974984245636
2000-01-31,-2.62267338860366,-3.1050879695940967,-2.972081616856398,-0.05224485096542075,0.6663509736487642,0.03909917534093754,0.07435527795322965
2000-02-29,-2.89748812574526,-2.9696088890797903,-2.977651067336144,-0.02031300243690115,0.7234912397532423,0.03084710308169214,0.07813476366466152
2000-03-31,-2.5146977651301308,-2.678286426493017,-2.9478990566992658,0.09232375063667675,0.24192352399926884,0.04654577885905109,0.1193472889132016
2000-04-30,-2.4094082379010318,-2.6071980429254737,-2.9024328064413374,-0.031279910953390555,0.6072796015257895,0.06004509752202303,0.11135398837586698
2000-05-31,-2.6326446322660977,-2.5189168784324196,-2.881188436929502,-0.0221587523957556,0.48050351264304664,0.031733002241273844,0.06644692975925322
2000-06-30,-3.027825172512838,-2.6899593475599892,-2.8819154294232114,0.023651631558432307,0.34798087240485176,0.019663269874029332,0.030417596281291818
2000-07-31,-3.0881815538227975,-2.916217119533911,-2.8717513115263262,-0.01647626719348505,0.6406561494703616,0.02072203561206809,0.06185468089259058
2000-08-31,-3.4380736684378728,-3.1846934649245022,-2.9121342016704013,0.05892822369153272,0.18756857485628856,0.013309295881220429,0.05386010751872489
2000-09-30,-3.219396361943466,-3.2485505280680456,-2.934043705352654,-0.05496632087674769,0.5927601511423666,0.02199161923055115,0.06394387441052082
2000-10-31,-2.5991038256087764,-3.085524618663371,-2.9285069376792134,-0.004961774691885523,0.43957672135650927,0.034153361859011966,0.07704292104001835
2000-11-30,-2.8568188775989842,-2.891773021717075,-2.891248063538447,-0.08345618792359133,0.7352451530372851,0.02470013662903181,0.08540609542919614
2000-12-31,-2.622696626640186,-2.6928731099493155,-2.827417353017592,0.0040452525456853294,0.46361374205814976,0.03818333720268008,0.0873618210905192
2001-01-31,-2.664225690247022,-2.7145803981620635,-2.8308800448212055,0.03405023140926122,0.36017233103492846,0.04888407020840102,0.06811813073796388
2001-02-28,-2.9853721170174485,-2.7574314779682183,-2.8382037107605544,-0.09683114482086808,0.7857571020866344,0.019086287083199593,0.10227741888046678
2001-03-31,-2.4625011503985412,-2.70403298588767,-2.833853992866255,-0.06635853454793583,0.7240942983334531,0.044140782944437795,0.12370096574797045
2001-04-30,-2.4590306934521236,-2.635634653622704,-2.8379891974955123,0.07400701716559066,0.3107271699089261,0.042752912917390695,0.127830786813592
2001-05-31,-2.9922247396924235,-2.637918861181029,-2.8679542064477066,0.005077276192499092,0.4032921848955954,0.028055524579750468,0.05251150592509627
2001-06-30,-3.2469198042667444,-2.8993917458037632,-2.886212092427199,-0.02535410549182071,0.5986419858214966,0.017656559095685864,0.060323175482999265
2001-07-31,-2.920181727756346,-3.0531087572385047,-2.8722121069216615,-0.010798241319024626,0.5637451894850672,0.023778751934215414,0.05404965743715456
2001-08-31,-3.051488410731111,-3.0728633142514,-2.839996668779431,-0.06625562852916911,0.7350918266714475,0.01946366775472086,0.07810654100865287
2001-09-30,-2.4611074485824,-2.810925862356619,-2.776805925999342,-0.0852566327694193,0.7008988233842496,0.05046795662810677,0.1596144903552975
2001-10-31,-2.8652673663392627,-2.792621075217591,-2.798986221060216,0.01793727226268249,0.4498839838555418,0.02410654604527096,0.06166676167801448
2001-11-30,-3.066953531716042,-2.797776115545901,-2.816497442236637,0.07248427993671047,0.22391030210507318,0.02268876010742016,0.0654433009222425
2001-12-31,-3.161773107603663,-3.031331335219656,-2.861420482316927,0.007545296609038132,0.4692373037196568,0.02207283660109205,0.044527863550028295
2002-01-31,-3.057999661864157,-3.0955754337279537,-2.8942349799516887,-0.01569637859279549,0.6675092920825314,0.029030147003949125,0.06325491631081114
2002-02-28,-2.979935007190404,-3.0665692588860742,-2.8937818874661017,-0.020984861119793585,0.5802703227461863,0.025048237435489895,0.03817252398367261
2002-03-31,-3.1073936396336075,-3.0484427695627225,-2.9475229282356903,0.03608010666721562,0.3289660408018623,0.022381936598485197,0.033459974233773206
2002-04-30,-3.0313070929650276,-3.039545246596346,-2.9952126281950995,-0.06338465474468347,0.644586179703976,0.02397439130394652,0.07335154626794445
2002-05-31,-2.753848776148702,-2.9641831695824457,-2.975347964566456,-0.009122969376784695,0.3960081021320953,0.03681774841373464,0.05297886128347501
2002-06-30,-2.796389931129294,-2.860515266747674,-2.9378038084716676,-0.0752143496031783,0.6649592747588315,0.028287545124793922,0.07552155270273239
2002-07-31,-2.093671764421955,-2.547970157233317,-2.868927978193802,-0.08229988459363824,0.49285954679208205,0.055744300086780996,0.21499209223498744
2002-08-31,-2.3349652503107428,-2.4083423152873302,-2.8092177148254383,0.004869557741769448,0.47293490122560533,0.039265920092593554,0.1427893105588754
2002-09-30,-2.4457724947083497,-2.2914698364803487,-2.8079398020026005,-0.11656114050838795,0.7761207397468497,0.042423394299954786,0.10945132484124015
2002-10-31,-2.2381485874590075,-2.3396287774926994,-2.7556799037625797,0.08291439611915408,0.3049405933020782,0.04624935832453225,0.1469521363282095
2002-11-30,-2.710705924175834,-2.464875668781063,-2.7259926031342285,0.055500571043499924,0.3721142751290725,0.02760165899942635,0.06909405408706049
2002-12-31,-2.966939749810618,-2.638598087148486,-2.7097564899848083,-0.06222926619772107,0.6362341694071532,0.023247089835741086,0.06536280781255098
2003-01-31,-2.633062363054435,-2.770236012346962,-2.6743450484173312,-0.027797487730551573,0.5254165536255446,0.03266077974182302,0.09809294742448636
2003-02-28,-2.984074575300045,-2.8613588960550325,-2.6746900124264683,-0.017149829499765623,0.4957070826913534,0.021208134445614313,0.05121255882910677
2003-03-31,-2.5487601885345406,-2.7219657089630065,-2.6281372248348793,0.00832283659298838,0.4603219202706441,0.03586707149377233,0.11218219877492461
2003-04-30,-2.9002583606826624,-2.8110310415057493,-2.6172164971446823,0.07792734002637935,0.2184778478816823,0.025780778962753104,0.06814454528887033
2003-05-31,-3.0540180522284186,-2.8343455338152066,-2.6422306034846588,0.04964571199782597,0.3689679355730424,0.025233601618066537,0.05032211215790915
2003-06-30,-3.10993591283312,-3.0214041085814,-2.668359435293311,0.01125859814062835,0.4313351835462243,0.022138103847667345,0.04514930301870649
2003-07-31,-3.0977800803014652,-3.0872446817876678,-2.75203512828327,0.016093504013478643,0.4017544026567526,0.018813461400528197,0.02923741342308726
2003-08-31,-3.4685175117594595,-3.2254111682980144,-2.8464978167373296,0.017715355943955124,0.5907982578014974,0.017821303454707227,0.04312868444719257
2003-09-30,-3.140232437438154,-3.235510009833026,-2.90436947863148,-0.012016271671428491,0.5460729721097713,0.019280353601833333,0.04285491490795222
2003-10-31,-3.2870041546527733,-3.298584701283462,-2.99177410923096,0.05350426070312331,0.28088260421452477,0.022094147775449713,0.03141011292767347
2003-11-30,-3.498547085700716,-3.308594559263881,-3.0574275393580344,0.007103216390662581,0.37332871803674433,0.01609716545185602,0.024247719516496267
2003-12-31,-3.5134013108166147,-3.432984183723368,-3.1029660027752004,0.04951898497110463,0.20705839621147779,0.012324587594046754,0.04871596435291484
2004-01-31,-3.465061341049735,-3.492336579189022,-3.172299250941475,0.017128847057715113,0.4346876822508499,0.013703063806122628,0.041430944876011816
2004-02-29,-3.703067208587649,-3.5605099534846656,-3.232215303715442,0.012135045336105321,0.3052101662658099,0.012477361864295489,0.027353860043786392
2004-03-31,-3.1111763767700724,-3.4264349754691517,-3.2790833194017366,-0.01649420417864178,0.5582541355965627,0.016232870745707118,0.05831232999422797
2004-04-30,-3.347657046861286,-3.3873002107396686,-3.316366543249955,-0.016933314713064362,0.6429902658798746,0.01567925402692172,0.038332761253592716
2004-05-31,-3.4655040729233098,-3.3081124988515556,-3.3506570449745294,0.012011028036096327,0.48108901729542813,0.015975285169238518,0.03394372346614677
2004-06-30,-3.5858542044024904,-3.4663384413956955,-3.39031690260531,0.017829111362111405,0.3947870582804788,0.015838313508713675,0.024259200945333
2004-07-31,-3.5773152908117014,-3.542891189379167,-3.43027817014783,-0.03489223484716675,0.7517950641967234,0.013430125117174008,0.04055666044553853
2004-08-31,-3.269520662177093,-3.477563385797095,-3.4136950993492996,0.002284738319904278,0.5405262956394535,0.016455019335206877,0.04103757682746016
2004-09-30,-3.627296825125452,-3.491377592704749,-3.454283798323241,0.009320306218270069,0.5292908247271495,0.014035871953931967,0.023092926585112184
2004-10-31,-3.3520668517662333,-3.416294779689592,-3.459705689749363,0.013916952102817959,0.40386499608072013,0.015066573183751153,0.04225319308288278
2004-11-30,-3.534334856340372,-3.5045661777440187,-3.4626880039693337,0.037868776906828217,0.2437965267786936,0.01602735788842402,0.046373277368229694
2004-12-31,-3.6150113932423413,-3.5004710337829814,-3.4711555108381447,0.03194257321148264,0.28668827792398105,0.014840559419618593,0.03052173458723434
2005-01-31,-3.550604189909217,-3.5666501464973095,-3.478284081576435,-0.025615767695305713,0.6617911969567235,0.01174000438471623,0.03240580347184606
2005-02-28,-3.543820432764924,-3.5698120053054936,-3.4650135169245413,0.018726898056026897,0.48029999887682334,0.014611959979604627,0.022718255161125373
2005-03-31,-3.5291465415700167,-3.541190388081386,-3.499844363991203,-0.019302760921690698,0.5790099918769259,0.013678629731370684,0.05016388143744626
2005-04-30,-3.152720424000166,-3.408562466111702,-3.4835996454194427,-0.020313511500222425,0.5868459382612637,0.01954398680302205,0.04607797219852457
2005-05-31,-3.531069871409306,-3.4043122789931624,-3.4890634619599425,0.02951224448901968,0.3479002909107758,0.012393051560347423,0.03802686039623933
2005-06-30,-3.760011284416733,-3.4812671932754014,-3.5035765519611295,-0.00014272436450557535,0.5406718055501206,0.010892156085218652,0.021822991850616143
2005-07-31,-3.670772300891815,-3.653951152239284,-3.511364636134472,0.03533653227186839,0.3369754282809539,0.011611381797824727,0.04042945779601824
2005-08-31,-3.6338882557112857,-3.6882239470066107,-3.5417286022623222,-0.011285547502899007,0.5776076115031754,0.011845866793172455,0.03260515849685366
2005-09-30,-3.663101223012993,-3.6559205932053644,-3.544712302086283,0.006924991121192825,0.40901202330587566,0.012539882199711805,0.02551860570025791
2005-10-31,-3.1557527692251077,-3.4842474159831287,-3.5283527952078564,-0.01790003390634265,0.49853096775890454,0.016637869183025344,0.04149474608563631
2005-11-30,-3.763850153418097,-3.527568048552066,-3.5474790699643335,0.03458121395472791,0.28554386321116076,0.009927610493678962,0.053019073502677816
2005-12-31,-3.8732537426679903,-3.597618888437065,-3.568999265749804,-0.0009528030899303985,0.4669590607172038,0.012083804199622072,0.019397403053202093
2006-01-31,-3.466197877529286,-3.701100591205124,-3.5619654063848096,0.025147895607580573,0.4399078570000165,0.018496322409991883,0.025583777206213836
2006-02-28,-3.670294829123342,-3.6699154831068728,-3.572504939414678,0.0004530550834003222,0.5052379388956896,0.010455326977436563,0.03087064194863838
2006-03-31,-3.7601645367414127,-3.6322190811313466,-3.5917564390122947,0.011034703509450239,0.3525882225436978,0.01034245657662236,0.02715444325562393
2006-04-30,-3.719794944668915,-3.716751436844556,-3.639012649068024,0.012082366269225986,0.358666460557141,0.016933204646026212,0.020201852569462934
2006-05-31,-3.2999604149500437,-3.5933066321201235,-3.619753527696419,-0.03140492932031602,0.703019512064073,0.016984493982545423,0.05359217734877727
2006-06-30,-3.0855824618634515,-3.3684459404941367,-3.5635511258169785,8.659275533506872e-05,0.4129292767493404,0.02133576918516411,0.05139056165181966
2006-07-31,-3.270984461860846,-3.21884244622478,-3.5302354725643976,0.005072989405988437,0.3861512608512523,0.01838506433120468,0.036350537232087365
2006-08-31,-3.840536519933871,-3.3990344812193896,-3.5474561612496127,0.021051056620195574,0.23997067419038032,0.013603517555473843,0.030663731851782953
2006-09-30,-3.7838824812029803,-3.6318011543325652,-3.557521266098778,0.02426939911430903,0.3318260275234432,0.010304209566623257,0.034079780217918895
2006-10-31,-3.855487854332657,-3.8266356184898362,-3.615832523191074,0.031021812670561033,0.2474386555653788,0.011988301577432026,0.04247073496104628
2006-11-30,-3.7166271016628896,-3.7853324790661755,-3.6118972688781406,0.016332551131229778,0.4871507782725345,0.013647789970176127,0.030171266034746864
2006-12-31,-3.9701695128147727,-3.8474281562701065,-3.619973583057039,0.012536866857911555,0.2909501125975554,0.008845949539756148,0.02151793886149951
2007-01-31,-3.8522491840295126,-3.8463485995023916,-3.6521445252653915,0.013961131307326013,0.4608083335621058,0.011333787730706923,0.021349408913566317
2007-02-28,-3.2447480356532012,-3.6890555774991616,-3.616682292476213,-0.022088337053377316,0.8756174698000099,0.035342660843101115,0.04243095536454647
2007-03-31,-3.222494860521297,-3.439830693401337,-3.5718764861245362,0.009930511784698837,0.4884255835855149,0.020578575507405716,0.045091971011667766
2007-04-30,-3.728746092293361,-3.3986629961559527,-3.57262241509324,0.04237984325324007,0.1954814278637647,0.01059854287315698,0.048551124577736075
2007-05-31,-3.6341144694358447,-3.5284518074168343,-3.6004685863003902,0.032030723851896425,0.4324864676071256,0.014054581884655803,0.029383035864582553
2007-06-30,-3.25836142175964,-3.5404073278296146,-3.614866832958406,-0.01797694386967663,0.6212454471568609,0.017725961545528968,0.03199063691056191
2007-07-31,-3.0061550064305855,-3.2995436325420235,-3.592797711672551,-0.03250447118036437,0.7118682379415605,0.023615148318428147,0.06504856390507324
2007-08-31,-2.633783081660372,-2.966099836616865,-3.4922349251497597,0.01278153901893031,0.5469251969778404,0.030098066707581417,0.06254386559711643
2007-09-30,-3.1472509000198623,-2.9290629960369396,-3.4391822933845,0.035168290262790336,0.2898379356383968,0.02878958164080636,0.05343404300485045
2007-10-31,-3.190739924075645,-2.990591301918626,-3.3837866325297488,0.014713560940171178,0.5306531215864569,0.02594931140710255,0.042096658456338226
2007-11-30,-2.5877190247655277,-2.9752366162870114,-3.2897109594549683,-0.045042782630903666,0.5813332296113809,0.02980972636157464,0.07727185736768866
2007-12-31,-3.0243605965832123,-2.9342731818081282,-3.2108935497690054,-0.008665949670829676,0.5984846837858503,0.02559587137042474,0.04731689394333671
2008-01-31,-2.6612493740223844,-2.7577763317903745,-3.1116435656017445,-0.06311386420630871,0.6843809692160244,0.02952417654491235,0.09919429497422332
2008-02-29,-2.860350688104847,-2.8486535529034804,-3.079610453306048,-0.035379739592448445,0.7418251248535068,0.03251847341534386,0.05068931282403162
2008-03-31,-2.5383441133770694,-2.686648058501433,-3.0225978910440294,-0.0059774528264187055,0.36919525161149563,0.04153489642900965,0.060650025447784604
2008-04-30,-2.9300382779186895,-2.776244359800202,-2.956038906512807,0.04645095190758575,0.22552848378168172,0.035267092136393785,0.05101321814956114
2008-05-31,-3.2047560245646802,-2.8910461386201463,-2.920259036106876,0.010617614807393316,0.5626670552306843,0.01827985274237065,0.036185117923165214
2008-06-30,-2.8296817644581393,-2.9881586889805027,-2.8845357313317517,-0.08988355391782221,0.8115243160891312,0.03137633801853834,0.09376729711041572
2008-07-31,-2.7054602077165097,-2.9132993322464427,-2.859477831438912,-0.009908296633773794,0.5240231561563838,0.024754604874712705,0.056018675476347986
2008-08-31,-2.8378123911255737,-2.7909847877667406,-2.876480273894345,0.012116759351493478,0.43699114225438784,0.028314087237507835,0.044096934960465746
2008-09-30,-1.8529192183645704,-2.4653972724022175,-2.7686193004230706,-0.09518076507694317,0.6950631241361312,0.09218959234553648,0.14383801147843941
2008-10-31,-1.4297161320393683,-2.040149247176504,-2.621867317753381,-0.1856364738868823,0.5210289968786154,0.10957196759533883,0.3131237771786848
2008-11-30,-1.6563160121061873,-1.6463171208367084,-2.5442504000317694,-0.07779835731330564,0.560158056615334,0.0694818454127768,0.2901675483604254
2008-12-31,-1.9407740098745172,-1.675602051340024,-2.4539515178060447,0.007791146673498339,0.5908889381732085,0.09353652163820936,0.11226130367175724
2009-01-31,-2.206526753661319,-1.9345389252140075,-2.4160579661092894,-0.08954987959881677,0.6549420168915063,0.054262014623913224,0.14911013962547376
2009-02-28,-2.294623945392251,-2.147308236309362,-2.3689140708832395,-0.11645651319919015,0.7215888132767972,0.050368669494148754,0.16837380648288733
2009-03-31,-1.9582508837470343,-2.1531338609335346,-2.3205729684140697,0.08195269356125578,0.35134907099747026,0.06836638735773626,0.20788870739674112
2009-04-30,-2.44358783527755,-2.2321542214722783,-2.2800354315273084,0.08977221824359916,0.41716010923376595,0.04373220914165632,0.07430169428460132
2009-05-31,-2.532170028404268,-2.3113362491429505,-2.223986598513941,0.05172057715517475,0.35202483542483276,0.03330724358772574,0.057256495833204156
2009-06-30,-2.8287513462734433,-2.6015030699850867,-2.223909063665216,0.0001958080939532536,0.5719575333043649,0.031078364330823227,0.057833206850964367
2009-07-31,-2.793345786712597,-2.7180890537967692,-2.23123286191489,0.07152194934301459,0.3515055546845443,0.029577684825957462,0.11622343598724973
2009-08-31,-3.064461671409865,-2.8955196014653013,-2.250120301938581,0.033009336342854745,0.44081679475870483,0.024559960849173557,0.050988062677066896
2009-09-30,-3.130025280604093,-2.995944246242184,-2.3565458071252077,0.035100067367746846,0.4088841397669694,0.02237222631680602,0.07447270973156118
2009-10-31,-2.7700971285615337,-2.988194693525164,-2.468244223502055,-0.019959880197119695,0.6096884744523705,0.028466028015250444,0.06851097209376121
2009-11-30,-3.1107964455907333,-3.0036396182521194,-2.5894509262924337,0.0557790765867372,0.3031696412077754,0.021995084915274354,0.06294130493358555
2009-12-31,-3.4880632358514343,-3.1229856033345667,-2.7183916951238434,0.017614520350299756,0.4920846203532964,0.012002902588402087,0.032295247472455005
2010-01-31,-3.1051107340740574,-3.2346568051720745,-2.7932736934915714,-0.03767512371219439,0.7191119885364009,0.022389779630108464,0.06869296401459771
2010-02-28,-3.017839159189372,-3.2036710430382875,-2.8535416279746655,0.028114739741840644,0.5336714924888399,0.03163585604980668,0.048423339291097364
2010-03-31,-3.6861498116127622,-3.269699901625397,-2.997533205296809,0.05713281541639237,0.11168853446923917,0.013910282801603557,0.051070613889721735
2010-04-30,-3.1571807998960453,-3.2870565902327264,-3.0569992856816834,0.014651373006918433,0.6409789170395106,0.02365964017870148,0.032715935015584445
2010-05-31,-2.40719301130445,-3.083507874271086,-3.0465845342566986,-0.08553157288349045,0.5712376397853344,0.043034704145615166,0.11846224976002422
2010-06-30,-2.590131684949478,-2.7181684987166577,-3.0266995624797013,-0.05538844940550369,0.6086313797500352,0.035017442089830375,0.0808551574910615
2010-07-31,-2.852932567849966,-2.6167524213679645,-3.0316651275744824,0.06651579901085647,0.3369234528360009,0.030850023008263783,0.08653452004452018
2010-08-31,-2.953041664009287,-2.7987019722695767,-3.0223801269577684,-0.04861182288741883,0.6432211864527337,0.02858340599796172,0.07412099416376661
2010-09-30,-3.0381185900217313,-2.9480309406269947,-3.014721236075905,0.08392847418803395,0.12290741789976208,0.029077736386750708,0.06137522983696879
2010-10-31,-3.4184079568336654,-3.1365227369548943,-3.068747138431915,0.03619305175049092,0.32152167616207,0.020646722507163595,0.04186310012634635
2010-11-30,-3.17878159123518,-3.2117693793635254,-3.074412567235619,-0.0022928763797240848,0.46269284370499336,0.01909930440966523,0.039527821643550225
2010-12-31,-3.5534441499729663,-3.3835445660139367,-3.079860976745747,0.06325648750899848,0.040375106788210366,0.021386622263129595,0.043570030594969715
2011-01-31,-3.525462579236963,-3.4192294401483694,-3.114890297175989,0.02239296981241168,0.512375991513567,0.018013805424183182,0.023190355054817858
2011-02-28,-3.4210170289444903,-3.4999745860514726,-3.1484884529889157,0.03145657676282454,0.46307162608980595,0.0207422049204542,0.029453878960001376
2011-03-31,-3.0256567272535237,-3.3240454451449915,-3.093447362625646,-0.0010478617545839342,0.559019210859926,0.0196874819493722,0.05727551416118573
2011-04-30,-3.681361997980344,-3.3760119180594526,-3.1371291291326706,0.028096938770245217,0.3349370469270507,0.01342443513234759,0.04382525810347883
2011-05-31,-3.4864984354795006,-3.3978390535711225,-3.2270712478139245,-0.013592919455283514,0.6173819831406574,0.011997264840988286,0.03357173644574086
2011-06-30,-3.0353184736868184,-3.4010596357155536,-3.264170146875369,-0.01842618591193279,0.6324076283943494,0.02304822570064058,0.04271236106144847
2011-07-31,-3.1500524848844678,-3.2239564646835954,-3.2889301399615785,-0.02170835585666353,0.565546573079002,0.020517724807291415,0.04607879312936593
2011-08-31,-1.9665046707257434,-2.7172918764323426,-3.2067187238546158,-0.05846750227195674,0.6400373292415226,0.06895836939262434,0.13942087066354567
2011-09-30,-2.4813062796527205,-2.5326211450876435,-3.1603176979905316,-0.07446710071978657,0.6886711393641022,0.032402456759229814,0.0737467869871818
2011-10-31,-2.457655436729716,-2.3018221290360596,-3.0802549879818693,0.10230659176938861,0.33970869087475597,0.03371659116813408,0.15621881128615103
2011-11-30,-2.435986343104191,-2.458316019828876,-3.018355383970954,-0.005071553722512334,0.4934008397212847,0.04240343833622706,0.09639468794618215
2011-12-31,-2.9483163558607854,-2.6139860452315635,-2.9679280677949387,0.008496565407114964,0.4394593793259368,0.02938929593094386,0.048642066867773066
2012-01-31,-3.675354926367435,-3.0198858751108033,-2.980419096722478,0.04266004446780691,0.1160745698683979,0.01535548367017725,0.03765157684533295
2012-02-29,-3.6938984477187047,-3.4391899099823084,-3.003159214953662,0.039787344672045144,0.18050403938674406,0.014499725948107667,0.03567534995473202
2012-03-31,-3.3843465262657126,-3.584533300117284,-3.033050031538012,0.030851475632995395,0.31926206415738617,0.017969133090434575,0.053022179505987935
2012-04-30,-3.210146241345553,-3.429463738443323,-2.993782051818446,-0.0075256995449883846,0.5190310401175994,0.01722902527718606,0.0435332421018291
2012-05-31,-3.249754506931474,-3.2814157581809127,-2.9740533911061107,-0.0646993081586249,0.7222620303745306,0.016278995721589418,0.08194018195365407
2012-06-30,-2.836661528791821,-3.0988540923562824,-2.9574986456981933,0.03879271987370014,0.4674584696648899,0.02495129541436114,0.06374401528806146
2012-07-31,-3.237871918059134,-3.1080959845941423,-2.9648169317960824,0.01251888494028286,0.3216146169217774,0.018900814490450557,0.037648726647443995
2012-08-31,-3.616681715429931,-3.2304050540936284,-3.1023316855214316,0.019570609701871078,0.28669656751437744,0.018861288185302527,0.038205852187900874
2012-09-30,-3.4378098591980475,-3.4307878308957043,-3.182040317150209,0.02394711879625433,0.21493942714400543,0.020229536612006882,0.04345439109699935
2012-10-31,-3.488869407216391,-3.5144536606147896,-3.2679748146907652,-0.0199878423580504,0.7134547396100109,0.016710144600035726,0.036692110709072544
2012-11-30,-3.1304575583921026,-3.3523789416021805,-3.3258474159647577,0.0028426724604573295,0.5550131932685882,0.023990484179204685,0.053979756712433415
2012-12-31,-3.4388798169728014,-3.352735594193765,-3.3667277043907586,0.007043368100712932,0.3723792623441478,0.01680002726988583,0.03114085167181728
2013-01-31,-3.512274326083612,-3.360537233816172,-3.353137654367107,0.04919779199874608,0.05713961804883269,0.025086115958697697,0.034195650554591714
2013-02-28,-3.34347012657978,-3.4315414232120642,-3.323935294272197,0.010999927126354336,0.5432042551246598,0.01847927558477469,0.02854977909367097
2013-03-31,-3.8179084623195916,-3.5578843049943276,-3.3600654556100196,0.03535529432970552,0.2599987729012713,0.009520551872499894,0.033034134880178305
2013-04-30,-3.1908617892956093,-3.45074679273166,-3.358458417939191,0.017924165836651795,0.5648238453663873,0.02323412455036511,0.03565637579357073
2013-05-31,-3.4461264548152486,-3.48496556881015,-3.3748227469295053,0.020550202383511795,0.45530002668663916,0.014410576921856766,0.05318830784399866
2013-06-30,-3.045316980217013,-3.2274350747759564,-3.392210701214939,-0.015112928770280476,0.634588490165704,0.025328424392299098,0.04882987562688171
2013-07-31,-3.8026234275782484,-3.4313556208701694,-3.4392733270081983,0.048277728051788316,0.09270003727801246,0.01346321276535356,0.04923028591343766
2013-08-31,-3.476590991287195,-3.441510466360819,-3.4275990999963035,-0.03179826803794494,0.6904274310313138,0.016001539229184125,0.04742595712173859
2013-09-30,-3.6937395473295913,-3.657651322065011,-3.4489265740072654,0.029315591366424698,0.25403222905424555,0.01210412155841567,0.050972465641491604
2013-10-31,-3.276020052394728,-3.482116863670504,-3.431189127772127,0.04362997111283384,0.2943714853774176,0.02159562288283645,0.06800776182644794
2013-11-30,-3.674729076485133,-3.548162892069817,-3.4765450876132125,0.027663289773235178,0.3468771734374151,0.013338208792264439,0.03380937257569134
2013-12-31,-3.6040416781045024,-3.518263602328121,-3.4903085760408543,0.023289474482053762,0.2732245165435358,0.016510906009174597,0.040318093402630054
2014-01-31,-3.3171375685353484,-3.5319694410416616,-3.474047179578499,-0.036231407776019076,0.729537159855444,0.02109642142734014,0.04095999284517023
2014-02-28,-3.33867979263415,-3.4199530130913334,-3.47364798508303,0.04221337507227485,0.4654151122178555,0.023096604704487156,0.06530997977676224
2014-03-31,-3.525657862709204,-3.3938250746262337,-3.449293768448831,0.006908248426944041,0.4048943644966282,0.015152322676142305,0.019849184406554053
2014-04-30,-3.295512640499892,-3.3866167652810817,-3.458014672715855,0.006181643365585465,0.6444444371558269,0.021105967737387488,0.0405873906256161
2014-05-31,-3.748301728326634,-3.52315741051191,-3.48319594550847,0.02081219601335782,0.4318763332962112,0.009626256172316161,0.02946438666721273
2014-06-30,-4.087403595110594,-3.710405987979039,-3.5700364967496014,0.018878996713560525,0.378467010998384,0.007689243160729831,0.019876605934392815
2014-07-31,-3.4754874909402877,-3.770397604792505,-3.5427751686964384,-0.015194687637991144,0.7161172126665888,0.020201932155229585,0.02925192230209004
2014-08-31,-3.758175341489752,-3.7736888091802108,-3.566240531213318,0.03696364440798927,0.2637260698100736,0.011465422557972005,0.04795270240735048
2014-09-30,-3.6148214505760006,-3.6161614276686795,-3.559664023150518,-0.015635436105290168,0.6493711737131772,0.016300913265170358,0.022815172626764066
2014-10-31,-2.9141171757759645,-3.429037989280572,-3.5295054500989553,0.022936398829564553,0.46917082291704054,0.020877848454314396,0.08021742594077576
2014-11-30,-4.403441476449996,-3.644126700933987,-3.5902314834293603,0.02423747356330619,0.12423679842516755,0.005684311060805136,0.029735920369383623
2014-12-31,-3.111828651063938,-3.476462434429966,-3.54921373117598,-0.0041973842211255885,0.4465381795628765,0.023731374885708867,0.05801335437519113
2015-01-31,-3.0531195840612106,-3.5227965705250477,-3.527212232469802,-0.03153277926642595,0.5617421101035946,0.01844721353258727,0.0347584237124872
2015-02-28,-3.562245097331645,-3.2423977774855977,-3.545842674527926,0.05343887632562794,0.07456994424979148,0.014336238577453031,0.04576352496790045
2015-03-31,-3.181612963632318,-3.265659215008391,-3.517172266271519,-0.017549197433963215,0.5522581995250426,0.017106820937141443,0.03711670420105327
2015-04-30,-3.7301577097521177,-3.4913385902386938,-3.5533926887092044,0.008484722544634948,0.5356417954985798,0.011375704189052982,0.027770386710692454
2015-05-31,-3.515261724921681,-3.4756774661020393,-3.5339726884254588,0.010436729675337375,0.3973914481854668,0.013368147987361745,0.024066954693041136
2015-06-30,-3.424639560452919,-3.556686331708906,-3.478742352203986,-0.021235558871758542,0.6861245938255285,0.021086969508611553,0.03183559512843549
2015-07-31,-3.379834324533907,-3.4399118699695026,-3.470771255003454,0.01954968299001969,0.4384922281640322,0.016792964912141883,0.039095161165873756
2015-08-31,-2.567702579344772,-3.124058821443866,-3.3715651914913725,-0.06462473099312405,0.6163335381639526,0.04021144434651891,0.11926627933701646
2015-09-30,-2.750983686561047,-2.8995068634799086,-3.299578711156793,-0.026798730963463413,0.6056468288462293,0.030022649842428528,0.05858662244757914
2015-10-31,-3.21925910296275,-2.845981789622856,-3.3250072050890247,0.07971937954339925,0.0950663617407546,0.018124593518502152,0.08301879793414749
2015-11-30,-3.399480401007659,-3.1232410635104855,-3.241343782135497,0.0005047417068047011,0.4248584385779091,0.016033229877171706,0.04198708506957913
2015-12-31,-2.931351361084418,-3.183363621684942,-3.226304007970537,-0.017685658390257153,0.5520764473648612,0.020317856363851305,0.0472705246708828
2016-01-31,-2.7217960677696804,-3.017542609953919,-3.1986937149462427,-0.05206761730549658,0.6309804126221515,0.02528237507790898,0.08125126723437855
2016-02-29,-2.9758859373366726,-2.8763444553969237,-3.149830451613329,-0.004136905514992684,0.5043743212717259,0.019330015207046358,0.06488767846200622
2016-03-31,-3.3396579653309404,-3.0124466568124313,-3.163000868421547,0.06390499028682939,0.1423429695860819,0.023588385401619227,0.042358447244830746
2016-04-30,-3.5543031478531373,-3.28994901684025,-3.148346321596632,0.002695761451154688,0.5013452690923841,0.01204807397000529,0.029193841784845742
2016-05-31,-3.4577327513181353,-3.4505646215007375,-3.1435522404630034,0.01520836681052451,0.387882898334398,0.013588637533989534,0.02852021872978757
2016-06-30,-2.9208097471793293,-3.310948548783534,-3.1015664226902033,0.0009105066031533937,0.6385715647467604,0.036580792805582796,0.057583799826387984
2016-07-31,-3.8274820645223824,-3.402008187673282,-3.138870401022577,0.034990432691053286,0.15734032449706467,0.015138186565992306,0.040572402343889376
2016-08-31,-4.092448513398337,-3.6135801083666834,-3.2659325621937074,-0.0012199867803515119,0.45210749890805824,0.008566697289380087,0.015237700946517907
2016-09-30,-3.192551585892715,-3.7041607212711454,-3.3027298871380135,-0.0012352137017535014,0.6252452106158041,0.024827742410836073,0.02815883698618943
2016-10-31,-3.9566514163288264,-3.7472171718732934,-3.364179246585186,-0.019616837043472835,0.710117687022238,0.012524577697756278,0.01748840503509541
2016-11-30,-3.487974422258733,-3.5457258081600913,-3.3715537483561095,0.03360354504443386,0.1677325528823507,0.021980199729465077,0.0596520993575555
2016-12-31,-3.778722369233596,-3.7411160692737186,-3.4421679990352074,0.018037111299278763,0.35394682231607366,0.01307735874472371,0.036142632320904755
2017-01-31,-4.001828361753377,-3.756175051081902,-3.548837356867182,0.01772631462106311,0.2555745282213197,0.008450766753157701,0.017796017397039548
2017-02-28,-4.2047001391527745,-3.995083623379916,-3.651238540351857,0.036523000738276856,0.05866850885861637,0.007238496854554022,0.038806387865355486
2017-03-31,-3.7314192152872216,-3.9793159053977916,-3.6838853111815477,-0.00038927289213130933,0.42299321835753706,0.013581211083725009,0.02295374598274905
2017-04-30,-3.9266520183744302,-3.9542571242714755,-3.714914383724988,0.009050132478198414,0.258201245798609,0.01078173658811199,0.02536109602873872
2017-05-31,-3.7920847378875457,-3.8167186571830656,-3.7427770492724393,0.01150975911098051,0.6849236143399591,0.018345468171115265,0.02463643793566236
2017-06-30,-3.8562149108745403,-3.858317222378839,-3.8207274795803734,0.004802226040504287,0.45366431526162115,0.008769501646550992,0.013987996693172864
2017-07-31,-4.129870024958846,-3.926056557906977,-3.8459264762834118,0.01916401754710062,0.3625088898775672,0.009412987306865794,0.027860200988600512
2017-08-31,-3.5924378123925353,-3.859507582741974,-3.804258917866262,0.0005462837796947895,0.6402328224546671,0.015557342487191761,0.022567070001897234
2017-09-30,-4.134666486968031,-3.9523247747731376,-3.8827684929558717,0.01911903935235504,0.2933290862262555,0.010780975197147491,0.024717919862164976
2017-10-31,-4.216826264874203,-3.981310188078256,-3.904449730334653,0.021945560031841893,0.2537860122641298,0.008040609979727442,0.020332605642190686
2017-11-30,-3.9742055389212045,-4.1085660969211455,-3.944968990056525,0.02769554104663463,0.16663135407063992,0.009800332196793882,0.031835679537530866
2017-12-31,-4.160595814516587,-4.117209206103998,-3.9767917771634416,0.009783614574871535,0.31079394463637555,0.008934313410143169,0.022894390178240347
2018-01-31,-3.5839470303887637,-3.906249461275518,-3.941968332883057,0.05465739835832828,0.2365323960872022,0.011771638106083948,0.06361283337143586
2018-02-28,-2.603266478912884,-3.449269774606078,-3.8085155278630665,-0.03972610759808415,0.739399575928338,0.041842540938381134,0.08926183857569729
2018-03-31,-2.86384160502723,-3.0170183714429597,-3.736217393674733,-0.027252497366939465,0.5760807967929206,0.02679504070603489,0.07382563431925562
2018-04-30,-3.020981523740029,-2.8293632025600477,-3.6607448524552004,0.002715085811824558,0.5873940784369828,0.022590682343496482,0.047928853892153074
2018-05-31,-3.496110832009546,-3.1269779869256014,-3.6360803602986995,0.021378191183066164,0.3425061602671232,0.012729810028334398,0.03862485421371624
2018-06-30,-3.689488748202096,-3.4021937013172234,-3.62218651340933,0.004830749386569799,0.5523344777427243,0.013819722967770787,0.03179727760586874
2018-07-31,-3.6679102964838366,-3.6178366255651597,-3.5836898693697457,0.03538795073752432,0.27433557767741223,0.009060435070372463,0.04780300867376152
2018-08-31,-3.8311003660775382,-3.729499803587824,-3.6035784155101624,0.029814314524382546,0.3217085256399305,0.007888214552638217,0.03516091116910653
2018-09-30,-4.189685407726731,-3.8962320234293686,-3.6081633255733876,0.004285093286333641,0.37121706430449664,0.007810014185328562,0.020361162409037233
2018-10-31,-2.686621255847436,-3.569135676550569,-3.4806462414878236,-0.07192934595429712,0.7060388413362182,0.03341638904260158,0.10221653784938321
2018-11-30,-2.933797236456691,-3.2700346333436197,-3.393945549615781,0.01770175205611757,0.44281548268278537,0.022714051303114324,0.06661105044322571
2018-12-31,-2.497267791338526,-2.7058954278808844,-3.255334881017609,-0.09626521985789882,0.6106467336641401,0.0484031776708056,0.1712909002438591
2019-01-31,-2.9077657676524438,-2.77961026514922,-3.198986442456249,0.07574215198675649,0.3098792095755527,0.033759399060347306,0.09954279074304488
2019-02-28,-3.7720529042966526,-3.059028821095874,-3.2963853112382293,0.029295553365401794,0.2301476687160599,0.01280785290283859,0.032739178853593405
2019-03-31,-3.402113559643295,-3.3606440771974637,-3.3412413074562353,0.017765510890228597,0.4771435643401168,0.019156827134272802,0.0399520135980495
2019-04-30,-3.9484293684965763,-3.707531944145508,-3.418528627852614,0.038560397417571224,0.1279020077777228,0.011502195518044545,0.027058201899526412
2019-05-31,-3.1452983164960346,-3.498613748211969,-3.3892942515598214,-0.06804089408287428,0.8059720616457697,0.024426469138497886,0.06797633106281721
2019-06-30,-3.428551189753441,-3.507426291582018,-3.367549455022434,0.06665830156302643,0.10619610478790974,0.021205927081077824,0.0736404206436503
2019-07-31,-3.714591201278959,-3.429480235842812,-3.3714395304220273,0.013042724833705499,0.4659698288586617,0.010945206952139408,0.02054432047599305
2019-08-31,-2.7177216426603006,-3.2869546778975667,-3.2786579701372567,-0.018257281743262688,0.6621421609799547,0.030230182169694864,0.038995910434175565
2019-09-30,-3.707249201012573,-3.379854014983944,-3.238454952911077,0.01703525059107225,0.3123613684713545,0.012925912921759597,0.034926755356209614
2019-10-31,-3.2462395940400155,-3.2237368125709636,-3.285089814427126,0.020225842153316798,0.5205945141484288,0.018065404187643352,0.05365281192091308
2019-11-30,-4.048354294017718,-3.667281029690102,-3.3779695692238785,0.033480266071379106,0.12623507986012752,0.009615930559647268,0.02788362174171966
2019-12-31,-3.7993025396462077,-3.6979654759013143,-3.4864724649161847,0.028188756298542117,0.32840118621550257,0.009094246030425523,0.046373370685710034
2020-01-31,-3.3942209625474167,-3.7472925987371144,-3.527010397824099,-0.0016294196024428942,0.647365918412442,0.017864443571362187,0.031764034946967716
2020-02-29,-2.656216692100947,-3.283246731431524,-3.4340240468077905,-0.08785953690838788,0.8919659793269944,0.045168136352262245,0.1364589072420555
2020-03-31,-1.2968785055181968,-2.4491053867221866,-3.2585877922973654,-0.13366772467037435,0.5947798948740151,0.12765219747281709,0.335756946130471
2020-04-30,-2.134827132729708,-2.029307443449617,-3.1074542726501266,0.11942083876017673,0.30619108382440136,0.06796824414483105,0.17382234481201844
2020-05-31,-2.753012874659256,-2.0615728376357203,-3.0747638191637283,0.0442865329490969,0.43737704591728194,0.031015208770073244,0.07653740879570607
2020-06-30,-2.451931103357683,-2.4465903702488827,-2.993378811964082,0.018221374356718556,0.6908640378021812,0.060752692996288715,0.073909692151193
2020-07-31,-3.218790749890995,-2.8079115759693116,-2.9520621076817513,0.05363680163450546,0.3118228607469328,0.015756930832163007,0.050124044861857946
2020-08-31,-3.605902901033218,-3.0922082514272984,-3.0260772125461615,0.06771908300435747,0.12544854729158372,0.013899502293613253,0.06276109551550696
2020-09-30,-2.6518079305455564,-3.158833860489923,-2.938123773340577,-0.04001811998317706,0.684969458278764,0.03575759414218638,0.10097519804436086
2020-10-31,-2.7990558904711156,-3.0189222406832967,-2.9008584647098345,-0.028055692285555267,0.6624406035596483,0.035925542108577346,0.07771487560304398
2020-11-30,-3.0039008865838612,-2.818254902533511,-2.8138206807570136,0.10214642790660022,0.13464673554302742,0.02180752565509181,0.09450961765298053
2020-12-31,-3.651528771176814,-3.1514951827439304,-2.8015062000512305,0.036449047840592996,0.188797859037562,0.012838482022218045,0.02933395908991777
2021-01-31,-3.0833520658531506,-3.246260574537942,-2.775600458660042,-0.011199137650889313,0.6666332451834984,0.026013315126100167,0.040955962224422736
2021-02-28,-3.2488415694882113,-3.327907468839392,-2.8249858651089803,0.025756876672536677,0.47910226211482826,0.024783394424172656,0.04176931995426762
2021-03-31,-3.0053155591944845,-3.112503064845282,-2.9673556195820048,0.041562807282547354,0.31543409130079936,0.023512173225693545,0.05323995219917048
2021-04-30,-3.42852988588876,-3.2275623381904857,-3.0751641823452585,0.05109733046805509,0.21975986518041382,0.0143349877622434,0.046562213457501875
2021-05-31,-3.25075444008131,-3.2281999617215185,-3.1166426461304297,0.005471492716724313,0.5291882323024258,0.021682782358302788,0.040885013003222004
2021-06-30,-3.7043212595884913,-3.4612018618528544,-3.2210084924829974,0.02197087256612207,0.3739257937879032,0.013905163512319518,0.030969057109331958
2021-07-31,-3.3961998858730538,-3.4504251951809515,-3.2357925871481688,0.02249317592225175,0.4152309812390333,0.015996781399984172,0.03774518618517089
2021-08-31,-3.708249345225621,-3.602923496895722,-3.2443214574975356,0.0285781431597929,0.3805197933416931,0.010806652845255726,0.031772675745746014
2021-09-30,-3.2831324409451104,-3.462527224014595,-3.2969318333641646,-0.04873779278283408,0.7694654478548594,0.020574317739892933,0.05188803859819075
2021-10-31,-3.386780947876349,-3.4593875780156935,-3.3459089214812683,0.06685817528398985,0.2226607842868526,0.016919162285711664,0.06850317521929893
2021-11-30,-3.3064112261583376,-3.325441538326599,-3.371118116445808,-0.008368625655204909,0.7403976510194914,0.022987011159321113,0.0296714740264336
2021-12-31,-2.9961728370061524,-3.2297883370136127,-3.316505121931586,0.042688648161396614,0.29538057389273603,0.02049560318625332,0.060198057834731165
2022-01-31,-2.941546598012492,-3.081376887058994,-3.3046879996115313,-0.05401822999928463,0.6164921142661013,0.024055967914735632,0.10313784830739282
2022-02-28,-2.799886911249737,-2.9125354487561275,-3.2672751114249916,-0.031862761021711705,0.6230066679500244,0.02469347172011993,0.0826073161592167
2022-03-31,-2.6765886403079335,-2.8060073831900545,-3.239881201517779,0.03514828627152333,0.41632026153973,0.029962586814415104,0.10481846758081642
2022-04-30,-2.6479040482811675,-2.708126533279613,-3.1748290483838133,-0.09206782490742249,0.7793416605069524,0.03695915978469522,0.10353062840101875
2022-05-31,-2.4244039455209907,-2.5829655447033635,-3.105966507170453,5.317629076095898e-05,0.5797378276192728,0.041233809291247425,0.0974754318950439
2022-06-30,-2.4599056517814564,-2.5107378818612047,-3.002265206519867,-0.08765158180481869,0.69467264785783,0.039539931990040245,0.13023897849461735
2022-07-31,-2.8821019465281603,-2.588803847943536,-2.959423711574459,0.08720138468971683,0.17323467528986713,0.027253517643730518,0.0858813848796144
2022-08-31,-2.8446064830486026,-2.7288713604527395,-2.8874534730597077,-0.04336703066340597,0.6427824773813607,0.03426857631703939,0.08484303855503751
2022-09-30,-2.6463004734576345,-2.791002967678132,-2.8343841424357508,-0.09804916662099217,0.7691444460175482,0.044199163031974464,0.13659138363838708
2022-10-31,-2.523493614612676,-2.671466857039638,-2.762443531330445,0.0768345644688555,0.2889042170929379,0.030125341416800566,0.08671547074941628
2022-11-30,-2.5435772319280385,-2.571123773332783,-2.6988740318112536,0.05235797609764958,0.2640944651565983,0.05395251566479686,0.09242990608744765
2022-12-31,-2.95330714551955,-2.673459330686755,-2.6953018908540365,-0.06078182537666876,0.6829868819291947,0.0252374779018254,0.0746804742159451
2023-01-31,-3.0445998097233513,-2.847161395723647,-2.703889658496608,0.05992118183434947,0.2795274683943785,0.022583835589031764,0.06813292888994138
2023-02-28,-3.1746943824188296,-3.0575337792205772,-2.735123614427366,-0.026459478859793606,0.6198792561606623,0.02024478397347096,0.05147759249213707
2023-03-31,-2.924024732160048,-3.0477729747674096,-2.7557432887483753,0.034451292698264524,0.44117699250850134,0.018631857945480945,0.06368700878117609
2023-04-30,-3.4424462204163033,-3.180388444998394,-2.8219551364263036,0.014536177649562276,0.35767504946921913,0.019377193402696946,0.02759652471593987
2023-05-31,-3.2992440662773723,-3.221905006284574,-2.8948584798226684,0.002479271433271535,0.3861689330436497,0.018306166381879763,0.03491453885852507
2023-06-30,-3.4043319921867217,-3.382007426293466,-2.9735606748564405,0.06271886491464329,0.1465206920201038,0.014429812390106989,0.0529126498287879
2023-07-31,-3.766103134731879,-3.4898930643986574,-3.047227440540084,0.030663950907703352,0.3061591736798944,0.009829375810433305,0.042287489884271195
2023-08-31,-3.3080680545326713,-3.4928343938170907,-3.0858492381637563,-0.017875203842994125,0.561295070663212,0.014404068712057239,0.04628812864875024
2023-09-30,-3.4377168665741427,-3.5039626852795642,-3.151800604256799,-0.04994616792328266,0.8321212188412261,0.016536918318488247,0.05513558595580672
2023-10-31,-3.193062653385387,-3.3129491914974003,-3.2075980241545246,-0.022224841001403206,0.6226880891768836,0.014443434657238186,0.061137540940344265
2023-11-30,-3.314231456188941,-3.3150036587161567,-3.2718192095095997,0.08542444820075268,0.057022464697082505,0.01889537047457779,0.0749732532105611
2023-12-31,-3.5682415676821626,-3.3585118924188304,-3.3230637446898172,0.04327903543160794,0.3417878837127864,0.01479314796530673,0.05015902511720096
2024-01-31,-3.4646794998455874,-3.449050841238897,-3.358070385533337,0.015770693886427267,0.43076751813414327,0.016236851740732305,0.049767926814376126
2024-02-29,-3.3448968495093907,-3.4592726390123807,-3.3722539244575507,0.05042752831277042,0.22297284672885065,0.020902888666403996,0.038011242198722185
2024-03-31,-3.578980917498339,-3.462852422284439,-3.4268336065690748,0.03054742011174305,0.2877165065614335,0.011139512586668232,0.03401086452923601
2024-04-30,-3.229795427472849,-3.3845577314935262,-3.409112707157121,-0.04250577768147856,0.6739253776219093,0.015855551118928446,0.054178372276932465
2024-05-31,-3.5511189897853304,-3.4532984449188393,-3.430102284116117,0.046903805304360446,0.20535284825757166,0.012478557659509448,0.058629142818824115
2024-06-30,-3.974283728374348,-3.585066048544176,-3.4775982621317527,0.03408234323888237,0.1032073673782619,0.011778015849955636,0.037817274987118676
2024-07-31,-3.1722014727576715,-3.5658680636391167,-3.4281064569672353,0.011257710402409415,0.5632652230356762,0.023421242222893213,0.04844066458573756
2024-08-31,-2.872824298145019,-3.339769833092346,-3.3918361439349307,0.022577897117514567,0.5164089730083877,0.03042704139239305,0.08534596891045121
2024-09-30,-3.260469768692696,-3.101831846531795,-3.37706555244481,0.01999563228775436,0.5359685351677884,0.021377963372398057,0.06341095020963178
2024-10-31,-3.4205129328690873,-3.184602333235601,-3.3960197424017853,-0.009946041598549726,0.6538263595452193,0.018790134928744706,0.029192571157101742
2024-11-30,-3.343202830242378,-3.3413951772680535,-3.3984340235729054,0.055719714029496714,0.19579930495558598,0.02498128095718677,0.05445160083816211
2024-12-31,-3.197711188525805,-3.3204756505457573,-3.3675564919765417,-0.02530769218774509,0.7486725223893222,0.029936505304517524,0.037335340165899664
2025-01-31,-3.2438565240948614,-3.2615901809543484,-3.3491545773306477,0.026657806419668972,0.42499287041033273,0.018147132504516605,0.04884212417138285
2025-02-28,-3.336086010210643,-3.2592179076104366,-3.3484203407224187,-0.014344484648482592,0.6114418330335228,0.01721139667253979,0.047082937910418524
2025-03-31,-2.8188957116043185,-3.1329460819699406,-3.285079906897917,-0.05926678538017782,0.6865996248581462,0.02734354178842935,0.05774064533770931
2025-04-30,-1.9836117337402832,-2.7128644851850816,-3.181231265753537,-0.007654161847847618,0.46699026407750543,0.09089487983303712,0.12937425161024604
2025-05-31,-3.0297758721398087,-2.610761105828137,-3.1377860059497427,0.05970544763775365,0.19592827317002642,0.03203997667701941,0.062168707233151196
2025-06-30,-3.5301512629411294,-2.8478462896070735,-3.1007749671636415,0.048415655447620054,0.27933195937853555,0.011360668590102208,0.04432200395699301
2025-07-31,-3.950725844114382,-3.5035509930651068,-3.165651998110034,0.021435178792463816,0.30996958948644915,0.00830437821066532,0.03047004208469515
2025-08-31,-3.3885322185760227,-3.6231364418771776,-3.2086276581459514,0.018886957507387336,0.36414829377816843,0.01612138718556899,0.04142708509574814
2025-09-30,-3.8443096065260804,-3.7278558897388283,-3.2572809779654004,0.03471411909808175,0.27275045392095043,0.008450087623094404,0.04245107689183943
2025-10-31,-3.200563742469265,-3.477801855857123,-3.238951878765415,0.022433352045496235,0.571027902582359,0.027485975439899946,0.0503521226574894
2025-11-30,-3.187697796475165,-3.41085704849017,-3.22599312595148,0.0012987743939572027,0.5545488679128093,0.01669545163092856,0.046788724321753815
2025-12-31,-3.6690396499504754,-3.352433729631635,-3.2652704977368696,-0.000524271828975742,0.567881968146861,0.011659856611370145,0.030854600909359067
2026-01-31,-3.5432590006801346,-3.4666654823685916,-3.290220704118976,0.013570462244290482,0.5970620841814166,0.020842460953261366,0.026387616869546316
2026-02-28,-3.3192704608595482,-3.510523037163386,-3.2888194083397178,-0.008706133376069403,0.514911622775523,0.019504344282200492,0.025851473599510535
2026-03-31,-2.9305194230637723,-3.2643496282011513,-3.2981213842946726,-0.052275556616100616,0.5718489308352828,0.02871489330980026,0.08138872533903475
2026-04-30,-3.2372756219261025,-3.162355168616475,-3.4025933749768242,0.0991513257212322,0.05763716651044287,0.024772038357184556,0.0920083807174733
2026-05-31,-3.511913129771558,-3.226569391587144,-3.44277147977947,0.0501895228551934,0.26264721324648527,0.014482944327745884,0.05133593565651385
2026-06-30,-3.0167824583115244,-3.255323736669728,-3.399990746060336,-0.010703457583106868,0.6060293475950848,0.026801330315359806,0.046092026091407653
2026-07-31,-3.371790235714744,-3.300161941265942,-3.351746112027033,-0.0012862229991714713,0.5193382922708202,0.016468013977055662,0.03482063328887852
2026-08-31,-3.5077496504538077,-3.298774114826692,-3.361680898016848,0.025887282362768715,0.21791619042535984,0.017737942015186192,0.025780233581900912
