run_id,configuration,model,seed,window,target_month,forecast_origin,training_start,training_end,actual_log_rv,previous_log_rv,predicted_log_rv,status
30d8a037387ca5d3572817d56abeb86b6c132dd8d0a5293f9c8c71d9ce1e1451,legacy,HAR,0,571,1997-08-31,1997-07-31,1950-01-31,1997-07-31,-2.997998940254238,-3.1084047309706033,-3.2516303103074007,ok
30d8a037387ca5d3572817d56abeb86b6c132dd8d0a5293f9c8c71d9ce1e1451,legacy,HAR,0,571,1997-09-30,1997-08-31,1950-02-28,1997-08-31,-2.9805233450013167,-2.997998940254238,-3.169907007275752,ok
30d8a037387ca5d3572817d56abeb86b6c132dd8d0a5293f9c8c71d9ce1e1451,legacy,HAR,0,571,1997-10-31,1997-09-30,1950-03-31,1997-09-30,-2.3238652771202104,-2.9805233450013167,-3.140976988075911,ok
30d8a037387ca5d3572817d56abeb86b6c132dd8d0a5293f9c8c71d9ce1e1451,legacy,HAR,0,571,1997-11-30,1997-10-31,1950-04-30,1997-10-31,-2.967779424466623,-2.3238652771202104,-2.7930045745200167,ok
30d8a037387ca5d3572817d56abeb86b6c132dd8d0a5293f9c8c71d9ce1e1451,legacy,HAR,0,571,1997-12-31,1997-11-30,1950-05-31,1997-11-30,-3.0514972683227777,-2.967779424466623,-3.027374163398236,ok
30d8a037387ca5d3572817d56abeb86b6c132dd8d0a5293f9c8c71d9ce1e1451,legacy,HAR,0,571,1998-01-31,1997-12-31,1950-06-30,1997-12-31,-2.998809877493172,-3.0514972683227777,-3.0652675403929335,ok
30d8a037387ca5d3572817d56abeb86b6c132dd8d0a5293f9c8c71d9ce1e1451,legacy,HAR,0,571,1998-02-28,1998-01-31,1950-07-31,1998-01-31,-3.4342451514940397,-2.998809877493172,-3.103294161239768,ok
30d8a037387ca5d3572817d56abeb86b6c132dd8d0a5293f9c8c71d9ce1e1451,legacy,HAR,0,571,1998-03-31,1998-02-28,1950-08-31,1998-02-28,-3.3950363195710853,-3.4342451514940397,-3.312670123521494,ok
30d8a037387ca5d3572817d56abeb86b6c132dd8d0a5293f9c8c71d9ce1e1451,legacy,HAR,0,571,1998-04-30,1998-03-31,1950-09-30,1998-03-31,-3.2134051996183786,-3.3950363195710853,-3.3228050564784875,ok
30d8a037387ca5d3572817d56abeb86b6c132dd8d0a5293f9c8c71d9ce1e1451,legacy,HAR,0,571,1998-05-31,1998-04-30,1950-10-31,1998-04-30,-3.473595749393068,-3.2134051996183786,-3.267037725695694,ok
30d8a037387ca5d3572817d56abeb86b6c132dd8d0a5293f9c8c71d9ce1e1451,legacy,HAR,0,571,1998-06-30,1998-05-31,1950-11-30,1998-05-31,-3.084631870788053,-3.473595749393068,-3.368156772977846,ok
30d8a037387ca5d3572817d56abeb86b6c132dd8d0a5293f9c8c71d9ce1e1451,legacy,HAR,0,571,1998-07-31,1998-06-30,1950-12-31,1998-06-30,-3.0497952329188918,-3.084631870788053,-3.1937054893569092,ok
30d8a037387ca5d3572817d56abeb86b6c132dd8d0a5293f9c8c71d9ce1e1451,legacy,HAR,0,571,1998-08-31,1998-07-31,1951-01-31,1998-07-31,-2.314262503723685,-3.0497952329188918,-3.1617781688446764,ok
30d8a037387ca5d3572817d56abeb86b6c132dd8d0a5293f9c8c71d9ce1e1451,legacy,HAR,0,571,1998-09-30,1998-08-31,1951-02-28,1998-08-31,-2.3129763371118237,-2.314262503723685,-2.780016354154836,ok
30d8a037387ca5d3572817d56abeb86b6c132dd8d0a5293f9c8c71d9ce1e1451,legacy,HAR,0,571,1998-10-31,1998-09-30,1951-03-31,1998-09-30,-2.638868495322673,-2.3129763371118237,-2.702767741952886,ok
30d8a037387ca5d3572817d56abeb86b6c132dd8d0a5293f9c8c71d9ce1e1451,legacy,HAR,0,571,1998-11-30,1998-10-31,1951-04-30,1998-10-31,-3.1231521925257173,-2.638868495322673,-2.806927375368871,ok
30d8a037387ca5d3572817d56abeb86b6c132dd8d0a5293f9c8c71d9ce1e1451,legacy,HAR,0,571,1998-12-31,1998-11-30,1951-05-31,1998-11-30,-2.8614581487687634,-3.1231521925257173,-3.060601650733229,ok
30d8a037387ca5d3572817d56abeb86b6c132dd8d0a5293f9c8c71d9ce1e1451,legacy,HAR,0,571,1999-01-31,1998-12-31,1951-06-30,1998-12-31,-2.8546598491125996,-2.8614581487687634,-2.988716066779321,ok
30d8a037387ca5d3572817d56abeb86b6c132dd8d0a5293f9c8c71d9ce1e1451,legacy,HAR,0,571,1999-02-28,1999-01-31,1951-07-31,1999-01-31,-2.8306547199882983,-2.8546598491125996,-2.996402288612682,ok
30d8a037387ca5d3572817d56abeb86b6c132dd8d0a5293f9c8c71d9ce1e1451,legacy,HAR,0,571,1999-03-31,1999-02-28,1951-08-31,1999-02-28,-2.8717218927726718,-2.8306547199882983,-2.953584772767066,ok
30d8a037387ca5d3572817d56abeb86b6c132dd8d0a5293f9c8c71d9ce1e1451,legacy,HAR,0,571,1999-04-30,1999-03-31,1951-09-30,1999-03-31,-2.9550032409961746,-2.8717218927726718,-2.9572388119405537,ok
30d8a037387ca5d3572817d56abeb86b6c132dd8d0a5293f9c8c71d9ce1e1451,legacy,HAR,0,571,1999-05-31,1999-04-30,1951-10-31,1999-04-30,-2.8875770664081015,-2.9550032409961746,-2.988994980639376,ok
30d8a037387ca5d3572817d56abeb86b6c132dd8d0a5293f9c8c71d9ce1e1451,legacy,HAR,0,571,1999-06-30,1999-05-31,1951-11-30,1999-05-31,-3.0191012625883085,-2.8875770664081015,-2.9546202092110923,ok
30d8a037387ca5d3572817d56abeb86b6c132dd8d0a5293f9c8c71d9ce1e1451,legacy,HAR,0,571,1999-07-31,1999-06-30,1951-12-31,1999-06-30,-3.2101509685854186,-3.0191012625883085,-3.015380741027358,ok
30d8a037387ca5d3572817d56abeb86b6c132dd8d0a5293f9c8c71d9ce1e1451,legacy,HAR,0,571,1999-08-31,1999-07-31,1952-01-31,1999-07-31,-2.9534789867089692,-3.2101509685854186,-3.1126505250777763,ok
30d8a037387ca5d3572817d56abeb86b6c132dd8d0a5293f9c8c71d9ce1e1451,legacy,HAR,0,571,1999-09-30,1999-08-31,1952-02-29,1999-08-31,-2.9564823177564232,-2.9534789867089692,-3.0267678518594003,ok
30d8a037387ca5d3572817d56abeb86b6c132dd8d0a5293f9c8c71d9ce1e1451,legacy,HAR,0,571,1999-10-31,1999-09-30,1952-03-31,1999-09-30,-2.6655450376900633,-2.9564823177564232,-3.0369647245583486,ok
30d8a037387ca5d3572817d56abeb86b6c132dd8d0a5293f9c8c71d9ce1e1451,legacy,HAR,0,571,1999-11-30,1999-10-31,1952-04-30,1999-10-31,-3.3039253672881648,-2.6655450376900633,-2.883372840186568,ok
30d8a037387ca5d3572817d56abeb86b6c132dd8d0a5293f9c8c71d9ce1e1451,legacy,HAR,0,571,1999-12-31,1999-11-30,1952-05-31,1999-11-30,-3.388665152890443,-3.3039253672881648,-3.166419666284202,ok
30d8a037387ca5d3572817d56abeb86b6c132dd8d0a5293f9c8c71d9ce1e1451,legacy,HAR,0,571,2000-01-31,1999-12-31,1952-06-30,1999-12-31,-2.6226733886036615,-3.388665152890443,-3.241376219641329,ok
30d8a037387ca5d3572817d56abeb86b6c132dd8d0a5293f9c8c71d9ce1e1451,legacy,HAR,0,571,2000-02-29,2000-01-31,1952-07-31,2000-01-31,-2.897488125745266,-2.6226733886036615,-2.927956482667062,ok
30d8a037387ca5d3572817d56abeb86b6c132dd8d0a5293f9c8c71d9ce1e1451,legacy,HAR,0,571,2000-03-31,2000-02-29,1952-08-31,2000-02-29,-2.51469776513013,-2.897488125745266,-3.010494085923733,ok
30d8a037387ca5d3572817d56abeb86b6c132dd8d0a5293f9c8c71d9ce1e1451,legacy,HAR,0,571,2000-04-30,2000-03-31,1952-09-30,2000-03-31,-2.4094082379010313,-2.51469776513013,-2.7936581277697847,ok
30d8a037387ca5d3572817d56abeb86b6c132dd8d0a5293f9c8c71d9ce1e1451,legacy,HAR,0,571,2000-05-31,2000-04-30,1952-10-31,2000-04-30,-2.632644632266094,-2.4094082379010313,-2.7218795667358697,ok
30d8a037387ca5d3572817d56abeb86b6c132dd8d0a5293f9c8c71d9ce1e1451,legacy,HAR,0,571,2000-06-30,2000-05-31,1952-11-30,2000-05-31,-3.0278251725128413,-2.632644632266094,-2.7840117792792585,ok
30d8a037387ca5d3572817d56abeb86b6c132dd8d0a5293f9c8c71d9ce1e1451,legacy,HAR,0,571,2000-07-31,2000-06-30,1952-12-31,2000-06-30,-3.088181553822785,-3.0278251725128413,-2.9783253340760294,ok
30d8a037387ca5d3572817d56abeb86b6c132dd8d0a5293f9c8c71d9ce1e1451,legacy,HAR,0,571,2000-08-31,2000-07-31,1953-01-31,2000-07-31,-3.438073668437876,-3.088181553822785,-3.0443527706954443,ok
30d8a037387ca5d3572817d56abeb86b6c132dd8d0a5293f9c8c71d9ce1e1451,legacy,HAR,0,571,2000-09-30,2000-08-31,1953-02-28,2000-08-31,-3.2193963619434802,-3.438073668437876,-3.2489362852964696,ok
30d8a037387ca5d3572817d56abeb86b6c132dd8d0a5293f9c8c71d9ce1e1451,legacy,HAR,0,571,2000-10-31,2000-09-30,1953-03-31,2000-09-30,-2.5991038256087786,-3.2193963619434802,-3.179063948960248,ok
30d8a037387ca5d3572817d56abeb86b6c132dd8d0a5293f9c8c71d9ce1e1451,legacy,HAR,0,571,2000-11-30,2000-10-31,1953-04-30,2000-10-31,-2.8568188775989833,-2.5991038256087786,-2.89284353348108,ok
30d8a037387ca5d3572817d56abeb86b6c132dd8d0a5293f9c8c71d9ce1e1451,legacy,HAR,0,571,2000-12-31,2000-11-30,1953-05-31,2000-11-30,-2.6226966266401908,-2.8568188775989833,-2.949530994075777,ok
30d8a037387ca5d3572817d56abeb86b6c132dd8d0a5293f9c8c71d9ce1e1451,legacy,HAR,0,571,2001-01-31,2000-12-31,1953-06-30,2000-12-31,-2.6642256902470183,-2.6226966266401908,-2.7990565737595468,ok
30d8a037387ca5d3572817d56abeb86b6c132dd8d0a5293f9c8c71d9ce1e1451,legacy,HAR,0,571,2001-02-28,2001-01-31,1953-07-31,2001-01-31,-2.9853721170174463,-2.6642256902470183,-2.8189870038807032,ok
30d8a037387ca5d3572817d56abeb86b6c132dd8d0a5293f9c8c71d9ce1e1451,legacy,HAR,0,571,2001-03-31,2001-02-28,1953-08-31,2001-02-28,-2.462501150398544,-2.9853721170174463,-2.9608392393779157,ok
30d8a037387ca5d3572817d56abeb86b6c132dd8d0a5293f9c8c71d9ce1e1451,legacy,HAR,0,571,2001-04-30,2001-03-31,1953-09-30,2001-03-31,-2.459030693452129,-2.462501150398544,-2.734191160172805,ok
30d8a037387ca5d3572817d56abeb86b6c132dd8d0a5293f9c8c71d9ce1e1451,legacy,HAR,0,571,2001-05-31,2001-04-30,1953-10-31,2001-04-30,-2.9922247396924284,-2.459030693452129,-2.717986545235203,ok
30d8a037387ca5d3572817d56abeb86b6c132dd8d0a5293f9c8c71d9ce1e1451,legacy,HAR,0,571,2001-06-30,2001-05-31,1953-11-30,2001-05-31,-3.246919804266744,-2.9922247396924284,-2.9457133483919264,ok
30d8a037387ca5d3572817d56abeb86b6c132dd8d0a5293f9c8c71d9ce1e1451,legacy,HAR,0,571,2001-07-31,2001-06-30,1953-12-31,2001-06-30,-2.9201817277563444,-3.246919804266744,-3.1046861656416542,ok
30d8a037387ca5d3572817d56abeb86b6c132dd8d0a5293f9c8c71d9ce1e1451,legacy,HAR,0,571,2001-08-31,2001-07-31,1954-01-31,2001-07-31,-3.0514884107311104,-2.9201817277563444,-2.9939643502342337,ok
30d8a037387ca5d3572817d56abeb86b6c132dd8d0a5293f9c8c71d9ce1e1451,legacy,HAR,0,571,2001-09-30,2001-08-31,1954-02-28,2001-08-31,-2.4611074485824003,-3.0514884107311104,-3.0420201800852187,ok
30d8a037387ca5d3572817d56abeb86b6c132dd8d0a5293f9c8c71d9ce1e1451,legacy,HAR,0,571,2001-10-31,2001-09-30,1954-03-31,2001-09-30,-2.8652673663392614,-2.4611074485824003,-2.7331175241471053,ok
30d8a037387ca5d3572817d56abeb86b6c132dd8d0a5293f9c8c71d9ce1e1451,legacy,HAR,0,571,2001-11-30,2001-10-31,1954-04-30,2001-10-31,-3.0669535317160372,-2.8652673663392614,-2.9015838109737357,ok
30d8a037387ca5d3572817d56abeb86b6c132dd8d0a5293f9c8c71d9ce1e1451,legacy,HAR,0,571,2001-12-31,2001-11-30,1954-05-31,2001-11-30,-3.161773107603656,-3.0669535317160372,-2.9900264210520104,ok
30d8a037387ca5d3572817d56abeb86b6c132dd8d0a5293f9c8c71d9ce1e1451,legacy,HAR,0,571,2002-01-31,2001-12-31,1954-06-30,2001-12-31,-3.0579996618641534,-3.161773107603656,-3.083551599165777,ok
30d8a037387ca5d3572817d56abeb86b6c132dd8d0a5293f9c8c71d9ce1e1451,legacy,HAR,0,571,2002-02-28,2002-01-31,1954-07-31,2002-01-31,-2.9799350071903916,-3.0579996618641534,-3.0611753928190453,ok
30d8a037387ca5d3572817d56abeb86b6c132dd8d0a5293f9c8c71d9ce1e1451,legacy,HAR,0,571,2002-03-31,2002-02-28,1954-08-31,2002-02-28,-3.10739363963361,-2.9799350071903916,-3.0238735859993584,ok
30d8a037387ca5d3572817d56abeb86b6c132dd8d0a5293f9c8c71d9ce1e1451,legacy,HAR,0,571,2002-04-30,2002-03-31,1954-09-30,2002-03-31,-3.0313070929650197,-3.10739363963361,-3.0885469488171386,ok
30d8a037387ca5d3572817d56abeb86b6c132dd8d0a5293f9c8c71d9ce1e1451,legacy,HAR,0,571,2002-05-31,2002-04-30,1954-10-31,2002-04-30,-2.7538487761487103,-3.0313070929650197,-3.069604995804223,ok
30d8a037387ca5d3572817d56abeb86b6c132dd8d0a5293f9c8c71d9ce1e1451,legacy,HAR,0,571,2002-06-30,2002-05-31,1954-11-30,2002-05-31,-2.7963899311292977,-2.7538487761487103,-2.9364092858264335,ok
30d8a037387ca5d3572817d56abeb86b6c132dd8d0a5293f9c8c71d9ce1e1451,legacy,HAR,0,571,2002-07-31,2002-06-30,1954-12-31,2002-06-30,-2.0936717644219573,-2.7963899311292977,-2.9241426992733173,ok
30d8a037387ca5d3572817d56abeb86b6c132dd8d0a5293f9c8c71d9ce1e1451,legacy,HAR,0,571,2002-08-31,2002-07-31,1955-01-31,2002-07-31,-2.334965250310743,-2.0936717644219573,-2.5573320063079388,ok
30d8a037387ca5d3572817d56abeb86b6c132dd8d0a5293f9c8c71d9ce1e1451,legacy,HAR,0,571,2002-09-30,2002-08-31,1955-02-28,2002-08-31,-2.4457724947083546,-2.334965250310743,-2.613728239470161,ok
30d8a037387ca5d3572817d56abeb86b6c132dd8d0a5293f9c8c71d9ce1e1451,legacy,HAR,0,571,2002-10-31,2002-09-30,1955-03-31,2002-09-30,-2.2381485874590115,-2.4457724947083546,-2.6344233584797743,ok
30d8a037387ca5d3572817d56abeb86b6c132dd8d0a5293f9c8c71d9ce1e1451,legacy,HAR,0,571,2002-11-30,2002-10-31,1955-04-30,2002-10-31,-2.710705924175827,-2.2381485874590115,-2.536266172291025,ok
30d8a037387ca5d3572817d56abeb86b6c132dd8d0a5293f9c8c71d9ce1e1451,legacy,HAR,0,571,2002-12-31,2002-11-30,1955-05-31,2002-11-30,-2.9669397498106065,-2.710705924175827,-2.747859712017211,ok
30d8a037387ca5d3572817d56abeb86b6c132dd8d0a5293f9c8c71d9ce1e1451,legacy,HAR,0,571,2003-01-31,2002-12-31,1955-06-30,2002-12-31,-2.6330623630544365,-2.9669397498106065,-2.8826335433149013,ok
30d8a037387ca5d3572817d56abeb86b6c132dd8d0a5293f9c8c71d9ce1e1451,legacy,HAR,0,571,2003-02-28,2003-01-31,1955-07-31,2003-01-31,-2.9840745753000455,-2.6330623630544365,-2.7500792339034805,ok
30d8a037387ca5d3572817d56abeb86b6c132dd8d0a5293f9c8c71d9ce1e1451,legacy,HAR,0,571,2003-03-31,2003-02-28,1955-08-31,2003-02-28,-2.548760188534542,-2.9840745753000455,-2.9164151307393387,ok
30d8a037387ca5d3572817d56abeb86b6c132dd8d0a5293f9c8c71d9ce1e1451,legacy,HAR,0,571,2003-04-30,2003-03-31,1955-09-30,2003-03-31,-2.9002583606826637,-2.548760188534542,-2.6919916014192333,ok
30d8a037387ca5d3572817d56abeb86b6c132dd8d0a5293f9c8c71d9ce1e1451,legacy,HAR,0,571,2003-05-31,2003-04-30,1955-10-31,2003-04-30,-3.054018052228417,-2.9002583606826637,-2.854395404632149,ok
30d8a037387ca5d3572817d56abeb86b6c132dd8d0a5293f9c8c71d9ce1e1451,legacy,HAR,0,571,2003-06-30,2003-05-31,1955-11-30,2003-05-31,-3.1099359128331163,-3.054018052228417,-2.9334616303255605,ok
30d8a037387ca5d3572817d56abeb86b6c132dd8d0a5293f9c8c71d9ce1e1451,legacy,HAR,0,571,2003-07-31,2003-06-30,1955-12-31,2003-06-30,-3.0977800803014732,-3.1099359128331163,-2.9970923837265304,ok
30d8a037387ca5d3572817d56abeb86b6c132dd8d0a5293f9c8c71d9ce1e1451,legacy,HAR,0,571,2003-08-31,2003-07-31,1956-01-31,2003-07-31,-3.468517511759465,-3.0977800803014732,-3.0286494443574394,ok
30d8a037387ca5d3572817d56abeb86b6c132dd8d0a5293f9c8c71d9ce1e1451,legacy,HAR,0,571,2003-09-30,2003-08-31,1956-02-29,2003-08-31,-3.140232437438156,-3.468517511759465,-3.240953816556996,ok
30d8a037387ca5d3572817d56abeb86b6c132dd8d0a5293f9c8c71d9ce1e1451,legacy,HAR,0,571,2003-10-31,2003-09-30,1956-03-31,2003-09-30,-3.2870041546527653,-3.140232437438156,-3.119431262750915,ok
30d8a037387ca5d3572817d56abeb86b6c132dd8d0a5293f9c8c71d9ce1e1451,legacy,HAR,0,571,2003-11-30,2003-10-31,1956-04-30,2003-10-31,-3.4985470857007,-3.2870041546527653,-3.2179929330204162,ok
30d8a037387ca5d3572817d56abeb86b6c132dd8d0a5293f9c8c71d9ce1e1451,legacy,HAR,0,571,2003-12-31,2003-11-30,1956-05-31,2003-11-30,-3.513401310816597,-3.4985470857007,-3.3281745938373057,ok
30d8a037387ca5d3572817d56abeb86b6c132dd8d0a5293f9c8c71d9ce1e1451,legacy,HAR,0,571,2004-01-31,2003-12-31,1956-06-30,2003-12-31,-3.4650613410497333,-3.513401310816597,-3.3718328447506627,ok
30d8a037387ca5d3572817d56abeb86b6c132dd8d0a5293f9c8c71d9ce1e1451,legacy,HAR,0,571,2004-02-29,2004-01-31,1956-07-31,2004-01-31,-3.7030672085876466,-3.4650613410497333,-3.380961553102613,ok
30d8a037387ca5d3572817d56abeb86b6c132dd8d0a5293f9c8c71d9ce1e1451,legacy,HAR,0,571,2004-03-31,2004-02-29,1956-08-31,2004-02-29,-3.1111763767700684,-3.7030672085876466,-3.510365377897342,ok
30d8a037387ca5d3572817d56abeb86b6c132dd8d0a5293f9c8c71d9ce1e1451,legacy,HAR,0,571,2004-04-30,2004-03-31,1956-09-30,2004-03-31,-3.3476570468612863,-3.1111763767700684,-3.2475015169198853,ok
30d8a037387ca5d3572817d56abeb86b6c132dd8d0a5293f9c8c71d9ce1e1451,legacy,HAR,0,571,2004-05-31,2004-04-30,1956-10-31,2004-04-30,-3.465504072923295,-3.3476570468612863,-3.351908453832266,ok
30d8a037387ca5d3572817d56abeb86b6c132dd8d0a5293f9c8c71d9ce1e1451,legacy,HAR,0,571,2004-06-30,2004-05-31,1956-11-30,2004-05-31,-3.585854204402475,-3.465504072923295,-3.3970153163380683,ok
30d8a037387ca5d3572817d56abeb86b6c132dd8d0a5293f9c8c71d9ce1e1451,legacy,HAR,0,571,2004-07-31,2004-06-30,1956-12-31,2004-06-30,-3.5773152908117005,-3.585854204402475,-3.4877211251717104,ok
30d8a037387ca5d3572817d56abeb86b6c132dd8d0a5293f9c8c71d9ce1e1451,legacy,HAR,0,571,2004-08-31,2004-07-31,1957-01-31,2004-07-31,-3.2695206621770985,-3.5773152908117005,-3.5086593212306902,ok
30d8a037387ca5d3572817d56abeb86b6c132dd8d0a5293f9c8c71d9ce1e1451,legacy,HAR,0,571,2004-09-30,2004-08-31,1957-02-28,2004-08-31,-3.6272968251254625,-3.2695206621770985,-3.3616685778462054,ok
30d8a037387ca5d3572817d56abeb86b6c132dd8d0a5293f9c8c71d9ce1e1451,legacy,HAR,0,571,2004-10-31,2004-09-30,1957-03-31,2004-09-30,-3.35206685176624,-3.6272968251254625,-3.5265385957658983,ok
30d8a037387ca5d3572817d56abeb86b6c132dd8d0a5293f9c8c71d9ce1e1451,legacy,HAR,0,571,2004-11-30,2004-10-31,1957-04-30,2004-10-31,-3.5343348563403656,-3.35206685176624,-3.39746652739904,ok
30d8a037387ca5d3572817d56abeb86b6c132dd8d0a5293f9c8c71d9ce1e1451,legacy,HAR,0,571,2004-12-31,2004-11-30,1957-05-31,2004-11-30,-3.615011393242337,-3.5343348563403656,-3.490000215666714,ok
30d8a037387ca5d3572817d56abeb86b6c132dd8d0a5293f9c8c71d9ce1e1451,legacy,HAR,0,571,2005-01-31,2004-12-31,1957-06-30,2004-12-31,-3.550604189909233,-3.615011393242337,-3.5252548648407265,ok
30d8a037387ca5d3572817d56abeb86b6c132dd8d0a5293f9c8c71d9ce1e1451,legacy,HAR,0,571,2005-02-28,2005-01-31,1957-07-31,2005-01-31,-3.543820432764916,-3.550604189909233,-3.512016676217038,ok
30d8a037387ca5d3572817d56abeb86b6c132dd8d0a5293f9c8c71d9ce1e1451,legacy,HAR,0,571,2005-03-31,2005-02-28,1957-08-31,2005-02-28,-3.5291465415700136,-3.543820432764916,-3.5059704670736886,ok
30d8a037387ca5d3572817d56abeb86b6c132dd8d0a5293f9c8c71d9ce1e1451,legacy,HAR,0,571,2005-04-30,2005-03-31,1957-09-30,2005-03-31,-3.152720424000165,-3.5291465415700136,-3.5060672095357486,ok
30d8a037387ca5d3572817d56abeb86b6c132dd8d0a5293f9c8c71d9ce1e1451,legacy,HAR,0,571,2005-05-31,2005-04-30,1957-10-31,2005-04-30,-3.531069871409308,-3.152720424000165,-3.3207559213518936,ok
30d8a037387ca5d3572817d56abeb86b6c132dd8d0a5293f9c8c71d9ce1e1451,legacy,HAR,0,571,2005-06-30,2005-05-31,1957-11-30,2005-05-31,-3.760011284416737,-3.531069871409308,-3.4793358324564885,ok
30d8a037387ca5d3572817d56abeb86b6c132dd8d0a5293f9c8c71d9ce1e1451,legacy,HAR,0,571,2005-07-31,2005-06-30,1957-12-31,2005-06-30,-3.670772300891824,-3.760011284416737,-3.592129363067455,ok
30d8a037387ca5d3572817d56abeb86b6c132dd8d0a5293f9c8c71d9ce1e1451,legacy,HAR,0,571,2005-08-31,2005-07-31,1958-01-31,2005-07-31,-3.63388825571129,-3.670772300891824,-3.589964919298975,ok
30d8a037387ca5d3572817d56abeb86b6c132dd8d0a5293f9c8c71d9ce1e1451,legacy,HAR,0,571,2005-09-30,2005-08-31,1958-02-28,2005-08-31,-3.6631012230129896,-3.63388825571129,-3.5904643673851497,ok
30d8a037387ca5d3572817d56abeb86b6c132dd8d0a5293f9c8c71d9ce1e1451,legacy,HAR,0,571,2005-10-31,2005-09-30,1958-03-31,2005-09-30,-3.1557527692250877,-3.6631012230129896,-3.596797617909225,ok
30d8a037387ca5d3572817d56abeb86b6c132dd8d0a5293f9c8c71d9ce1e1451,legacy,HAR,0,571,2005-11-30,2005-10-31,1958-04-30,2005-10-31,-3.7638501534181033,-3.1557527692250877,-3.352788643826264,ok
30d8a037387ca5d3572817d56abeb86b6c132dd8d0a5293f9c8c71d9ce1e1451,legacy,HAR,0,571,2005-12-31,2005-11-30,1958-05-31,2005-11-30,-3.873253742668005,-3.7638501534181033,-3.6104516332394994,ok
30d8a037387ca5d3572817d56abeb86b6c132dd8d0a5293f9c8c71d9ce1e1451,legacy,HAR,0,571,2006-01-31,2005-12-31,1958-06-30,2005-12-31,-3.4661978775292708,-3.873253742668005,-3.6748411548572086,ok
30d8a037387ca5d3572817d56abeb86b6c132dd8d0a5293f9c8c71d9ce1e1451,legacy,HAR,0,571,2006-02-28,2006-01-31,1958-07-31,2006-01-31,-3.670294829123373,-3.4661978775292708,-3.530587589325372,ok
30d8a037387ca5d3572817d56abeb86b6c132dd8d0a5293f9c8c71d9ce1e1451,legacy,HAR,0,571,2006-03-31,2006-02-28,1958-08-31,2006-02-28,-3.7601645367414083,-3.670294829123373,-3.608499899953048,ok
30d8a037387ca5d3572817d56abeb86b6c132dd8d0a5293f9c8c71d9ce1e1451,legacy,HAR,0,571,2006-04-30,2006-03-31,1958-09-30,2006-03-31,-3.7197949446689256,-3.7601645367414083,-3.642021086215764,ok
30d8a037387ca5d3572817d56abeb86b6c132dd8d0a5293f9c8c71d9ce1e1451,legacy,HAR,0,571,2006-05-31,2006-04-30,1958-10-31,2006-04-30,-3.2999604149500312,-3.7197949446689256,-3.655590941795402,ok
30d8a037387ca5d3572817d56abeb86b6c132dd8d0a5293f9c8c71d9ce1e1451,legacy,HAR,0,571,2006-06-30,2006-05-31,1958-11-30,2006-05-31,-3.085582461863455,-3.2999604149500312,-3.458549220459534,ok
30d8a037387ca5d3572817d56abeb86b6c132dd8d0a5293f9c8c71d9ce1e1451,legacy,HAR,0,571,2006-07-31,2006-06-30,1958-12-31,2006-06-30,-3.2709844618608197,-3.085582461863455,-3.312316396008687,ok
30d8a037387ca5d3572817d56abeb86b6c132dd8d0a5293f9c8c71d9ce1e1451,legacy,HAR,0,571,2006-08-31,2006-07-31,1959-01-31,2006-07-31,-3.8405365199338846,-3.2709844618608197,-3.347294690653529,ok
30d8a037387ca5d3572817d56abeb86b6c132dd8d0a5293f9c8c71d9ce1e1451,legacy,HAR,0,571,2006-09-30,2006-08-31,1959-02-28,2006-08-31,-3.783882481202963,-3.8405365199338846,-3.6172381785417906,ok
30d8a037387ca5d3572817d56abeb86b6c132dd8d0a5293f9c8c71d9ce1e1451,legacy,HAR,0,571,2006-10-31,2006-09-30,1959-03-31,2006-09-30,-3.8554878543326674,-3.783882481202963,-3.6428625178152507,ok
30d8a037387ca5d3572817d56abeb86b6c132dd8d0a5293f9c8c71d9ce1e1451,legacy,HAR,0,571,2006-11-30,2006-10-31,1959-04-30,2006-10-31,-3.716627101662895,-3.8554878543326674,-3.724268135569761,ok
30d8a037387ca5d3572817d56abeb86b6c132dd8d0a5293f9c8c71d9ce1e1451,legacy,HAR,0,571,2006-12-31,2006-11-30,1959-05-31,2006-11-30,-3.9701695128147905,-3.716627101662895,-3.658495076399852,ok
30d8a037387ca5d3572817d56abeb86b6c132dd8d0a5293f9c8c71d9ce1e1451,legacy,HAR,0,571,2007-01-31,2006-12-31,1959-06-30,2006-12-31,-3.8522491840295054,-3.9701695128147905,-3.7765395568136095,ok
30d8a037387ca5d3572817d56abeb86b6c132dd8d0a5293f9c8c71d9ce1e1451,legacy,HAR,0,571,2007-02-28,2007-01-31,1959-07-31,2007-01-31,-3.2447480356532115,-3.8522491840295054,-3.7385637946090284,ok
30d8a037387ca5d3572817d56abeb86b6c132dd8d0a5293f9c8c71d9ce1e1451,legacy,HAR,0,571,2007-03-31,2007-02-28,1959-08-31,2007-02-28,-3.222494860521297,-3.2447480356532115,-3.4483226786054963,ok
30d8a037387ca5d3572817d56abeb86b6c132dd8d0a5293f9c8c71d9ce1e1451,legacy,HAR,0,571,2007-04-30,2007-03-31,1959-09-30,2007-03-31,-3.7287460922933597,-3.222494860521297,-3.3808741679182504,ok
30d8a037387ca5d3572817d56abeb86b6c132dd8d0a5293f9c8c71d9ce1e1451,legacy,HAR,0,571,2007-05-31,2007-04-30,1959-10-31,2007-04-30,-3.6341144694358256,-3.7287460922933597,-3.5842382943775033,ok
30d8a037387ca5d3572817d56abeb86b6c132dd8d0a5293f9c8c71d9ce1e1451,legacy,HAR,0,571,2007-06-30,2007-05-31,1959-11-30,2007-05-31,-3.258361421759635,-3.6341144694358256,-3.5761769945497854,ok
30d8a037387ca5d3572817d56abeb86b6c132dd8d0a5293f9c8c71d9ce1e1451,legacy,HAR,0,571,2007-07-31,2007-06-30,1959-12-31,2007-06-30,-3.0061550064305833,-3.258361421759635,-3.4263082899061112,ok
30d8a037387ca5d3572817d56abeb86b6c132dd8d0a5293f9c8c71d9ce1e1451,legacy,HAR,0,571,2007-08-31,2007-07-31,1960-01-31,2007-07-31,-2.633783081660371,-3.0061550064305833,-3.270500444793779,ok
30d8a037387ca5d3572817d56abeb86b6c132dd8d0a5293f9c8c71d9ce1e1451,legacy,HAR,0,571,2007-09-30,2007-08-31,1960-02-29,2007-08-31,-3.1472509000198614,-2.633783081660371,-3.0208815013759924,ok
30d8a037387ca5d3572817d56abeb86b6c132dd8d0a5293f9c8c71d9ce1e1451,legacy,HAR,0,571,2007-10-31,2007-09-30,1960-03-31,2007-09-30,-3.190739924075638,-3.1472509000198614,-3.215861943362701,ok
30d8a037387ca5d3572817d56abeb86b6c132dd8d0a5293f9c8c71d9ce1e1451,legacy,HAR,0,571,2007-11-30,2007-10-31,1960-04-30,2007-10-31,-2.587719024765528,-3.190739924075638,-3.2299053780422167,ok
30d8a037387ca5d3572817d56abeb86b6c132dd8d0a5293f9c8c71d9ce1e1451,legacy,HAR,0,571,2007-12-31,2007-11-30,1960-05-31,2007-11-30,-3.02436059658321,-2.587719024765528,-2.9485945532054254,ok
30d8a037387ca5d3572817d56abeb86b6c132dd8d0a5293f9c8c71d9ce1e1451,legacy,HAR,0,571,2008-01-31,2007-12-31,1960-06-30,2007-12-31,-2.661249374022387,-3.02436059658321,-3.0983210275850657,ok
30d8a037387ca5d3572817d56abeb86b6c132dd8d0a5293f9c8c71d9ce1e1451,legacy,HAR,0,571,2008-02-29,2008-01-31,1960-07-31,2008-01-31,-2.8603506881048415,-2.661249374022387,-2.8859315559893517,ok
30d8a037387ca5d3572817d56abeb86b6c132dd8d0a5293f9c8c71d9ce1e1451,legacy,HAR,0,571,2008-03-31,2008-02-29,1960-08-31,2008-02-29,-2.538344113377069,-2.8603506881048415,-2.9773818986968683,ok
30d8a037387ca5d3572817d56abeb86b6c132dd8d0a5293f9c8c71d9ce1e1451,legacy,HAR,0,571,2008-04-30,2008-03-31,1960-09-30,2008-03-31,-2.9300382779186895,-2.538344113377069,-2.7950119857842246,ok
30d8a037387ca5d3572817d56abeb86b6c132dd8d0a5293f9c8c71d9ce1e1451,legacy,HAR,0,571,2008-05-31,2008-04-30,1960-10-31,2008-04-30,-3.204756024564677,-2.9300382779186895,-2.9575462321201034,ok
30d8a037387ca5d3572817d56abeb86b6c132dd8d0a5293f9c8c71d9ce1e1451,legacy,HAR,0,571,2008-06-30,2008-05-31,1960-11-30,2008-05-31,-2.8296817644581433,-3.204756024564677,-3.086188777377615,ok
30d8a037387ca5d3572817d56abeb86b6c132dd8d0a5293f9c8c71d9ce1e1451,legacy,HAR,0,571,2008-07-31,2008-06-30,1960-12-31,2008-06-30,-2.705460207716502,-2.8296817644581433,-2.943180812715556,ok
30d8a037387ca5d3572817d56abeb86b6c132dd8d0a5293f9c8c71d9ce1e1451,legacy,HAR,0,571,2008-08-31,2008-07-31,1961-01-31,2008-07-31,-2.837812391125573,-2.705460207716502,-2.8693280314145406,ok
30d8a037387ca5d3572817d56abeb86b6c132dd8d0a5293f9c8c71d9ce1e1451,legacy,HAR,0,571,2008-09-30,2008-08-31,1961-02-28,2008-08-31,-1.8529192183645744,-2.837812391125573,-2.9007267175901648,ok
30d8a037387ca5d3572817d56abeb86b6c132dd8d0a5293f9c8c71d9ce1e1451,legacy,HAR,0,571,2008-10-31,2008-09-30,1961-03-31,2008-09-30,-1.42971613203937,-1.8529192183645744,-2.396874883309385,ok
30d8a037387ca5d3572817d56abeb86b6c132dd8d0a5293f9c8c71d9ce1e1451,legacy,HAR,0,571,2008-11-30,2008-10-31,1961-04-30,2008-10-31,-1.656316012106184,-1.42971613203937,-2.06681606149696,ok
30d8a037387ca5d3572817d56abeb86b6c132dd8d0a5293f9c8c71d9ce1e1451,legacy,HAR,0,571,2008-12-31,2008-11-30,1961-05-31,2008-11-30,-1.94077400987452,-1.656316012106184,-2.0459429113046825,ok
30d8a037387ca5d3572817d56abeb86b6c132dd8d0a5293f9c8c71d9ce1e1451,legacy,HAR,0,571,2009-01-31,2008-12-31,1961-06-30,2008-12-31,-2.206526753661318,-1.94077400987452,-2.1519997770102584,ok
30d8a037387ca5d3572817d56abeb86b6c132dd8d0a5293f9c8c71d9ce1e1451,legacy,HAR,0,571,2009-02-28,2009-01-31,1961-07-31,2009-01-31,-2.2946239453922495,-2.206526753661318,-2.3160494763362185,ok
30d8a037387ca5d3572817d56abeb86b6c132dd8d0a5293f9c8c71d9ce1e1451,legacy,HAR,0,571,2009-03-31,2009-02-28,1961-08-31,2009-02-28,-1.9582508837470343,-2.2946239453922495,-2.3838677211217836,ok
30d8a037387ca5d3572817d56abeb86b6c132dd8d0a5293f9c8c71d9ce1e1451,legacy,HAR,0,571,2009-04-30,2009-03-31,1961-09-30,2009-03-31,-2.443587835277547,-1.9582508837470343,-2.2127052271798586,ok
30d8a037387ca5d3572817d56abeb86b6c132dd8d0a5293f9c8c71d9ce1e1451,legacy,HAR,0,571,2009-05-31,2009-04-30,1961-10-31,2009-04-30,-2.5321700284042636,-2.443587835277547,-2.441747221962033,ok
30d8a037387ca5d3572817d56abeb86b6c132dd8d0a5293f9c8c71d9ce1e1451,legacy,HAR,0,571,2009-06-30,2009-05-31,1961-11-30,2009-05-31,-2.8287513462734335,-2.5321700284042636,-2.485678898203499,ok
30d8a037387ca5d3572817d56abeb86b6c132dd8d0a5293f9c8c71d9ce1e1451,legacy,HAR,0,571,2009-07-31,2009-06-30,1961-12-31,2009-06-30,-2.793345786712595,-2.8287513462734335,-2.6847240696770056,ok
30d8a037387ca5d3572817d56abeb86b6c132dd8d0a5293f9c8c71d9ce1e1451,legacy,HAR,0,571,2009-08-31,2009-07-31,1962-01-31,2009-07-31,-3.0644616714098785,-2.793345786712595,-2.6956545991158265,ok
30d8a037387ca5d3572817d56abeb86b6c132dd8d0a5293f9c8c71d9ce1e1451,legacy,HAR,0,571,2009-09-30,2009-08-31,1962-02-28,2009-08-31,-3.130025280604083,-3.0644616714098785,-2.870041032887128,ok
30d8a037387ca5d3572817d56abeb86b6c132dd8d0a5293f9c8c71d9ce1e1451,legacy,HAR,0,571,2009-10-31,2009-09-30,1962-03-31,2009-09-30,-2.7700971285615434,-3.130025280604083,-2.9517850208606946,ok
30d8a037387ca5d3572817d56abeb86b6c132dd8d0a5293f9c8c71d9ce1e1451,legacy,HAR,0,571,2009-11-30,2009-10-31,1962-04-30,2009-10-31,-3.1107964455907346,-2.7700971285615434,-2.803952001798807,ok
30d8a037387ca5d3572817d56abeb86b6c132dd8d0a5293f9c8c71d9ce1e1451,legacy,HAR,0,571,2009-12-31,2009-11-30,1962-05-31,2009-11-30,-3.4880632358514134,-3.1107964455907346,-2.9979938472435097,ok
30d8a037387ca5d3572817d56abeb86b6c132dd8d0a5293f9c8c71d9ce1e1451,legacy,HAR,0,571,2010-01-31,2009-12-31,1962-06-30,2009-12-31,-3.1051107340740467,-3.4880632358514134,-3.225399833129749,ok
30d8a037387ca5d3572817d56abeb86b6c132dd8d0a5293f9c8c71d9ce1e1451,legacy,HAR,0,571,2010-02-28,2010-01-31,1962-07-31,2010-01-31,-3.0178391591893847,-3.1051107340740467,-3.0972332676040315,ok
30d8a037387ca5d3572817d56abeb86b6c132dd8d0a5293f9c8c71d9ce1e1451,legacy,HAR,0,571,2010-03-31,2010-02-28,1962-08-31,2010-02-28,-3.6861498116127507,-3.0178391591893847,-3.0659207821054144,ok
30d8a037387ca5d3572817d56abeb86b6c132dd8d0a5293f9c8c71d9ce1e1451,legacy,HAR,0,571,2010-04-30,2010-03-31,1962-09-30,2010-03-31,-3.1571807998960457,-3.6861498116127507,-3.400774213986491,ok
30d8a037387ca5d3572817d56abeb86b6c132dd8d0a5293f9c8c71d9ce1e1451,legacy,HAR,0,571,2010-05-31,2010-04-30,1962-10-31,2010-04-30,-2.407193011304442,-3.1571807998960457,-3.1964539878381717,ok
30d8a037387ca5d3572817d56abeb86b6c132dd8d0a5293f9c8c71d9ce1e1451,legacy,HAR,0,571,2010-06-30,2010-05-31,1962-11-30,2010-05-31,-2.590131684949471,-2.407193011304442,-2.8225992338454677,ok
30d8a037387ca5d3572817d56abeb86b6c132dd8d0a5293f9c8c71d9ce1e1451,legacy,HAR,0,571,2010-07-31,2010-06-30,1962-12-31,2010-06-30,-2.852932567849959,-2.590131684949471,-2.793789743002593,ok
30d8a037387ca5d3572817d56abeb86b6c132dd8d0a5293f9c8c71d9ce1e1451,legacy,HAR,0,571,2010-08-31,2010-07-31,1963-01-31,2010-07-31,-2.9530416640092794,-2.852932567849959,-2.87843141099894,ok
30d8a037387ca5d3572817d56abeb86b6c132dd8d0a5293f9c8c71d9ce1e1451,legacy,HAR,0,571,2010-09-30,2010-08-31,1963-02-28,2010-08-31,-3.038118590021741,-2.9530416640092794,-2.9671732860816844,ok
30d8a037387ca5d3572817d56abeb86b6c132dd8d0a5293f9c8c71d9ce1e1451,legacy,HAR,0,571,2010-10-31,2010-09-30,1963-03-31,2010-09-30,-3.418407956833649,-3.038118590021741,-3.0411132700867705,ok
30d8a037387ca5d3572817d56abeb86b6c132dd8d0a5293f9c8c71d9ce1e1451,legacy,HAR,0,571,2010-11-30,2010-10-31,1963-04-30,2010-10-31,-3.1787815912351842,-3.418407956833649,-3.2620840706352854,ok
30d8a037387ca5d3572817d56abeb86b6c132dd8d0a5293f9c8c71d9ce1e1451,legacy,HAR,0,571,2010-12-31,2010-11-30,1963-05-31,2010-11-30,-3.553444149972958,-3.1787815912351842,-3.180555980273361,ok
30d8a037387ca5d3572817d56abeb86b6c132dd8d0a5293f9c8c71d9ce1e1451,legacy,HAR,0,571,2011-01-31,2010-12-31,1963-06-30,2010-12-31,-3.5254625792369607,-3.553444149972958,-3.3819106950816424,ok
30d8a037387ca5d3572817d56abeb86b6c132dd8d0a5293f9c8c71d9ce1e1451,legacy,HAR,0,571,2011-02-28,2011-01-31,1963-07-31,2011-01-31,-3.421017028944507,-3.5254625792369607,-3.385641669797595,ok
30d8a037387ca5d3572817d56abeb86b6c132dd8d0a5293f9c8c71d9ce1e1451,legacy,HAR,0,571,2011-03-31,2011-02-28,1963-08-31,2011-02-28,-3.0256567272535344,-3.421017028944507,-3.3702961647958687,ok
30d8a037387ca5d3572817d56abeb86b6c132dd8d0a5293f9c8c71d9ce1e1451,legacy,HAR,0,571,2011-04-30,2011-03-31,1963-09-30,2011-03-31,-3.6813619979803685,-3.0256567272535344,-3.1450648218341866,ok
30d8a037387ca5d3572817d56abeb86b6c132dd8d0a5293f9c8c71d9ce1e1451,legacy,HAR,0,571,2011-05-31,2011-04-30,1963-10-31,2011-04-30,-3.4864984354795028,-3.6813619979803685,-3.4440633977114343,ok
30d8a037387ca5d3572817d56abeb86b6c132dd8d0a5293f9c8c71d9ce1e1451,legacy,HAR,0,571,2011-06-30,2011-05-31,1963-11-30,2011-05-31,-3.0353184736868135,-3.4864984354795028,-3.388230013581375,ok
30d8a037387ca5d3572817d56abeb86b6c132dd8d0a5293f9c8c71d9ce1e1451,legacy,HAR,0,571,2011-07-31,2011-06-30,1963-12-31,2011-06-30,-3.1500524848844638,-3.0353184736868135,-3.212080167977481,ok
30d8a037387ca5d3572817d56abeb86b6c132dd8d0a5293f9c8c71d9ce1e1451,legacy,HAR,0,571,2011-08-31,2011-07-31,1964-01-31,2011-07-31,-1.9665046707257416,-3.1500524848844638,-3.2155817095629406,ok
30d8a037387ca5d3572817d56abeb86b6c132dd8d0a5293f9c8c71d9ce1e1451,legacy,HAR,0,571,2011-09-30,2011-08-31,1964-02-29,2011-08-31,-2.481306279652722,-1.9665046707257416,-2.565481659730674,ok
30d8a037387ca5d3572817d56abeb86b6c132dd8d0a5293f9c8c71d9ce1e1451,legacy,HAR,0,571,2011-10-31,2011-09-30,1964-03-31,2011-09-30,-2.457655436729706,-2.481306279652722,-2.7224456159283537,ok
30d8a037387ca5d3572817d56abeb86b6c132dd8d0a5293f9c8c71d9ce1e1451,legacy,HAR,0,571,2011-11-30,2011-10-31,1964-04-30,2011-10-31,-2.4359863431041875,-2.457655436729706,-2.630066823776754,ok
30d8a037387ca5d3572817d56abeb86b6c132dd8d0a5293f9c8c71d9ce1e1451,legacy,HAR,0,571,2011-12-31,2011-11-30,1964-05-31,2011-11-30,-2.9483163558607832,-2.4359863431041875,-2.649744162351463,ok
30d8a037387ca5d3572817d56abeb86b6c132dd8d0a5293f9c8c71d9ce1e1451,legacy,HAR,0,571,2012-01-31,2011-12-31,1964-06-30,2011-12-31,-3.6753549263674072,-2.9483163558607832,-2.896037464564677,ok
30d8a037387ca5d3572817d56abeb86b6c132dd8d0a5293f9c8c71d9ce1e1451,legacy,HAR,0,571,2012-02-29,2012-01-31,1964-07-31,2012-01-31,-3.6938984477186816,-3.6753549263674072,-3.3166650661340116,ok
30d8a037387ca5d3572817d56abeb86b6c132dd8d0a5293f9c8c71d9ce1e1451,legacy,HAR,0,571,2012-03-31,2012-02-29,1964-08-31,2012-02-29,-3.3843465262657215,-3.6938984477186816,-3.445719209111691,ok
30d8a037387ca5d3572817d56abeb86b6c132dd8d0a5293f9c8c71d9ce1e1451,legacy,HAR,0,571,2012-04-30,2012-03-31,1964-09-30,2012-03-31,-3.210146241345559,-3.3843465262657215,-3.3570000635261787,ok
30d8a037387ca5d3572817d56abeb86b6c132dd8d0a5293f9c8c71d9ce1e1451,legacy,HAR,0,571,2012-05-31,2012-04-30,1964-10-31,2012-04-30,-3.2497545069314553,-3.210146241345559,-3.234129188382882,ok
30d8a037387ca5d3572817d56abeb86b6c132dd8d0a5293f9c8c71d9ce1e1451,legacy,HAR,0,571,2012-06-30,2012-05-31,1964-11-30,2012-05-31,-2.8366615287918187,-3.2497545069314553,-3.2105969226823454,ok
30d8a037387ca5d3572817d56abeb86b6c132dd8d0a5293f9c8c71d9ce1e1451,legacy,HAR,0,571,2012-07-31,2012-06-30,1964-12-31,2012-06-30,-3.2378719180591355,-2.8366615287918187,-2.9842469017813444,ok
30d8a037387ca5d3572817d56abeb86b6c132dd8d0a5293f9c8c71d9ce1e1451,legacy,HAR,0,571,2012-08-31,2012-07-31,1965-01-31,2012-07-31,-3.6166817154299276,-3.2378719180591355,-3.1590881045305848,ok
30d8a037387ca5d3572817d56abeb86b6c132dd8d0a5293f9c8c71d9ce1e1451,legacy,HAR,0,571,2012-09-30,2012-08-31,1965-02-28,2012-08-31,-3.4378098591980444,-3.6166817154299276,-3.3790891666099814,ok
30d8a037387ca5d3572817d56abeb86b6c132dd8d0a5293f9c8c71d9ce1e1451,legacy,HAR,0,571,2012-10-31,2012-09-30,1965-03-31,2012-09-30,-3.4888694072163897,-3.4378098591980444,-3.367322485982738,ok
30d8a037387ca5d3572817d56abeb86b6c132dd8d0a5293f9c8c71d9ce1e1451,legacy,HAR,0,571,2012-11-30,2012-10-31,1965-04-30,2012-10-31,-3.130457558392097,-3.4888694072163897,-3.4253460893460552,ok
30d8a037387ca5d3572817d56abeb86b6c132dd8d0a5293f9c8c71d9ce1e1451,legacy,HAR,0,571,2012-12-31,2012-11-30,1965-05-31,2012-11-30,-3.438879816972799,-3.130457558392097,-3.2399996714111694,ok
30d8a037387ca5d3572817d56abeb86b6c132dd8d0a5293f9c8c71d9ce1e1451,legacy,HAR,0,571,2013-01-31,2012-12-31,1965-06-30,2012-12-31,-3.5122743260836247,-3.438879816972799,-3.380489852472551,ok
30d8a037387ca5d3572817d56abeb86b6c132dd8d0a5293f9c8c71d9ce1e1451,legacy,HAR,0,571,2013-02-28,2013-01-31,1965-07-31,2013-01-31,-3.3434701265797875,-3.5122743260836247,-3.4129088633996805,ok
30d8a037387ca5d3572817d56abeb86b6c132dd8d0a5293f9c8c71d9ce1e1451,legacy,HAR,0,571,2013-03-31,2013-02-28,1965-08-31,2013-02-28,-3.8179084623195907,-3.3434701265797875,-3.3535581335821782,ok
30d8a037387ca5d3572817d56abeb86b6c132dd8d0a5293f9c8c71d9ce1e1451,legacy,HAR,0,571,2013-04-30,2013-03-31,1965-09-30,2013-03-31,-3.190861789295619,-3.8179084623195907,-3.594796279364667,ok
30d8a037387ca5d3572817d56abeb86b6c132dd8d0a5293f9c8c71d9ce1e1451,legacy,HAR,0,571,2013-05-31,2013-04-30,1965-10-31,2013-04-30,-3.446126454815234,-3.190861789295619,-3.301091267837231,ok
30d8a037387ca5d3572817d56abeb86b6c132dd8d0a5293f9c8c71d9ce1e1451,legacy,HAR,0,571,2013-06-30,2013-05-31,1965-11-30,2013-05-31,-3.0453169802170232,-3.446126454815234,-3.4191200186319994,ok
30d8a037387ca5d3572817d56abeb86b6c132dd8d0a5293f9c8c71d9ce1e1451,legacy,HAR,0,571,2013-07-31,2013-06-30,1965-12-31,2013-06-30,-3.802623427578242,-3.0453169802170232,-3.1827570281750592,ok
30d8a037387ca5d3572817d56abeb86b6c132dd8d0a5293f9c8c71d9ce1e1451,legacy,HAR,0,571,2013-08-31,2013-07-31,1966-01-31,2013-07-31,-3.4765909912871975,-3.802623427578242,-3.5615047517374148,ok
30d8a037387ca5d3572817d56abeb86b6c132dd8d0a5293f9c8c71d9ce1e1451,legacy,HAR,0,571,2013-09-30,2013-08-31,1966-02-28,2013-08-31,-3.6937395473295953,-3.4765909912871975,-3.4258348692417497,ok
30d8a037387ca5d3572817d56abeb86b6c132dd8d0a5293f9c8c71d9ce1e1451,legacy,HAR,0,571,2013-10-31,2013-09-30,1966-03-31,2013-09-30,-3.2760200523947183,-3.6937395473295953,-3.5785590151624502,ok
30d8a037387ca5d3572817d56abeb86b6c132dd8d0a5293f9c8c71d9ce1e1451,legacy,HAR,0,571,2013-11-30,2013-10-31,1966-04-30,2013-10-31,-3.6747290764851526,-3.2760200523947183,-3.356217643532964,ok
30d8a037387ca5d3572817d56abeb86b6c132dd8d0a5293f9c8c71d9ce1e1451,legacy,HAR,0,571,2013-12-31,2013-11-30,1966-05-31,2013-11-30,-3.6040416781045184,-3.6747290764851526,-3.5464819077153225,ok
30d8a037387ca5d3572817d56abeb86b6c132dd8d0a5293f9c8c71d9ce1e1451,legacy,HAR,0,571,2014-01-31,2013-12-31,1966-06-30,2013-12-31,-3.3171375685353466,-3.6040416781045184,-3.5147012171280574,ok
30d8a037387ca5d3572817d56abeb86b6c132dd8d0a5293f9c8c71d9ce1e1451,legacy,HAR,0,571,2014-02-28,2014-01-31,1966-07-31,2014-01-31,-3.3386797926341574,-3.3171375685353466,-3.3912938500339105,ok
30d8a037387ca5d3572817d56abeb86b6c132dd8d0a5293f9c8c71d9ce1e1451,legacy,HAR,0,571,2014-03-31,2014-02-28,1966-08-31,2014-02-28,-3.5256578627092043,-3.3386797926341574,-3.3725417334530077,ok
30d8a037387ca5d3572817d56abeb86b6c132dd8d0a5293f9c8c71d9ce1e1451,legacy,HAR,0,571,2014-04-30,2014-03-31,1966-09-30,2014-03-31,-3.2955126404999024,-3.5256578627092043,-3.445775039693339,ok
30d8a037387ca5d3572817d56abeb86b6c132dd8d0a5293f9c8c71d9ce1e1451,legacy,HAR,0,571,2014-05-31,2014-04-30,1966-10-31,2014-04-30,-3.7483017283266418,-3.2955126404999024,-3.3459516111735006,ok
30d8a037387ca5d3572817d56abeb86b6c132dd8d0a5293f9c8c71d9ce1e1451,legacy,HAR,0,571,2014-06-30,2014-05-31,1966-11-30,2014-05-31,-4.087403595110627,-3.7483017283266418,-3.580383892831221,ok
30d8a037387ca5d3572817d56abeb86b6c132dd8d0a5293f9c8c71d9ce1e1451,legacy,HAR,0,571,2014-07-31,2014-06-30,1966-12-31,2014-06-30,-3.4754874909402718,-4.087403595110627,-3.7903529841356094,ok
30d8a037387ca5d3572817d56abeb86b6c132dd8d0a5293f9c8c71d9ce1e1451,legacy,HAR,0,571,2014-08-31,2014-07-31,1967-01-31,2014-07-31,-3.758175341489735,-3.4754874909402718,-3.5338578763495194,ok
30d8a037387ca5d3572817d56abeb86b6c132dd8d0a5293f9c8c71d9ce1e1451,legacy,HAR,0,571,2014-09-30,2014-08-31,1967-02-28,2014-08-31,-3.6148214505759886,-3.758175341489735,-3.6608256806664885,ok
30d8a037387ca5d3572817d56abeb86b6c132dd8d0a5293f9c8c71d9ce1e1451,legacy,HAR,0,571,2014-10-31,2014-09-30,1967-03-31,2014-09-30,-2.9141171757759734,-3.6148214505759886,-3.5577782605493953,ok
30d8a037387ca5d3572817d56abeb86b6c132dd8d0a5293f9c8c71d9ce1e1451,legacy,HAR,0,571,2014-11-30,2014-10-31,1967-04-30,2014-10-31,-4.403441476450015,-2.9141171757759734,-3.2065568609795285,ok
30d8a037387ca5d3572817d56abeb86b6c132dd8d0a5293f9c8c71d9ce1e1451,legacy,HAR,0,571,2014-12-31,2014-11-30,1967-05-31,2014-11-30,-3.1118286510639352,-4.403441476450015,-3.887427835614107,ok
30d8a037387ca5d3572817d56abeb86b6c132dd8d0a5293f9c8c71d9ce1e1451,legacy,HAR,0,571,2015-01-31,2014-12-31,1967-06-30,2014-12-31,-3.0531195840611964,-3.1118286510639352,-3.3236038667308048,ok
30d8a037387ca5d3572817d56abeb86b6c132dd8d0a5293f9c8c71d9ce1e1451,legacy,HAR,0,571,2015-02-28,2015-01-31,1967-07-31,2015-01-31,-3.562245097331633,-3.0531195840611964,-3.3091952700993064,ok
30d8a037387ca5d3572817d56abeb86b6c132dd8d0a5293f9c8c71d9ce1e1451,legacy,HAR,0,571,2015-03-31,2015-02-28,1967-08-31,2015-02-28,-3.1816129636323156,-3.562245097331633,-3.4219829039954757,ok
30d8a037387ca5d3572817d56abeb86b6c132dd8d0a5293f9c8c71d9ce1e1451,legacy,HAR,0,571,2015-04-30,2015-03-31,1967-09-30,2015-03-31,-3.7301577097521137,-3.1816129636323156,-3.2791281272340855,ok
30d8a037387ca5d3572817d56abeb86b6c132dd8d0a5293f9c8c71d9ce1e1451,legacy,HAR,0,571,2015-05-31,2015-04-30,1967-10-31,2015-04-30,-3.515261724921692,-3.7301577097521137,-3.5566178689048877,ok
30d8a037387ca5d3572817d56abeb86b6c132dd8d0a5293f9c8c71d9ce1e1451,legacy,HAR,0,571,2015-06-30,2015-05-31,1967-11-30,2015-05-31,-3.4246395604529183,-3.515261724921692,-3.469968184919355,ok
30d8a037387ca5d3572817d56abeb86b6c132dd8d0a5293f9c8c71d9ce1e1451,legacy,HAR,0,571,2015-07-31,2015-06-30,1967-12-31,2015-06-30,-3.379834324533906,-3.4246395604529183,-3.4524029655356854,ok
30d8a037387ca5d3572817d56abeb86b6c132dd8d0a5293f9c8c71d9ce1e1451,legacy,HAR,0,571,2015-08-31,2015-07-31,1968-01-31,2015-07-31,-2.567702579344776,-3.379834324533906,-3.396826184556627,ok
30d8a037387ca5d3572817d56abeb86b6c132dd8d0a5293f9c8c71d9ce1e1451,legacy,HAR,0,571,2015-09-30,2015-08-31,1968-02-29,2015-08-31,-2.7509836865610584,-2.567702579344776,-2.9826470558539793,ok
30d8a037387ca5d3572817d56abeb86b6c132dd8d0a5293f9c8c71d9ce1e1451,legacy,HAR,0,571,2015-10-31,2015-09-30,1968-03-31,2015-09-30,-3.219259102962737,-2.7509836865610584,-2.9686675529597744,ok
30d8a037387ca5d3572817d56abeb86b6c132dd8d0a5293f9c8c71d9ce1e1451,legacy,HAR,0,571,2015-11-30,2015-10-31,1968-04-30,2015-10-31,-3.3994804010076436,-3.219259102962737,-3.1326400323843684,ok
30d8a037387ca5d3572817d56abeb86b6c132dd8d0a5293f9c8c71d9ce1e1451,legacy,HAR,0,571,2015-12-31,2015-11-30,1968-05-31,2015-11-30,-2.9313513610844177,-3.3994804010076436,-3.270016052878126,ok
30d8a037387ca5d3572817d56abeb86b6c132dd8d0a5293f9c8c71d9ce1e1451,legacy,HAR,0,571,2016-01-31,2015-12-31,1968-06-30,2015-12-31,-2.721796067769684,-2.9313513610844177,-3.1095048605893507,ok
30d8a037387ca5d3572817d56abeb86b6c132dd8d0a5293f9c8c71d9ce1e1451,legacy,HAR,0,571,2016-02-29,2016-01-31,1968-07-31,2016-01-31,-2.975885937336674,-2.721796067769684,-2.9749063397672897,ok
30d8a037387ca5d3572817d56abeb86b6c132dd8d0a5293f9c8c71d9ce1e1451,legacy,HAR,0,571,2016-03-31,2016-02-29,1968-08-31,2016-02-29,-3.3396579653309333,-2.975885937336674,-3.0196295337941477,ok
30d8a037387ca5d3572817d56abeb86b6c132dd8d0a5293f9c8c71d9ce1e1451,legacy,HAR,0,571,2016-04-30,2016-03-31,1968-09-30,2016-03-31,-3.5543031478531373,-3.3396579653309333,-3.2005877858890655,ok
30d8a037387ca5d3572817d56abeb86b6c132dd8d0a5293f9c8c71d9ce1e1451,legacy,HAR,0,571,2016-05-31,2016-04-30,1968-10-31,2016-04-30,-3.457732751318138,-3.5543031478531373,-3.3601445801213927,ok
30d8a037387ca5d3572817d56abeb86b6c132dd8d0a5293f9c8c71d9ce1e1451,legacy,HAR,0,571,2016-06-30,2016-05-31,1968-11-30,2016-05-31,-2.9208097471793346,-3.457732751318138,-3.368627988461472,ok
30d8a037387ca5d3572817d56abeb86b6c132dd8d0a5293f9c8c71d9ce1e1451,legacy,HAR,0,571,2016-07-31,2016-06-30,1968-12-31,2016-06-30,-3.82748206452236,-2.9208097471793346,-3.1161696264343712,ok
30d8a037387ca5d3572817d56abeb86b6c132dd8d0a5293f9c8c71d9ce1e1451,legacy,HAR,0,571,2016-08-31,2016-07-31,1969-01-31,2016-07-31,-4.092448513398336,-3.82748206452236,-3.4881803692023574,ok
30d8a037387ca5d3572817d56abeb86b6c132dd8d0a5293f9c8c71d9ce1e1451,legacy,HAR,0,571,2016-09-30,2016-08-31,1969-02-28,2016-08-31,-3.192551585892722,-4.092448513398336,-3.677292086758849,ok
30d8a037387ca5d3572817d56abeb86b6c132dd8d0a5293f9c8c71d9ce1e1451,legacy,HAR,0,571,2016-10-31,2016-09-30,1969-03-31,2016-09-30,-3.9566514163288296,-3.192551585892722,-3.374120784845145,ok
30d8a037387ca5d3572817d56abeb86b6c132dd8d0a5293f9c8c71d9ce1e1451,legacy,HAR,0,571,2016-11-30,2016-10-31,1969-04-30,2016-10-31,-3.487974422258749,-3.9566514163288296,-3.678991761751716,ok
30d8a037387ca5d3572817d56abeb86b6c132dd8d0a5293f9c8c71d9ce1e1451,legacy,HAR,0,571,2016-12-31,2016-11-30,1969-05-31,2016-11-30,-3.7787223692336043,-3.487974422258749,-3.4489916931731175,ok
30d8a037387ca5d3572817d56abeb86b6c132dd8d0a5293f9c8c71d9ce1e1451,legacy,HAR,0,571,2017-01-31,2016-12-31,1969-06-30,2016-12-31,-4.001828361753411,-3.7787223692336043,-3.6256915620983197,ok
30d8a037387ca5d3572817d56abeb86b6c132dd8d0a5293f9c8c71d9ce1e1451,legacy,HAR,0,571,2017-02-28,2017-01-31,1969-07-31,2017-01-31,-4.204700139152802,-4.001828361753411,-3.728648161610949,ok
30d8a037387ca5d3572817d56abeb86b6c132dd8d0a5293f9c8c71d9ce1e1451,legacy,HAR,0,571,2017-03-31,2017-02-28,1969-08-31,2017-02-28,-3.7314192152872128,-4.204700139152802,-3.899768511393644,ok
30d8a037387ca5d3572817d56abeb86b6c132dd8d0a5293f9c8c71d9ce1e1451,legacy,HAR,0,571,2017-04-30,2017-03-31,1969-09-30,2017-03-31,-3.926652018374449,-3.7314192152872128,-3.729802360322235,ok
30d8a037387ca5d3572817d56abeb86b6c132dd8d0a5293f9c8c71d9ce1e1451,legacy,HAR,0,571,2017-05-31,2017-04-30,1969-10-31,2017-04-30,-3.7920847378875453,-3.926652018374449,-3.7978163321078036,ok
30d8a037387ca5d3572817d56abeb86b6c132dd8d0a5293f9c8c71d9ce1e1451,legacy,HAR,0,571,2017-06-30,2017-05-31,1969-11-30,2017-05-31,-3.856214910874562,-3.7920847378875453,-3.709082094806809,ok
30d8a037387ca5d3572817d56abeb86b6c132dd8d0a5293f9c8c71d9ce1e1451,legacy,HAR,0,571,2017-07-31,2017-06-30,1969-12-31,2017-06-30,-4.129870024958818,-3.856214910874562,-3.757161078285251,ok
30d8a037387ca5d3572817d56abeb86b6c132dd8d0a5293f9c8c71d9ce1e1451,legacy,HAR,0,571,2017-08-31,2017-07-31,1970-01-31,2017-07-31,-3.5924378123925567,-4.129870024958818,-3.8845139586305204,ok
30d8a037387ca5d3572817d56abeb86b6c132dd8d0a5293f9c8c71d9ce1e1451,legacy,HAR,0,571,2017-09-30,2017-08-31,1970-02-28,2017-08-31,-4.134666486968067,-3.5924378123925567,-3.664599661008401,ok
30d8a037387ca5d3572817d56abeb86b6c132dd8d0a5293f9c8c71d9ce1e1451,legacy,HAR,0,571,2017-10-31,2017-09-30,1970-03-31,2017-09-30,-4.216826264874244,-4.134666486968067,-3.9009877464021,ok
30d8a037387ca5d3572817d56abeb86b6c132dd8d0a5293f9c8c71d9ce1e1451,legacy,HAR,0,571,2017-11-30,2017-10-31,1970-04-30,2017-10-31,-3.974205538921206,-4.216826264874244,-3.945929211520055,ok
30d8a037387ca5d3572817d56abeb86b6c132dd8d0a5293f9c8c71d9ce1e1451,legacy,HAR,0,571,2017-12-31,2017-11-30,1970-05-31,2017-11-30,-4.1605958145165705,-3.974205538921206,-3.9118772712977607,ok
30d8a037387ca5d3572817d56abeb86b6c132dd8d0a5293f9c8c71d9ce1e1451,legacy,HARX,0,571,1997-08-31,1997-07-31,1950-01-31,1997-07-31,-2.997998940254238,-3.1084047309706033,-3.4387424237496513,ok
30d8a037387ca5d3572817d56abeb86b6c132dd8d0a5293f9c8c71d9ce1e1451,legacy,HARX,0,571,1997-09-30,1997-08-31,1950-02-28,1997-08-31,-2.9805233450013167,-2.997998940254238,-3.210517383536874,ok
30d8a037387ca5d3572817d56abeb86b6c132dd8d0a5293f9c8c71d9ce1e1451,legacy,HARX,0,571,1997-10-31,1997-09-30,1950-03-31,1997-09-30,-2.3238652771202104,-2.9805233450013167,-3.3225446607505047,ok
30d8a037387ca5d3572817d56abeb86b6c132dd8d0a5293f9c8c71d9ce1e1451,legacy,HARX,0,571,1997-11-30,1997-10-31,1950-04-30,1997-10-31,-2.967779424466623,-2.3238652771202104,-2.782004621010749,ok
30d8a037387ca5d3572817d56abeb86b6c132dd8d0a5293f9c8c71d9ce1e1451,legacy,HARX,0,571,1997-12-31,1997-11-30,1950-05-31,1997-11-30,-3.0514972683227777,-2.967779424466623,-2.994280796255227,ok
30d8a037387ca5d3572817d56abeb86b6c132dd8d0a5293f9c8c71d9ce1e1451,legacy,HARX,0,571,1998-01-31,1997-12-31,1950-06-30,1997-12-31,-2.998809877493172,-3.0514972683227777,-3.0831396930884716,ok
30d8a037387ca5d3572817d56abeb86b6c132dd8d0a5293f9c8c71d9ce1e1451,legacy,HARX,0,571,1998-02-28,1998-01-31,1950-07-31,1998-01-31,-3.4342451514940397,-2.998809877493172,-3.1578900602513977,ok
30d8a037387ca5d3572817d56abeb86b6c132dd8d0a5293f9c8c71d9ce1e1451,legacy,HARX,0,571,1998-03-31,1998-02-28,1950-08-31,1998-02-28,-3.3950363195710853,-3.4342451514940397,-3.4367763048383706,ok
30d8a037387ca5d3572817d56abeb86b6c132dd8d0a5293f9c8c71d9ce1e1451,legacy,HARX,0,571,1998-04-30,1998-03-31,1950-09-30,1998-03-31,-3.2134051996183786,-3.3950363195710853,-3.4425104862240152,ok
30d8a037387ca5d3572817d56abeb86b6c132dd8d0a5293f9c8c71d9ce1e1451,legacy,HARX,0,571,1998-05-31,1998-04-30,1950-10-31,1998-04-30,-3.473595749393068,-3.2134051996183786,-3.322040259579753,ok
30d8a037387ca5d3572817d56abeb86b6c132dd8d0a5293f9c8c71d9ce1e1451,legacy,HARX,0,571,1998-06-30,1998-05-31,1950-11-30,1998-05-31,-3.084631870788053,-3.473595749393068,-3.2794128673039538,ok
30d8a037387ca5d3572817d56abeb86b6c132dd8d0a5293f9c8c71d9ce1e1451,legacy,HARX,0,571,1998-07-31,1998-06-30,1950-12-31,1998-06-30,-3.0497952329188918,-3.084631870788053,-3.2601381245250254,ok
30d8a037387ca5d3572817d56abeb86b6c132dd8d0a5293f9c8c71d9ce1e1451,legacy,HARX,0,571,1998-08-31,1998-07-31,1951-01-31,1998-07-31,-2.314262503723685,-3.0497952329188918,-3.039733576596584,ok
30d8a037387ca5d3572817d56abeb86b6c132dd8d0a5293f9c8c71d9ce1e1451,legacy,HARX,0,571,1998-09-30,1998-08-31,1951-02-28,1998-08-31,-2.3129763371118237,-2.314262503723685,-2.4766462303437615,ok
30d8a037387ca5d3572817d56abeb86b6c132dd8d0a5293f9c8c71d9ce1e1451,legacy,HARX,0,571,1998-10-31,1998-09-30,1951-03-31,1998-09-30,-2.638868495322673,-2.3129763371118237,-2.886028727460608,ok
30d8a037387ca5d3572817d56abeb86b6c132dd8d0a5293f9c8c71d9ce1e1451,legacy,HARX,0,571,1998-11-30,1998-10-31,1951-04-30,1998-10-31,-3.1231521925257173,-2.638868495322673,-2.9627893765487623,ok
30d8a037387ca5d3572817d56abeb86b6c132dd8d0a5293f9c8c71d9ce1e1451,legacy,HARX,0,571,1998-12-31,1998-11-30,1951-05-31,1998-11-30,-2.8614581487687634,-3.1231521925257173,-3.111961833663856,ok
30d8a037387ca5d3572817d56abeb86b6c132dd8d0a5293f9c8c71d9ce1e1451,legacy,HARX,0,571,1999-01-31,1998-12-31,1951-06-30,1998-12-31,-2.8546598491125996,-2.8614581487687634,-3.075645105809127,ok
30d8a037387ca5d3572817d56abeb86b6c132dd8d0a5293f9c8c71d9ce1e1451,legacy,HARX,0,571,1999-02-28,1999-01-31,1951-07-31,1999-01-31,-2.8306547199882983,-2.8546598491125996,-2.9894837539208305,ok
30d8a037387ca5d3572817d56abeb86b6c132dd8d0a5293f9c8c71d9ce1e1451,legacy,HARX,0,571,1999-03-31,1999-02-28,1951-08-31,1999-02-28,-2.8717218927726718,-2.8306547199882983,-2.8535704415918337,ok
30d8a037387ca5d3572817d56abeb86b6c132dd8d0a5293f9c8c71d9ce1e1451,legacy,HARX,0,571,1999-04-30,1999-03-31,1951-09-30,1999-03-31,-2.9550032409961746,-2.8717218927726718,-2.971716219813798,ok
30d8a037387ca5d3572817d56abeb86b6c132dd8d0a5293f9c8c71d9ce1e1451,legacy,HARX,0,571,1999-05-31,1999-04-30,1951-10-31,1999-04-30,-2.8875770664081015,-2.9550032409961746,-3.1264798311756854,ok
30d8a037387ca5d3572817d56abeb86b6c132dd8d0a5293f9c8c71d9ce1e1451,legacy,HARX,0,571,1999-06-30,1999-05-31,1951-11-30,1999-05-31,-3.0191012625883085,-2.8875770664081015,-2.984153557647096,ok
30d8a037387ca5d3572817d56abeb86b6c132dd8d0a5293f9c8c71d9ce1e1451,legacy,HARX,0,571,1999-07-31,1999-06-30,1951-12-31,1999-06-30,-3.2101509685854186,-3.0191012625883085,-3.1499795441960865,ok
30d8a037387ca5d3572817d56abeb86b6c132dd8d0a5293f9c8c71d9ce1e1451,legacy,HARX,0,571,1999-08-31,1999-07-31,1952-01-31,1999-07-31,-2.9534789867089692,-3.2101509685854186,-3.044830399623228,ok
30d8a037387ca5d3572817d56abeb86b6c132dd8d0a5293f9c8c71d9ce1e1451,legacy,HARX,0,571,1999-09-30,1999-08-31,1952-02-29,1999-08-31,-2.9564823177564232,-2.9534789867089692,-2.957638305394734,ok
30d8a037387ca5d3572817d56abeb86b6c132dd8d0a5293f9c8c71d9ce1e1451,legacy,HARX,0,571,1999-10-31,1999-09-30,1952-03-31,1999-09-30,-2.6655450376900633,-2.9564823177564232,-2.959078115262508,ok
30d8a037387ca5d3572817d56abeb86b6c132dd8d0a5293f9c8c71d9ce1e1451,legacy,HARX,0,571,1999-11-30,1999-10-31,1952-04-30,1999-10-31,-3.3039253672881648,-2.6655450376900633,-2.908589751094044,ok
30d8a037387ca5d3572817d56abeb86b6c132dd8d0a5293f9c8c71d9ce1e1451,legacy,HARX,0,571,1999-12-31,1999-11-30,1952-05-31,1999-11-30,-3.388665152890443,-3.3039253672881648,-3.181779082843856,ok
30d8a037387ca5d3572817d56abeb86b6c132dd8d0a5293f9c8c71d9ce1e1451,legacy,HARX,0,571,2000-01-31,1999-12-31,1952-06-30,1999-12-31,-2.6226733886036615,-3.388665152890443,-3.253707221416037,ok
30d8a037387ca5d3572817d56abeb86b6c132dd8d0a5293f9c8c71d9ce1e1451,legacy,HARX,0,571,2000-02-29,2000-01-31,1952-07-31,2000-01-31,-2.897488125745266,-2.6226733886036615,-2.9598319679202945,ok
30d8a037387ca5d3572817d56abeb86b6c132dd8d0a5293f9c8c71d9ce1e1451,legacy,HARX,0,571,2000-03-31,2000-02-29,1952-08-31,2000-02-29,-2.51469776513013,-2.897488125745266,-2.9367690187585165,ok
30d8a037387ca5d3572817d56abeb86b6c132dd8d0a5293f9c8c71d9ce1e1451,legacy,HARX,0,571,2000-04-30,2000-03-31,1952-09-30,2000-03-31,-2.4094082379010313,-2.51469776513013,-2.9867904419512152,ok
30d8a037387ca5d3572817d56abeb86b6c132dd8d0a5293f9c8c71d9ce1e1451,legacy,HARX,0,571,2000-05-31,2000-04-30,1952-10-31,2000-04-30,-2.632644632266094,-2.4094082379010313,-2.544182650039805,ok
30d8a037387ca5d3572817d56abeb86b6c132dd8d0a5293f9c8c71d9ce1e1451,legacy,HARX,0,571,2000-06-30,2000-05-31,1952-11-30,2000-05-31,-3.0278251725128413,-2.632644632266094,-2.5081329143348245,ok
30d8a037387ca5d3572817d56abeb86b6c132dd8d0a5293f9c8c71d9ce1e1451,legacy,HARX,0,571,2000-07-31,2000-06-30,1952-12-31,2000-06-30,-3.088181553822785,-3.0278251725128413,-3.2055918364653246,ok
30d8a037387ca5d3572817d56abeb86b6c132dd8d0a5293f9c8c71d9ce1e1451,legacy,HARX,0,571,2000-08-31,2000-07-31,1953-01-31,2000-07-31,-3.438073668437876,-3.088181553822785,-3.1087600226833243,ok
30d8a037387ca5d3572817d56abeb86b6c132dd8d0a5293f9c8c71d9ce1e1451,legacy,HARX,0,571,2000-09-30,2000-08-31,1953-02-28,2000-08-31,-3.2193963619434802,-3.438073668437876,-3.354464787387527,ok
30d8a037387ca5d3572817d56abeb86b6c132dd8d0a5293f9c8c71d9ce1e1451,legacy,HARX,0,571,2000-10-31,2000-09-30,1953-03-31,2000-09-30,-2.5991038256087786,-3.2193963619434802,-3.1398782207013682,ok
30d8a037387ca5d3572817d56abeb86b6c132dd8d0a5293f9c8c71d9ce1e1451,legacy,HARX,0,571,2000-11-30,2000-10-31,1953-04-30,2000-10-31,-2.8568188775989833,-2.5991038256087786,-2.828401019729646,ok
30d8a037387ca5d3572817d56abeb86b6c132dd8d0a5293f9c8c71d9ce1e1451,legacy,HARX,0,571,2000-12-31,2000-11-30,1953-05-31,2000-11-30,-2.6226966266401908,-2.8568188775989833,-2.56769678834427,ok
30d8a037387ca5d3572817d56abeb86b6c132dd8d0a5293f9c8c71d9ce1e1451,legacy,HARX,0,571,2001-01-31,2000-12-31,1953-06-30,2000-12-31,-2.6642256902470183,-2.6226966266401908,-2.8334714885638026,ok
30d8a037387ca5d3572817d56abeb86b6c132dd8d0a5293f9c8c71d9ce1e1451,legacy,HARX,0,571,2001-02-28,2001-01-31,1953-07-31,2001-01-31,-2.9853721170174463,-2.6642256902470183,-3.0593662430377853,ok
30d8a037387ca5d3572817d56abeb86b6c132dd8d0a5293f9c8c71d9ce1e1451,legacy,HARX,0,571,2001-03-31,2001-02-28,1953-08-31,2001-02-28,-2.462501150398544,-2.9853721170174463,-2.9625674562713638,ok
30d8a037387ca5d3572817d56abeb86b6c132dd8d0a5293f9c8c71d9ce1e1451,legacy,HARX,0,571,2001-04-30,2001-03-31,1953-09-30,2001-03-31,-2.459030693452129,-2.462501150398544,-2.6162075981914636,ok
30d8a037387ca5d3572817d56abeb86b6c132dd8d0a5293f9c8c71d9ce1e1451,legacy,HARX,0,571,2001-05-31,2001-04-30,1953-10-31,2001-04-30,-2.9922247396924284,-2.459030693452129,-2.9310471056796836,ok
30d8a037387ca5d3572817d56abeb86b6c132dd8d0a5293f9c8c71d9ce1e1451,legacy,HARX,0,571,2001-06-30,2001-05-31,1953-11-30,2001-05-31,-3.246919804266744,-2.9922247396924284,-2.898652822397006,ok
30d8a037387ca5d3572817d56abeb86b6c132dd8d0a5293f9c8c71d9ce1e1451,legacy,HARX,0,571,2001-07-31,2001-06-30,1953-12-31,2001-06-30,-2.9201817277563444,-3.246919804266744,-3.1032786080491035,ok
30d8a037387ca5d3572817d56abeb86b6c132dd8d0a5293f9c8c71d9ce1e1451,legacy,HARX,0,571,2001-08-31,2001-07-31,1954-01-31,2001-07-31,-3.0514884107311104,-2.9201817277563444,-3.031596150881803,ok
30d8a037387ca5d3572817d56abeb86b6c132dd8d0a5293f9c8c71d9ce1e1451,legacy,HARX,0,571,2001-09-30,2001-08-31,1954-02-28,2001-08-31,-2.4611074485824003,-3.0514884107311104,-2.912756879961754,ok
30d8a037387ca5d3572817d56abeb86b6c132dd8d0a5293f9c8c71d9ce1e1451,legacy,HARX,0,571,2001-10-31,2001-09-30,1954-03-31,2001-09-30,-2.8652673663392614,-2.4611074485824003,-2.5347024188892178,ok
30d8a037387ca5d3572817d56abeb86b6c132dd8d0a5293f9c8c71d9ce1e1451,legacy,HARX,0,571,2001-11-30,2001-10-31,1954-04-30,2001-10-31,-3.0669535317160372,-2.8652673663392614,-3.0899366166403546,ok
30d8a037387ca5d3572817d56abeb86b6c132dd8d0a5293f9c8c71d9ce1e1451,legacy,HARX,0,571,2001-12-31,2001-11-30,1954-05-31,2001-11-30,-3.161773107603656,-3.0669535317160372,-3.066529791513213,ok
30d8a037387ca5d3572817d56abeb86b6c132dd8d0a5293f9c8c71d9ce1e1451,legacy,HARX,0,571,2002-01-31,2001-12-31,1954-06-30,2001-12-31,-3.0579996618641534,-3.161773107603656,-3.1659267854063,ok
30d8a037387ca5d3572817d56abeb86b6c132dd8d0a5293f9c8c71d9ce1e1451,legacy,HARX,0,571,2002-02-28,2002-01-31,1954-07-31,2002-01-31,-2.9799350071903916,-3.0579996618641534,-3.0800726876708713,ok
30d8a037387ca5d3572817d56abeb86b6c132dd8d0a5293f9c8c71d9ce1e1451,legacy,HARX,0,571,2002-03-31,2002-02-28,1954-08-31,2002-02-28,-3.10739363963361,-2.9799350071903916,-2.9925279614530593,ok
30d8a037387ca5d3572817d56abeb86b6c132dd8d0a5293f9c8c71d9ce1e1451,legacy,HARX,0,571,2002-04-30,2002-03-31,1954-09-30,2002-03-31,-3.0313070929650197,-3.10739363963361,-3.160235620824133,ok
30d8a037387ca5d3572817d56abeb86b6c132dd8d0a5293f9c8c71d9ce1e1451,legacy,HARX,0,571,2002-05-31,2002-04-30,1954-10-31,2002-04-30,-2.7538487761487103,-3.0313070929650197,-3.020546482247169,ok
30d8a037387ca5d3572817d56abeb86b6c132dd8d0a5293f9c8c71d9ce1e1451,legacy,HARX,0,571,2002-06-30,2002-05-31,1954-11-30,2002-05-31,-2.7963899311292977,-2.7538487761487103,-2.893686772131782,ok
30d8a037387ca5d3572817d56abeb86b6c132dd8d0a5293f9c8c71d9ce1e1451,legacy,HARX,0,571,2002-07-31,2002-06-30,1954-12-31,2002-06-30,-2.0936717644219573,-2.7963899311292977,-2.788986926573486,ok
30d8a037387ca5d3572817d56abeb86b6c132dd8d0a5293f9c8c71d9ce1e1451,legacy,HARX,0,571,2002-08-31,2002-07-31,1955-01-31,2002-07-31,-2.334965250310743,-2.0936717644219573,-2.4240621190213614,ok
30d8a037387ca5d3572817d56abeb86b6c132dd8d0a5293f9c8c71d9ce1e1451,legacy,HARX,0,571,2002-09-30,2002-08-31,1955-02-28,2002-08-31,-2.4457724947083546,-2.334965250310743,-2.586340309449165,ok
30d8a037387ca5d3572817d56abeb86b6c132dd8d0a5293f9c8c71d9ce1e1451,legacy,HARX,0,571,2002-10-31,2002-09-30,1955-03-31,2002-09-30,-2.2381485874590115,-2.4457724947083546,-2.369522800806741,ok
30d8a037387ca5d3572817d56abeb86b6c132dd8d0a5293f9c8c71d9ce1e1451,legacy,HARX,0,571,2002-11-30,2002-10-31,1955-04-30,2002-10-31,-2.710705924175827,-2.2381485874590115,-2.764731744548451,ok
30d8a037387ca5d3572817d56abeb86b6c132dd8d0a5293f9c8c71d9ce1e1451,legacy,HARX,0,571,2002-12-31,2002-11-30,1955-05-31,2002-11-30,-2.9669397498106065,-2.710705924175827,-2.8101098621531424,ok
30d8a037387ca5d3572817d56abeb86b6c132dd8d0a5293f9c8c71d9ce1e1451,legacy,HARX,0,571,2003-01-31,2002-12-31,1955-06-30,2002-12-31,-2.6330623630544365,-2.9669397498106065,-2.8688085480979932,ok
30d8a037387ca5d3572817d56abeb86b6c132dd8d0a5293f9c8c71d9ce1e1451,legacy,HARX,0,571,2003-02-28,2003-01-31,1955-07-31,2003-01-31,-2.9840745753000455,-2.6330623630544365,-2.7149969553920132,ok
30d8a037387ca5d3572817d56abeb86b6c132dd8d0a5293f9c8c71d9ce1e1451,legacy,HARX,0,571,2003-03-31,2003-02-28,1955-08-31,2003-02-28,-2.548760188534542,-2.9840745753000455,-2.811206922362876,ok
30d8a037387ca5d3572817d56abeb86b6c132dd8d0a5293f9c8c71d9ce1e1451,legacy,HARX,0,571,2003-04-30,2003-03-31,1955-09-30,2003-03-31,-2.9002583606826637,-2.548760188534542,-2.736999540035272,ok
30d8a037387ca5d3572817d56abeb86b6c132dd8d0a5293f9c8c71d9ce1e1451,legacy,HARX,0,571,2003-05-31,2003-04-30,1955-10-31,2003-04-30,-3.054018052228417,-2.9002583606826637,-3.070456565680608,ok
30d8a037387ca5d3572817d56abeb86b6c132dd8d0a5293f9c8c71d9ce1e1451,legacy,HARX,0,571,2003-06-30,2003-05-31,1955-11-30,2003-05-31,-3.1099359128331163,-3.054018052228417,-3.0419129574102515,ok
30d8a037387ca5d3572817d56abeb86b6c132dd8d0a5293f9c8c71d9ce1e1451,legacy,HARX,0,571,2003-07-31,2003-06-30,1955-12-31,2003-06-30,-3.0977800803014732,-3.1099359128331163,-2.9899683917275848,ok
30d8a037387ca5d3572817d56abeb86b6c132dd8d0a5293f9c8c71d9ce1e1451,legacy,HARX,0,571,2003-08-31,2003-07-31,1956-01-31,2003-07-31,-3.468517511759465,-3.0977800803014732,-3.0511495155332504,ok
30d8a037387ca5d3572817d56abeb86b6c132dd8d0a5293f9c8c71d9ce1e1451,legacy,HARX,0,571,2003-09-30,2003-08-31,1956-02-29,2003-08-31,-3.140232437438156,-3.468517511759465,-3.187397414058153,ok
30d8a037387ca5d3572817d56abeb86b6c132dd8d0a5293f9c8c71d9ce1e1451,legacy,HARX,0,571,2003-10-31,2003-09-30,1956-03-31,2003-09-30,-3.2870041546527653,-3.140232437438156,-3.1073551271272546,ok
30d8a037387ca5d3572817d56abeb86b6c132dd8d0a5293f9c8c71d9ce1e1451,legacy,HARX,0,571,2003-11-30,2003-10-31,1956-04-30,2003-10-31,-3.4985470857007,-3.2870041546527653,-3.365952119035814,ok
30d8a037387ca5d3572817d56abeb86b6c132dd8d0a5293f9c8c71d9ce1e1451,legacy,HARX,0,571,2003-12-31,2003-11-30,1956-05-31,2003-11-30,-3.513401310816597,-3.4985470857007,-3.3158241945867717,ok
30d8a037387ca5d3572817d56abeb86b6c132dd8d0a5293f9c8c71d9ce1e1451,legacy,HARX,0,571,2004-01-31,2003-12-31,1956-06-30,2003-12-31,-3.4650613410497333,-3.513401310816597,-3.4410004933069605,ok
30d8a037387ca5d3572817d56abeb86b6c132dd8d0a5293f9c8c71d9ce1e1451,legacy,HARX,0,571,2004-02-29,2004-01-31,1956-07-31,2004-01-31,-3.7030672085876466,-3.4650613410497333,-3.404680134745599,ok
30d8a037387ca5d3572817d56abeb86b6c132dd8d0a5293f9c8c71d9ce1e1451,legacy,HARX,0,571,2004-03-31,2004-02-29,1956-08-31,2004-02-29,-3.1111763767700684,-3.7030672085876466,-3.4978601846481667,ok
30d8a037387ca5d3572817d56abeb86b6c132dd8d0a5293f9c8c71d9ce1e1451,legacy,HARX,0,571,2004-04-30,2004-03-31,1956-09-30,2004-03-31,-3.3476570468612863,-3.1111763767700684,-3.226272890680451,ok
30d8a037387ca5d3572817d56abeb86b6c132dd8d0a5293f9c8c71d9ce1e1451,legacy,HARX,0,571,2004-05-31,2004-04-30,1956-10-31,2004-04-30,-3.465504072923295,-3.3476570468612863,-3.2129820807224116,ok
30d8a037387ca5d3572817d56abeb86b6c132dd8d0a5293f9c8c71d9ce1e1451,legacy,HARX,0,571,2004-06-30,2004-05-31,1956-11-30,2004-05-31,-3.585854204402475,-3.465504072923295,-3.3942685747830765,ok
30d8a037387ca5d3572817d56abeb86b6c132dd8d0a5293f9c8c71d9ce1e1451,legacy,HARX,0,571,2004-07-31,2004-06-30,1956-12-31,2004-06-30,-3.5773152908117005,-3.585854204402475,-3.491359523993119,ok
30d8a037387ca5d3572817d56abeb86b6c132dd8d0a5293f9c8c71d9ce1e1451,legacy,HARX,0,571,2004-08-31,2004-07-31,1957-01-31,2004-07-31,-3.2695206621770985,-3.5773152908117005,-3.4070814955455786,ok
30d8a037387ca5d3572817d56abeb86b6c132dd8d0a5293f9c8c71d9ce1e1451,legacy,HARX,0,571,2004-09-30,2004-08-31,1957-02-28,2004-08-31,-3.6272968251254625,-3.2695206621770985,-3.3795868185998046,ok
30d8a037387ca5d3572817d56abeb86b6c132dd8d0a5293f9c8c71d9ce1e1451,legacy,HARX,0,571,2004-10-31,2004-09-30,1957-03-31,2004-09-30,-3.35206685176624,-3.6272968251254625,-3.522313409709913,ok
30d8a037387ca5d3572817d56abeb86b6c132dd8d0a5293f9c8c71d9ce1e1451,legacy,HARX,0,571,2004-11-30,2004-10-31,1957-04-30,2004-10-31,-3.5343348563403656,-3.35206685176624,-3.4108648839951137,ok
30d8a037387ca5d3572817d56abeb86b6c132dd8d0a5293f9c8c71d9ce1e1451,legacy,HARX,0,571,2004-12-31,2004-11-30,1957-05-31,2004-11-30,-3.615011393242337,-3.5343348563403656,-3.5724991373569033,ok
30d8a037387ca5d3572817d56abeb86b6c132dd8d0a5293f9c8c71d9ce1e1451,legacy,HARX,0,571,2005-01-31,2004-12-31,1957-06-30,2004-12-31,-3.550604189909233,-3.615011393242337,-3.596663873142002,ok
30d8a037387ca5d3572817d56abeb86b6c132dd8d0a5293f9c8c71d9ce1e1451,legacy,HARX,0,571,2005-02-28,2005-01-31,1957-07-31,2005-01-31,-3.543820432764916,-3.550604189909233,-3.506953298675505,ok
30d8a037387ca5d3572817d56abeb86b6c132dd8d0a5293f9c8c71d9ce1e1451,legacy,HARX,0,571,2005-03-31,2005-02-28,1957-08-31,2005-02-28,-3.5291465415700136,-3.543820432764916,-3.5029353490353423,ok
30d8a037387ca5d3572817d56abeb86b6c132dd8d0a5293f9c8c71d9ce1e1451,legacy,HARX,0,571,2005-04-30,2005-03-31,1957-09-30,2005-03-31,-3.152720424000165,-3.5291465415700136,-3.4269368867731798,ok
30d8a037387ca5d3572817d56abeb86b6c132dd8d0a5293f9c8c71d9ce1e1451,legacy,HARX,0,571,2005-05-31,2005-04-30,1957-10-31,2005-04-30,-3.531069871409308,-3.152720424000165,-3.2432625078287476,ok
30d8a037387ca5d3572817d56abeb86b6c132dd8d0a5293f9c8c71d9ce1e1451,legacy,HARX,0,571,2005-06-30,2005-05-31,1957-11-30,2005-05-31,-3.760011284416737,-3.531069871409308,-3.5765983898265166,ok
30d8a037387ca5d3572817d56abeb86b6c132dd8d0a5293f9c8c71d9ce1e1451,legacy,HARX,0,571,2005-07-31,2005-06-30,1957-12-31,2005-06-30,-3.670772300891824,-3.760011284416737,-3.619171194581093,ok
30d8a037387ca5d3572817d56abeb86b6c132dd8d0a5293f9c8c71d9ce1e1451,legacy,HARX,0,571,2005-08-31,2005-07-31,1958-01-31,2005-07-31,-3.63388825571129,-3.670772300891824,-3.635548392484708,ok
30d8a037387ca5d3572817d56abeb86b6c132dd8d0a5293f9c8c71d9ce1e1451,legacy,HARX,0,571,2005-09-30,2005-08-31,1958-02-28,2005-08-31,-3.6631012230129896,-3.63388825571129,-3.480939032346586,ok
30d8a037387ca5d3572817d56abeb86b6c132dd8d0a5293f9c8c71d9ce1e1451,legacy,HARX,0,571,2005-10-31,2005-09-30,1958-03-31,2005-09-30,-3.1557527692250877,-3.6631012230129896,-3.411481861335448,ok
30d8a037387ca5d3572817d56abeb86b6c132dd8d0a5293f9c8c71d9ce1e1451,legacy,HARX,0,571,2005-11-30,2005-10-31,1958-04-30,2005-10-31,-3.7638501534181033,-3.1557527692250877,-3.3831733469562444,ok
30d8a037387ca5d3572817d56abeb86b6c132dd8d0a5293f9c8c71d9ce1e1451,legacy,HARX,0,571,2005-12-31,2005-11-30,1958-05-31,2005-11-30,-3.873253742668005,-3.7638501534181033,-3.6770201951283044,ok
30d8a037387ca5d3572817d56abeb86b6c132dd8d0a5293f9c8c71d9ce1e1451,legacy,HARX,0,571,2006-01-31,2005-12-31,1958-06-30,2005-12-31,-3.4661978775292708,-3.873253742668005,-3.680607659492183,ok
30d8a037387ca5d3572817d56abeb86b6c132dd8d0a5293f9c8c71d9ce1e1451,legacy,HARX,0,571,2006-02-28,2006-01-31,1958-07-31,2006-01-31,-3.670294829123373,-3.4661978775292708,-3.6135814528121113,ok
30d8a037387ca5d3572817d56abeb86b6c132dd8d0a5293f9c8c71d9ce1e1451,legacy,HARX,0,571,2006-03-31,2006-02-28,1958-08-31,2006-02-28,-3.7601645367414083,-3.670294829123373,-3.6090207458601613,ok
30d8a037387ca5d3572817d56abeb86b6c132dd8d0a5293f9c8c71d9ce1e1451,legacy,HARX,0,571,2006-04-30,2006-03-31,1958-09-30,2006-03-31,-3.7197949446689256,-3.7601645367414083,-3.675335334773635,ok
30d8a037387ca5d3572817d56abeb86b6c132dd8d0a5293f9c8c71d9ce1e1451,legacy,HARX,0,571,2006-05-31,2006-04-30,1958-10-31,2006-04-30,-3.2999604149500312,-3.7197949446689256,-3.6151587414206245,ok
30d8a037387ca5d3572817d56abeb86b6c132dd8d0a5293f9c8c71d9ce1e1451,legacy,HARX,0,571,2006-06-30,2006-05-31,1958-11-30,2006-05-31,-3.085582461863455,-3.2999604149500312,-3.396469098923303,ok
30d8a037387ca5d3572817d56abeb86b6c132dd8d0a5293f9c8c71d9ce1e1451,legacy,HARX,0,571,2006-07-31,2006-06-30,1958-12-31,2006-06-30,-3.2709844618608197,-3.085582461863455,-3.33642074106855,ok
30d8a037387ca5d3572817d56abeb86b6c132dd8d0a5293f9c8c71d9ce1e1451,legacy,HARX,0,571,2006-08-31,2006-07-31,1959-01-31,2006-07-31,-3.8405365199338846,-3.2709844618608197,-3.2491758011680765,ok
30d8a037387ca5d3572817d56abeb86b6c132dd8d0a5293f9c8c71d9ce1e1451,legacy,HARX,0,571,2006-09-30,2006-08-31,1959-02-28,2006-08-31,-3.783882481202963,-3.8405365199338846,-3.5659883820505742,ok
30d8a037387ca5d3572817d56abeb86b6c132dd8d0a5293f9c8c71d9ce1e1451,legacy,HARX,0,571,2006-10-31,2006-09-30,1959-03-31,2006-09-30,-3.8554878543326674,-3.783882481202963,-3.7554806591347325,ok
30d8a037387ca5d3572817d56abeb86b6c132dd8d0a5293f9c8c71d9ce1e1451,legacy,HARX,0,571,2006-11-30,2006-10-31,1959-04-30,2006-10-31,-3.716627101662895,-3.8554878543326674,-3.82509201812692,ok
30d8a037387ca5d3572817d56abeb86b6c132dd8d0a5293f9c8c71d9ce1e1451,legacy,HARX,0,571,2006-12-31,2006-11-30,1959-05-31,2006-11-30,-3.9701695128147905,-3.716627101662895,-3.7066971091343075,ok
30d8a037387ca5d3572817d56abeb86b6c132dd8d0a5293f9c8c71d9ce1e1451,legacy,HARX,0,571,2007-01-31,2006-12-31,1959-06-30,2006-12-31,-3.8522491840295054,-3.9701695128147905,-3.7695806487774632,ok
30d8a037387ca5d3572817d56abeb86b6c132dd8d0a5293f9c8c71d9ce1e1451,legacy,HARX,0,571,2007-02-28,2007-01-31,1959-07-31,2007-01-31,-3.2447480356532115,-3.8522491840295054,-3.7598045154652544,ok
30d8a037387ca5d3572817d56abeb86b6c132dd8d0a5293f9c8c71d9ce1e1451,legacy,HARX,0,571,2007-03-31,2007-02-28,1959-08-31,2007-02-28,-3.222494860521297,-3.2447480356532115,-3.4486106417639064,ok
30d8a037387ca5d3572817d56abeb86b6c132dd8d0a5293f9c8c71d9ce1e1451,legacy,HARX,0,571,2007-04-30,2007-03-31,1959-09-30,2007-03-31,-3.7287460922933597,-3.222494860521297,-3.3390788735871197,ok
30d8a037387ca5d3572817d56abeb86b6c132dd8d0a5293f9c8c71d9ce1e1451,legacy,HARX,0,571,2007-05-31,2007-04-30,1959-10-31,2007-04-30,-3.6341144694358256,-3.7287460922933597,-3.543540238695598,ok
30d8a037387ca5d3572817d56abeb86b6c132dd8d0a5293f9c8c71d9ce1e1451,legacy,HARX,0,571,2007-06-30,2007-05-31,1959-11-30,2007-05-31,-3.258361421759635,-3.6341144694358256,-3.578064567349105,ok
30d8a037387ca5d3572817d56abeb86b6c132dd8d0a5293f9c8c71d9ce1e1451,legacy,HARX,0,571,2007-07-31,2007-06-30,1959-12-31,2007-06-30,-3.0061550064305833,-3.258361421759635,-3.3654564725606306,ok
30d8a037387ca5d3572817d56abeb86b6c132dd8d0a5293f9c8c71d9ce1e1451,legacy,HARX,0,571,2007-08-31,2007-07-31,1960-01-31,2007-07-31,-2.633783081660371,-3.0061550064305833,-3.082353713910389,ok
30d8a037387ca5d3572817d56abeb86b6c132dd8d0a5293f9c8c71d9ce1e1451,legacy,HARX,0,571,2007-09-30,2007-08-31,1960-02-29,2007-08-31,-3.1472509000198614,-2.633783081660371,-3.0930785083372494,ok
30d8a037387ca5d3572817d56abeb86b6c132dd8d0a5293f9c8c71d9ce1e1451,legacy,HARX,0,571,2007-10-31,2007-09-30,1960-03-31,2007-09-30,-3.190739924075638,-3.1472509000198614,-3.1675006451706436,ok
30d8a037387ca5d3572817d56abeb86b6c132dd8d0a5293f9c8c71d9ce1e1451,legacy,HARX,0,571,2007-11-30,2007-10-31,1960-04-30,2007-10-31,-2.587719024765528,-3.190739924075638,-3.1648407024487804,ok
30d8a037387ca5d3572817d56abeb86b6c132dd8d0a5293f9c8c71d9ce1e1451,legacy,HARX,0,571,2007-12-31,2007-11-30,1960-05-31,2007-11-30,-3.02436059658321,-2.587719024765528,-2.8266834932274287,ok
30d8a037387ca5d3572817d56abeb86b6c132dd8d0a5293f9c8c71d9ce1e1451,legacy,HARX,0,571,2008-01-31,2007-12-31,1960-06-30,2007-12-31,-2.661249374022387,-3.02436059658321,-2.9962316322961833,ok
30d8a037387ca5d3572817d56abeb86b6c132dd8d0a5293f9c8c71d9ce1e1451,legacy,HARX,0,571,2008-02-29,2008-01-31,1960-07-31,2008-01-31,-2.8603506881048415,-2.661249374022387,-2.940607606770545,ok
30d8a037387ca5d3572817d56abeb86b6c132dd8d0a5293f9c8c71d9ce1e1451,legacy,HARX,0,571,2008-03-31,2008-02-29,1960-08-31,2008-02-29,-2.538344113377069,-2.8603506881048415,-2.9123270891378263,ok
30d8a037387ca5d3572817d56abeb86b6c132dd8d0a5293f9c8c71d9ce1e1451,legacy,HARX,0,571,2008-04-30,2008-03-31,1960-09-30,2008-03-31,-2.9300382779186895,-2.538344113377069,-2.789493557967716,ok
30d8a037387ca5d3572817d56abeb86b6c132dd8d0a5293f9c8c71d9ce1e1451,legacy,HARX,0,571,2008-05-31,2008-04-30,1960-10-31,2008-04-30,-3.204756024564677,-2.9300382779186895,-2.992009845166793,ok
30d8a037387ca5d3572817d56abeb86b6c132dd8d0a5293f9c8c71d9ce1e1451,legacy,HARX,0,571,2008-06-30,2008-05-31,1960-11-30,2008-05-31,-2.8296817644581433,-3.204756024564677,-2.9914576543782814,ok
30d8a037387ca5d3572817d56abeb86b6c132dd8d0a5293f9c8c71d9ce1e1451,legacy,HARX,0,571,2008-07-31,2008-06-30,1960-12-31,2008-06-30,-2.705460207716502,-2.8296817644581433,-2.561464876606155,ok
30d8a037387ca5d3572817d56abeb86b6c132dd8d0a5293f9c8c71d9ce1e1451,legacy,HARX,0,571,2008-08-31,2008-07-31,1961-01-31,2008-07-31,-2.837812391125573,-2.705460207716502,-2.99348353101346,ok
30d8a037387ca5d3572817d56abeb86b6c132dd8d0a5293f9c8c71d9ce1e1451,legacy,HARX,0,571,2008-09-30,2008-08-31,1961-02-28,2008-08-31,-1.8529192183645744,-2.837812391125573,-2.8871233637267943,ok
30d8a037387ca5d3572817d56abeb86b6c132dd8d0a5293f9c8c71d9ce1e1451,legacy,HARX,0,571,2008-10-31,2008-09-30,1961-03-31,2008-09-30,-1.42971613203937,-1.8529192183645744,-2.169323578634854,ok
30d8a037387ca5d3572817d56abeb86b6c132dd8d0a5293f9c8c71d9ce1e1451,legacy,HARX,0,571,2008-11-30,2008-10-31,1961-04-30,2008-10-31,-1.656316012106184,-1.42971613203937,-1.826372226524425,ok
30d8a037387ca5d3572817d56abeb86b6c132dd8d0a5293f9c8c71d9ce1e1451,legacy,HARX,0,571,2008-12-31,2008-11-30,1961-05-31,2008-11-30,-1.94077400987452,-1.656316012106184,-1.7266949845356079,ok
30d8a037387ca5d3572817d56abeb86b6c132dd8d0a5293f9c8c71d9ce1e1451,legacy,HARX,0,571,2009-01-31,2008-12-31,1961-06-30,2008-12-31,-2.206526753661318,-1.94077400987452,-2.1484520766155377,ok
30d8a037387ca5d3572817d56abeb86b6c132dd8d0a5293f9c8c71d9ce1e1451,legacy,HARX,0,571,2009-02-28,2009-01-31,1961-07-31,2009-01-31,-2.2946239453922495,-2.206526753661318,-1.776274216547729,ok
30d8a037387ca5d3572817d56abeb86b6c132dd8d0a5293f9c8c71d9ce1e1451,legacy,HARX,0,571,2009-03-31,2009-02-28,1961-08-31,2009-02-28,-1.9582508837470343,-2.2946239453922495,-1.963543749777834,ok
30d8a037387ca5d3572817d56abeb86b6c132dd8d0a5293f9c8c71d9ce1e1451,legacy,HARX,0,571,2009-04-30,2009-03-31,1961-09-30,2009-03-31,-2.443587835277547,-1.9582508837470343,-2.4924252891838474,ok
30d8a037387ca5d3572817d56abeb86b6c132dd8d0a5293f9c8c71d9ce1e1451,legacy,HARX,0,571,2009-05-31,2009-04-30,1961-10-31,2009-04-30,-2.5321700284042636,-2.443587835277547,-2.3910828823771517,ok
30d8a037387ca5d3572817d56abeb86b6c132dd8d0a5293f9c8c71d9ce1e1451,legacy,HARX,0,571,2009-06-30,2009-05-31,1961-11-30,2009-05-31,-2.8287513462734335,-2.5321700284042636,-2.420308094010683,ok
30d8a037387ca5d3572817d56abeb86b6c132dd8d0a5293f9c8c71d9ce1e1451,legacy,HARX,0,571,2009-07-31,2009-06-30,1961-12-31,2009-06-30,-2.793345786712595,-2.8287513462734335,-2.589783795266349,ok
30d8a037387ca5d3572817d56abeb86b6c132dd8d0a5293f9c8c71d9ce1e1451,legacy,HARX,0,571,2009-08-31,2009-07-31,1962-01-31,2009-07-31,-3.0644616714098785,-2.793345786712595,-3.0051859042126594,ok
30d8a037387ca5d3572817d56abeb86b6c132dd8d0a5293f9c8c71d9ce1e1451,legacy,HARX,0,571,2009-09-30,2009-08-31,1962-02-28,2009-08-31,-3.130025280604083,-3.0644616714098785,-2.8845336627388027,ok
30d8a037387ca5d3572817d56abeb86b6c132dd8d0a5293f9c8c71d9ce1e1451,legacy,HARX,0,571,2009-10-31,2009-09-30,1962-03-31,2009-09-30,-2.7700971285615434,-3.130025280604083,-2.9890590222111797,ok
30d8a037387ca5d3572817d56abeb86b6c132dd8d0a5293f9c8c71d9ce1e1451,legacy,HARX,0,571,2009-11-30,2009-10-31,1962-04-30,2009-10-31,-3.1107964455907346,-2.7700971285615434,-2.6193425535542336,ok
30d8a037387ca5d3572817d56abeb86b6c132dd8d0a5293f9c8c71d9ce1e1451,legacy,HARX,0,571,2009-12-31,2009-11-30,1962-05-31,2009-11-30,-3.4880632358514134,-3.1107964455907346,-2.9792536761754036,ok
30d8a037387ca5d3572817d56abeb86b6c132dd8d0a5293f9c8c71d9ce1e1451,legacy,HARX,0,571,2010-01-31,2009-12-31,1962-06-30,2009-12-31,-3.1051107340740467,-3.4880632358514134,-3.2412460310579547,ok
30d8a037387ca5d3572817d56abeb86b6c132dd8d0a5293f9c8c71d9ce1e1451,legacy,HARX,0,571,2010-02-28,2010-01-31,1962-07-31,2010-01-31,-3.0178391591893847,-3.1051107340740467,-3.112422537230965,ok
30d8a037387ca5d3572817d56abeb86b6c132dd8d0a5293f9c8c71d9ce1e1451,legacy,HARX,0,571,2010-03-31,2010-02-28,1962-08-31,2010-02-28,-3.6861498116127507,-3.0178391591893847,-3.2060079310158067,ok
30d8a037387ca5d3572817d56abeb86b6c132dd8d0a5293f9c8c71d9ce1e1451,legacy,HARX,0,571,2010-04-30,2010-03-31,1962-09-30,2010-03-31,-3.1571807998960457,-3.6861498116127507,-3.4413485283266674,ok
30d8a037387ca5d3572817d56abeb86b6c132dd8d0a5293f9c8c71d9ce1e1451,legacy,HARX,0,571,2010-05-31,2010-04-30,1962-10-31,2010-04-30,-2.407193011304442,-3.1571807998960457,-3.264489613668593,ok
30d8a037387ca5d3572817d56abeb86b6c132dd8d0a5293f9c8c71d9ce1e1451,legacy,HARX,0,571,2010-06-30,2010-05-31,1962-11-30,2010-05-31,-2.590131684949471,-2.407193011304442,-2.787969292119411,ok
30d8a037387ca5d3572817d56abeb86b6c132dd8d0a5293f9c8c71d9ce1e1451,legacy,HARX,0,571,2010-07-31,2010-06-30,1962-12-31,2010-06-30,-2.852932567849959,-2.590131684949471,-2.5731524229161145,ok
30d8a037387ca5d3572817d56abeb86b6c132dd8d0a5293f9c8c71d9ce1e1451,legacy,HARX,0,571,2010-08-31,2010-07-31,1963-01-31,2010-07-31,-2.9530416640092794,-2.852932567849959,-3.059710270897938,ok
30d8a037387ca5d3572817d56abeb86b6c132dd8d0a5293f9c8c71d9ce1e1451,legacy,HARX,0,571,2010-09-30,2010-08-31,1963-02-28,2010-08-31,-3.038118590021741,-2.9530416640092794,-2.8700544122538405,ok
30d8a037387ca5d3572817d56abeb86b6c132dd8d0a5293f9c8c71d9ce1e1451,legacy,HARX,0,571,2010-10-31,2010-09-30,1963-03-31,2010-09-30,-3.418407956833649,-3.038118590021741,-3.2761835792329745,ok
30d8a037387ca5d3572817d56abeb86b6c132dd8d0a5293f9c8c71d9ce1e1451,legacy,HARX,0,571,2010-11-30,2010-10-31,1963-04-30,2010-10-31,-3.1787815912351842,-3.418407956833649,-3.218269735194622,ok
30d8a037387ca5d3572817d56abeb86b6c132dd8d0a5293f9c8c71d9ce1e1451,legacy,HARX,0,571,2010-12-31,2010-11-30,1963-05-31,2010-11-30,-3.553444149972958,-3.1787815912351842,-3.186375236270435,ok
30d8a037387ca5d3572817d56abeb86b6c132dd8d0a5293f9c8c71d9ce1e1451,legacy,HARX,0,571,2011-01-31,2010-12-31,1963-06-30,2010-12-31,-3.5254625792369607,-3.553444149972958,-3.547993140217602,ok
30d8a037387ca5d3572817d56abeb86b6c132dd8d0a5293f9c8c71d9ce1e1451,legacy,HARX,0,571,2011-02-28,2011-01-31,1963-07-31,2011-01-31,-3.421017028944507,-3.5254625792369607,-3.370802564510297,ok
30d8a037387ca5d3572817d56abeb86b6c132dd8d0a5293f9c8c71d9ce1e1451,legacy,HARX,0,571,2011-03-31,2011-02-28,1963-08-31,2011-02-28,-3.0256567272535344,-3.421017028944507,-3.4004006399329887,ok
30d8a037387ca5d3572817d56abeb86b6c132dd8d0a5293f9c8c71d9ce1e1451,legacy,HARX,0,571,2011-04-30,2011-03-31,1963-09-30,2011-03-31,-3.6813619979803685,-3.0256567272535344,-3.211668212765601,ok
30d8a037387ca5d3572817d56abeb86b6c132dd8d0a5293f9c8c71d9ce1e1451,legacy,HARX,0,571,2011-05-31,2011-04-30,1963-10-31,2011-04-30,-3.4864984354795028,-3.6813619979803685,-3.3564969618903393,ok
30d8a037387ca5d3572817d56abeb86b6c132dd8d0a5293f9c8c71d9ce1e1451,legacy,HARX,0,571,2011-06-30,2011-05-31,1963-11-30,2011-05-31,-3.0353184736868135,-3.4864984354795028,-3.289604869666647,ok
30d8a037387ca5d3572817d56abeb86b6c132dd8d0a5293f9c8c71d9ce1e1451,legacy,HARX,0,571,2011-07-31,2011-06-30,1963-12-31,2011-06-30,-3.1500524848844638,-3.0353184736868135,-3.220192738926201,ok
30d8a037387ca5d3572817d56abeb86b6c132dd8d0a5293f9c8c71d9ce1e1451,legacy,HARX,0,571,2011-08-31,2011-07-31,1964-01-31,2011-07-31,-1.9665046707257416,-3.1500524848844638,-3.098803768738633,ok
30d8a037387ca5d3572817d56abeb86b6c132dd8d0a5293f9c8c71d9ce1e1451,legacy,HARX,0,571,2011-09-30,2011-08-31,1964-02-29,2011-08-31,-2.481306279652722,-1.9665046707257416,-2.5826587367341864,ok
30d8a037387ca5d3572817d56abeb86b6c132dd8d0a5293f9c8c71d9ce1e1451,legacy,HARX,0,571,2011-10-31,2011-09-30,1964-03-31,2011-09-30,-2.457655436729706,-2.481306279652722,-2.356181354538982,ok
30d8a037387ca5d3572817d56abeb86b6c132dd8d0a5293f9c8c71d9ce1e1451,legacy,HARX,0,571,2011-11-30,2011-10-31,1964-04-30,2011-10-31,-2.4359863431041875,-2.457655436729706,-3.10694967747109,ok
30d8a037387ca5d3572817d56abeb86b6c132dd8d0a5293f9c8c71d9ce1e1451,legacy,HARX,0,571,2011-12-31,2011-11-30,1964-05-31,2011-11-30,-2.9483163558607832,-2.4359863431041875,-2.6960924700591646,ok
30d8a037387ca5d3572817d56abeb86b6c132dd8d0a5293f9c8c71d9ce1e1451,legacy,HARX,0,571,2012-01-31,2011-12-31,1964-06-30,2011-12-31,-3.6753549263674072,-2.9483163558607832,-2.9169436511912528,ok
30d8a037387ca5d3572817d56abeb86b6c132dd8d0a5293f9c8c71d9ce1e1451,legacy,HARX,0,571,2012-02-29,2012-01-31,1964-07-31,2012-01-31,-3.6938984477186816,-3.6753549263674072,-3.4660383073682013,ok
30d8a037387ca5d3572817d56abeb86b6c132dd8d0a5293f9c8c71d9ce1e1451,legacy,HARX,0,571,2012-03-31,2012-02-29,1964-08-31,2012-02-29,-3.3843465262657215,-3.6938984477186816,-3.556190766562669,ok
30d8a037387ca5d3572817d56abeb86b6c132dd8d0a5293f9c8c71d9ce1e1451,legacy,HARX,0,571,2012-04-30,2012-03-31,1964-09-30,2012-03-31,-3.210146241345559,-3.3843465262657215,-3.41562411888244,ok
30d8a037387ca5d3572817d56abeb86b6c132dd8d0a5293f9c8c71d9ce1e1451,legacy,HARX,0,571,2012-05-31,2012-04-30,1964-10-31,2012-04-30,-3.2497545069314553,-3.210146241345559,-3.268064404131491,ok
30d8a037387ca5d3572817d56abeb86b6c132dd8d0a5293f9c8c71d9ce1e1451,legacy,HARX,0,571,2012-06-30,2012-05-31,1964-11-30,2012-05-31,-2.8366615287918187,-3.2497545069314553,-3.0766319862795988,ok
30d8a037387ca5d3572817d56abeb86b6c132dd8d0a5293f9c8c71d9ce1e1451,legacy,HARX,0,571,2012-07-31,2012-06-30,1964-12-31,2012-06-30,-3.2378719180591355,-2.8366615287918187,-3.1087167362124424,ok
30d8a037387ca5d3572817d56abeb86b6c132dd8d0a5293f9c8c71d9ce1e1451,legacy,HARX,0,571,2012-08-31,2012-07-31,1965-01-31,2012-07-31,-3.6166817154299276,-3.2378719180591355,-3.1461009546659833,ok
30d8a037387ca5d3572817d56abeb86b6c132dd8d0a5293f9c8c71d9ce1e1451,legacy,HARX,0,571,2012-09-30,2012-08-31,1965-02-28,2012-08-31,-3.4378098591980444,-3.6166817154299276,-3.285630543658317,ok
30d8a037387ca5d3572817d56abeb86b6c132dd8d0a5293f9c8c71d9ce1e1451,legacy,HARX,0,571,2012-10-31,2012-09-30,1965-03-31,2012-09-30,-3.4888694072163897,-3.4378098591980444,-3.3701343625458433,ok
30d8a037387ca5d3572817d56abeb86b6c132dd8d0a5293f9c8c71d9ce1e1451,legacy,HARX,0,571,2012-11-30,2012-10-31,1965-04-30,2012-10-31,-3.130457558392097,-3.4888694072163897,-3.3699745821964986,ok
30d8a037387ca5d3572817d56abeb86b6c132dd8d0a5293f9c8c71d9ce1e1451,legacy,HARX,0,571,2012-12-31,2012-11-30,1965-05-31,2012-11-30,-3.438879816972799,-3.130457558392097,-3.2884209078559277,ok
30d8a037387ca5d3572817d56abeb86b6c132dd8d0a5293f9c8c71d9ce1e1451,legacy,HARX,0,571,2013-01-31,2012-12-31,1965-06-30,2012-12-31,-3.5122743260836247,-3.438879816972799,-3.384603543633676,ok
30d8a037387ca5d3572817d56abeb86b6c132dd8d0a5293f9c8c71d9ce1e1451,legacy,HARX,0,571,2013-02-28,2013-01-31,1965-07-31,2013-01-31,-3.3434701265797875,-3.5122743260836247,-3.4675266592795966,ok
30d8a037387ca5d3572817d56abeb86b6c132dd8d0a5293f9c8c71d9ce1e1451,legacy,HARX,0,571,2013-03-31,2013-02-28,1965-08-31,2013-02-28,-3.8179084623195907,-3.3434701265797875,-3.3785219531059387,ok
30d8a037387ca5d3572817d56abeb86b6c132dd8d0a5293f9c8c71d9ce1e1451,legacy,HARX,0,571,2013-04-30,2013-03-31,1965-09-30,2013-03-31,-3.190861789295619,-3.8179084623195907,-3.6195795113612874,ok
30d8a037387ca5d3572817d56abeb86b6c132dd8d0a5293f9c8c71d9ce1e1451,legacy,HARX,0,571,2013-05-31,2013-04-30,1965-10-31,2013-04-30,-3.446126454815234,-3.190861789295619,-3.3457451361600574,ok
30d8a037387ca5d3572817d56abeb86b6c132dd8d0a5293f9c8c71d9ce1e1451,legacy,HARX,0,571,2013-06-30,2013-05-31,1965-11-30,2013-05-31,-3.0453169802170232,-3.446126454815234,-3.4651257433886844,ok
30d8a037387ca5d3572817d56abeb86b6c132dd8d0a5293f9c8c71d9ce1e1451,legacy,HARX,0,571,2013-07-31,2013-06-30,1965-12-31,2013-06-30,-3.802623427578242,-3.0453169802170232,-3.14698239508417,ok
30d8a037387ca5d3572817d56abeb86b6c132dd8d0a5293f9c8c71d9ce1e1451,legacy,HARX,0,571,2013-08-31,2013-07-31,1966-01-31,2013-07-31,-3.4765909912871975,-3.802623427578242,-3.5863228930140374,ok
30d8a037387ca5d3572817d56abeb86b6c132dd8d0a5293f9c8c71d9ce1e1451,legacy,HARX,0,571,2013-09-30,2013-08-31,1966-02-28,2013-08-31,-3.6937395473295953,-3.4765909912871975,-3.3870285744065582,ok
30d8a037387ca5d3572817d56abeb86b6c132dd8d0a5293f9c8c71d9ce1e1451,legacy,HARX,0,571,2013-10-31,2013-09-30,1966-03-31,2013-09-30,-3.2760200523947183,-3.6937395473295953,-3.6569640629701876,ok
30d8a037387ca5d3572817d56abeb86b6c132dd8d0a5293f9c8c71d9ce1e1451,legacy,HARX,0,571,2013-11-30,2013-10-31,1966-04-30,2013-10-31,-3.6747290764851526,-3.2760200523947183,-3.436449035428262,ok
30d8a037387ca5d3572817d56abeb86b6c132dd8d0a5293f9c8c71d9ce1e1451,legacy,HARX,0,571,2013-12-31,2013-11-30,1966-05-31,2013-11-30,-3.6040416781045184,-3.6747290764851526,-3.5312560377438658,ok
30d8a037387ca5d3572817d56abeb86b6c132dd8d0a5293f9c8c71d9ce1e1451,legacy,HARX,0,571,2014-01-31,2013-12-31,1966-06-30,2013-12-31,-3.3171375685353466,-3.6040416781045184,-3.56072713138384,ok
30d8a037387ca5d3572817d56abeb86b6c132dd8d0a5293f9c8c71d9ce1e1451,legacy,HARX,0,571,2014-02-28,2014-01-31,1966-07-31,2014-01-31,-3.3386797926341574,-3.3171375685353466,-3.320171137543516,ok
30d8a037387ca5d3572817d56abeb86b6c132dd8d0a5293f9c8c71d9ce1e1451,legacy,HARX,0,571,2014-03-31,2014-02-28,1966-08-31,2014-02-28,-3.5256578627092043,-3.3386797926341574,-3.4686330869132247,ok
30d8a037387ca5d3572817d56abeb86b6c132dd8d0a5293f9c8c71d9ce1e1451,legacy,HARX,0,571,2014-04-30,2014-03-31,1966-09-30,2014-03-31,-3.2955126404999024,-3.5256578627092043,-3.491591518820184,ok
30d8a037387ca5d3572817d56abeb86b6c132dd8d0a5293f9c8c71d9ce1e1451,legacy,HARX,0,571,2014-05-31,2014-04-30,1966-10-31,2014-04-30,-3.7483017283266418,-3.2955126404999024,-3.3044978599942434,ok
30d8a037387ca5d3572817d56abeb86b6c132dd8d0a5293f9c8c71d9ce1e1451,legacy,HARX,0,571,2014-06-30,2014-05-31,1966-11-30,2014-05-31,-4.087403595110627,-3.7483017283266418,-3.5647659168512105,ok
30d8a037387ca5d3572817d56abeb86b6c132dd8d0a5293f9c8c71d9ce1e1451,legacy,HARX,0,571,2014-07-31,2014-06-30,1966-12-31,2014-06-30,-3.4754874909402718,-4.087403595110627,-3.7635996140023895,ok
30d8a037387ca5d3572817d56abeb86b6c132dd8d0a5293f9c8c71d9ce1e1451,legacy,HARX,0,571,2014-08-31,2014-07-31,1967-01-31,2014-07-31,-3.758175341489735,-3.4754874909402718,-3.5674186671376336,ok
30d8a037387ca5d3572817d56abeb86b6c132dd8d0a5293f9c8c71d9ce1e1451,legacy,HARX,0,571,2014-09-30,2014-08-31,1967-02-28,2014-08-31,-3.6148214505759886,-3.758175341489735,-3.7142202534143434,ok
30d8a037387ca5d3572817d56abeb86b6c132dd8d0a5293f9c8c71d9ce1e1451,legacy,HARX,0,571,2014-10-31,2014-09-30,1967-03-31,2014-09-30,-2.9141171757759734,-3.6148214505759886,-3.485854685088936,ok
30d8a037387ca5d3572817d56abeb86b6c132dd8d0a5293f9c8c71d9ce1e1451,legacy,HARX,0,571,2014-11-30,2014-10-31,1967-04-30,2014-10-31,-4.403441476450015,-2.9141171757759734,-3.309335519571837,ok
30d8a037387ca5d3572817d56abeb86b6c132dd8d0a5293f9c8c71d9ce1e1451,legacy,HARX,0,571,2014-12-31,2014-11-30,1967-05-31,2014-11-30,-3.1118286510639352,-4.403441476450015,-3.701823845331109,ok
30d8a037387ca5d3572817d56abeb86b6c132dd8d0a5293f9c8c71d9ce1e1451,legacy,HARX,0,571,2015-01-31,2014-12-31,1967-06-30,2014-12-31,-3.0531195840611964,-3.1118286510639352,-3.465513494974503,ok
30d8a037387ca5d3572817d56abeb86b6c132dd8d0a5293f9c8c71d9ce1e1451,legacy,HARX,0,571,2015-02-28,2015-01-31,1967-07-31,2015-01-31,-3.562245097331633,-3.0531195840611964,-3.2506869875110582,ok
30d8a037387ca5d3572817d56abeb86b6c132dd8d0a5293f9c8c71d9ce1e1451,legacy,HARX,0,571,2015-03-31,2015-02-28,1967-08-31,2015-02-28,-3.1816129636323156,-3.562245097331633,-3.412930835214822,ok
30d8a037387ca5d3572817d56abeb86b6c132dd8d0a5293f9c8c71d9ce1e1451,legacy,HARX,0,571,2015-04-30,2015-03-31,1967-09-30,2015-03-31,-3.7301577097521137,-3.1816129636323156,-3.2837053910673957,ok
30d8a037387ca5d3572817d56abeb86b6c132dd8d0a5293f9c8c71d9ce1e1451,legacy,HARX,0,571,2015-05-31,2015-04-30,1967-10-31,2015-04-30,-3.515261724921692,-3.7301577097521137,-3.5364787851724486,ok
30d8a037387ca5d3572817d56abeb86b6c132dd8d0a5293f9c8c71d9ce1e1451,legacy,HARX,0,571,2015-06-30,2015-05-31,1967-11-30,2015-05-31,-3.4246395604529183,-3.515261724921692,-3.4891852615746477,ok
30d8a037387ca5d3572817d56abeb86b6c132dd8d0a5293f9c8c71d9ce1e1451,legacy,HARX,0,571,2015-07-31,2015-06-30,1967-12-31,2015-06-30,-3.379834324533906,-3.4246395604529183,-3.3995780994860727,ok
30d8a037387ca5d3572817d56abeb86b6c132dd8d0a5293f9c8c71d9ce1e1451,legacy,HARX,0,571,2015-08-31,2015-07-31,1968-01-31,2015-07-31,-2.567702579344776,-3.379834324533906,-3.320709761197206,ok
30d8a037387ca5d3572817d56abeb86b6c132dd8d0a5293f9c8c71d9ce1e1451,legacy,HARX,0,571,2015-09-30,2015-08-31,1968-02-29,2015-08-31,-2.7509836865610584,-2.567702579344776,-2.9656289154211555,ok
30d8a037387ca5d3572817d56abeb86b6c132dd8d0a5293f9c8c71d9ce1e1451,legacy,HARX,0,571,2015-10-31,2015-09-30,1968-03-31,2015-09-30,-3.219259102962737,-2.7509836865610584,-2.8570773339944457,ok
30d8a037387ca5d3572817d56abeb86b6c132dd8d0a5293f9c8c71d9ce1e1451,legacy,HARX,0,571,2015-11-30,2015-10-31,1968-04-30,2015-10-31,-3.3994804010076436,-3.219259102962737,-3.1590769383835253,ok
30d8a037387ca5d3572817d56abeb86b6c132dd8d0a5293f9c8c71d9ce1e1451,legacy,HARX,0,571,2015-12-31,2015-11-30,1968-05-31,2015-11-30,-2.9313513610844177,-3.3994804010076436,-3.2822148912367215,ok
30d8a037387ca5d3572817d56abeb86b6c132dd8d0a5293f9c8c71d9ce1e1451,legacy,HARX,0,571,2016-01-31,2015-12-31,1968-06-30,2015-12-31,-2.721796067769684,-2.9313513610844177,-3.111008612272963,ok
30d8a037387ca5d3572817d56abeb86b6c132dd8d0a5293f9c8c71d9ce1e1451,legacy,HARX,0,571,2016-02-29,2016-01-31,1968-07-31,2016-01-31,-2.975885937336674,-2.721796067769684,-2.8844839976780086,ok
30d8a037387ca5d3572817d56abeb86b6c132dd8d0a5293f9c8c71d9ce1e1451,legacy,HARX,0,571,2016-03-31,2016-02-29,1968-08-31,2016-02-29,-3.3396579653309333,-2.975885937336674,-2.949718234622507,ok
30d8a037387ca5d3572817d56abeb86b6c132dd8d0a5293f9c8c71d9ce1e1451,legacy,HARX,0,571,2016-04-30,2016-03-31,1968-09-30,2016-03-31,-3.5543031478531373,-3.3396579653309333,-3.246609745403823,ok
30d8a037387ca5d3572817d56abeb86b6c132dd8d0a5293f9c8c71d9ce1e1451,legacy,HARX,0,571,2016-05-31,2016-04-30,1968-10-31,2016-04-30,-3.457732751318138,-3.5543031478531373,-3.3629957774338024,ok
30d8a037387ca5d3572817d56abeb86b6c132dd8d0a5293f9c8c71d9ce1e1451,legacy,HARX,0,571,2016-06-30,2016-05-31,1968-11-30,2016-05-31,-2.9208097471793346,-3.457732751318138,-3.384785927591932,ok
30d8a037387ca5d3572817d56abeb86b6c132dd8d0a5293f9c8c71d9ce1e1451,legacy,HARX,0,571,2016-07-31,2016-06-30,1968-12-31,2016-06-30,-3.82748206452236,-2.9208097471793346,-3.1561060784599073,ok
30d8a037387ca5d3572817d56abeb86b6c132dd8d0a5293f9c8c71d9ce1e1451,legacy,HARX,0,571,2016-08-31,2016-07-31,1969-01-31,2016-07-31,-4.092448513398336,-3.82748206452236,-3.4961717445432523,ok
30d8a037387ca5d3572817d56abeb86b6c132dd8d0a5293f9c8c71d9ce1e1451,legacy,HARX,0,571,2016-09-30,2016-08-31,1969-02-28,2016-08-31,-3.192551585892722,-4.092448513398336,-3.5821490168325663,ok
30d8a037387ca5d3572817d56abeb86b6c132dd8d0a5293f9c8c71d9ce1e1451,legacy,HARX,0,571,2016-10-31,2016-09-30,1969-03-31,2016-09-30,-3.9566514163288296,-3.192551585892722,-3.4459575945633034,ok
30d8a037387ca5d3572817d56abeb86b6c132dd8d0a5293f9c8c71d9ce1e1451,legacy,HARX,0,571,2016-11-30,2016-10-31,1969-04-30,2016-10-31,-3.487974422258749,-3.9566514163288296,-3.5415221820431553,ok
30d8a037387ca5d3572817d56abeb86b6c132dd8d0a5293f9c8c71d9ce1e1451,legacy,HARX,0,571,2016-12-31,2016-11-30,1969-05-31,2016-11-30,-3.7787223692336043,-3.487974422258749,-3.550540785246909,ok
30d8a037387ca5d3572817d56abeb86b6c132dd8d0a5293f9c8c71d9ce1e1451,legacy,HARX,0,571,2017-01-31,2016-12-31,1969-06-30,2016-12-31,-4.001828361753411,-3.7787223692336043,-3.612927583981274,ok
30d8a037387ca5d3572817d56abeb86b6c132dd8d0a5293f9c8c71d9ce1e1451,legacy,HARX,0,571,2017-02-28,2017-01-31,1969-07-31,2017-01-31,-4.204700139152802,-4.001828361753411,-3.6574260864201316,ok
30d8a037387ca5d3572817d56abeb86b6c132dd8d0a5293f9c8c71d9ce1e1451,legacy,HARX,0,571,2017-03-31,2017-02-28,1969-08-31,2017-02-28,-3.7314192152872128,-4.204700139152802,-3.8572357395085297,ok
30d8a037387ca5d3572817d56abeb86b6c132dd8d0a5293f9c8c71d9ce1e1451,legacy,HARX,0,571,2017-04-30,2017-03-31,1969-09-30,2017-03-31,-3.926652018374449,-3.7314192152872128,-3.738788810595466,ok
30d8a037387ca5d3572817d56abeb86b6c132dd8d0a5293f9c8c71d9ce1e1451,legacy,HARX,0,571,2017-05-31,2017-04-30,1969-10-31,2017-04-30,-3.7920847378875453,-3.926652018374449,-3.7650769224061706,ok
30d8a037387ca5d3572817d56abeb86b6c132dd8d0a5293f9c8c71d9ce1e1451,legacy,HARX,0,571,2017-06-30,2017-05-31,1969-11-30,2017-05-31,-3.856214910874562,-3.7920847378875453,-3.611901775479095,ok
30d8a037387ca5d3572817d56abeb86b6c132dd8d0a5293f9c8c71d9ce1e1451,legacy,HARX,0,571,2017-07-31,2017-06-30,1969-12-31,2017-06-30,-4.129870024958818,-3.856214910874562,-3.803217286212627,ok
30d8a037387ca5d3572817d56abeb86b6c132dd8d0a5293f9c8c71d9ce1e1451,legacy,HARX,0,571,2017-08-31,2017-07-31,1970-01-31,2017-07-31,-3.5924378123925567,-4.129870024958818,-3.8694882233576804,ok
30d8a037387ca5d3572817d56abeb86b6c132dd8d0a5293f9c8c71d9ce1e1451,legacy,HARX,0,571,2017-09-30,2017-08-31,1970-02-28,2017-08-31,-4.134666486968067,-3.5924378123925567,-3.6387032966309194,ok
30d8a037387ca5d3572817d56abeb86b6c132dd8d0a5293f9c8c71d9ce1e1451,legacy,HARX,0,571,2017-10-31,2017-09-30,1970-03-31,2017-09-30,-4.216826264874244,-4.134666486968067,-3.9097265373860957,ok
30d8a037387ca5d3572817d56abeb86b6c132dd8d0a5293f9c8c71d9ce1e1451,legacy,HARX,0,571,2017-11-30,2017-10-31,1970-04-30,2017-10-31,-3.974205538921206,-4.216826264874244,-3.938767378348012,ok
30d8a037387ca5d3572817d56abeb86b6c132dd8d0a5293f9c8c71d9ce1e1451,legacy,HARX,0,571,2017-12-31,2017-11-30,1970-05-31,2017-11-30,-4.1605958145165705,-3.974205538921206,-3.979570494568735,ok
30d8a037387ca5d3572817d56abeb86b6c132dd8d0a5293f9c8c71d9ce1e1451,legacy,AR1,0,571,1997-08-31,1997-07-31,1950-01-31,1997-07-31,-2.997998940254238,-3.1084047309706033,-3.2414959915731973,ok
30d8a037387ca5d3572817d56abeb86b6c132dd8d0a5293f9c8c71d9ce1e1451,legacy,AR1,0,571,1997-09-30,1997-08-31,1950-02-28,1997-08-31,-2.9805233450013167,-2.997998940254238,-3.1699163062602347,ok
30d8a037387ca5d3572817d56abeb86b6c132dd8d0a5293f9c8c71d9ce1e1451,legacy,AR1,0,571,1997-10-31,1997-09-30,1950-03-31,1997-09-30,-2.3238652771202104,-2.9805233450013167,-3.158037333901088,ok
30d8a037387ca5d3572817d56abeb86b6c132dd8d0a5293f9c8c71d9ce1e1451,legacy,AR1,0,571,1997-11-30,1997-10-31,1950-04-30,1997-10-31,-2.967779424466623,-2.3238652771202104,-2.733859969573307,ok
30d8a037387ca5d3572817d56abeb86b6c132dd8d0a5293f9c8c71d9ce1e1451,legacy,AR1,0,571,1997-12-31,1997-11-30,1950-05-31,1997-11-30,-3.0514972683227777,-2.967779424466623,-3.1480344980755772,ok
30d8a037387ca5d3572817d56abeb86b6c132dd8d0a5293f9c8c71d9ce1e1451,legacy,AR1,0,571,1998-01-31,1997-12-31,1950-06-30,1997-12-31,-2.998809877493172,-3.0514972683227777,-3.202108334588136,ok
30d8a037387ca5d3572817d56abeb86b6c132dd8d0a5293f9c8c71d9ce1e1451,legacy,AR1,0,571,1998-02-28,1998-01-31,1950-07-31,1998-01-31,-3.4342451514940397,-2.998809877493172,-3.167793987345075,ok
30d8a037387ca5d3572817d56abeb86b6c132dd8d0a5293f9c8c71d9ce1e1451,legacy,AR1,0,571,1998-03-31,1998-02-28,1950-08-31,1998-02-28,-3.3950363195710853,-3.4342451514940397,-3.446477536078099,ok
30d8a037387ca5d3572817d56abeb86b6c132dd8d0a5293f9c8c71d9ce1e1451,legacy,AR1,0,571,1998-04-30,1998-03-31,1950-09-30,1998-03-31,-3.2134051996183786,-3.3950363195710853,-3.421382700199046,ok
30d8a037387ca5d3572817d56abeb86b6c132dd8d0a5293f9c8c71d9ce1e1451,legacy,AR1,0,571,1998-05-31,1998-04-30,1950-10-31,1998-04-30,-3.473595749393068,-3.2134051996183786,-3.3049375043927314,ok
30d8a037387ca5d3572817d56abeb86b6c132dd8d0a5293f9c8c71d9ce1e1451,legacy,AR1,0,571,1998-06-30,1998-05-31,1950-11-30,1998-05-31,-3.084631870788053,-3.473595749393068,-3.472576059223951,ok
30d8a037387ca5d3572817d56abeb86b6c132dd8d0a5293f9c8c71d9ce1e1451,legacy,AR1,0,571,1998-07-31,1998-06-30,1950-12-31,1998-06-30,-3.0497952329188918,-3.084631870788053,-3.224181919621609,ok
30d8a037387ca5d3572817d56abeb86b6c132dd8d0a5293f9c8c71d9ce1e1451,legacy,AR1,0,571,1998-08-31,1998-07-31,1951-01-31,1998-07-31,-2.314262503723685,-3.0497952329188918,-3.2009534051241104,ok
30d8a037387ca5d3572817d56abeb86b6c132dd8d0a5293f9c8c71d9ce1e1451,legacy,AR1,0,571,1998-09-30,1998-08-31,1951-02-28,1998-08-31,-2.3129763371118237,-2.314262503723685,-2.7224347720428375,ok
30d8a037387ca5d3572817d56abeb86b6c132dd8d0a5293f9c8c71d9ce1e1451,legacy,AR1,0,571,1998-10-31,1998-09-30,1951-03-31,1998-09-30,-2.638868495322673,-2.3129763371118237,-2.714998372230204,ok
30d8a037387ca5d3572817d56abeb86b6c132dd8d0a5293f9c8c71d9ce1e1451,legacy,AR1,0,571,1998-11-30,1998-10-31,1951-04-30,1998-10-31,-3.1231521925257173,-2.638868495322673,-2.9255579013421587,ok
30d8a037387ca5d3572817d56abeb86b6c132dd8d0a5293f9c8c71d9ce1e1451,legacy,AR1,0,571,1998-12-31,1998-11-30,1951-05-31,1998-11-30,-2.8614581487687634,-3.1231521925257173,-3.2420672152702075,ok
30d8a037387ca5d3572817d56abeb86b6c132dd8d0a5293f9c8c71d9ce1e1451,legacy,AR1,0,571,1999-01-31,1998-12-31,1951-06-30,1998-12-31,-2.8546598491125996,-2.8614581487687634,-3.0703559527279536,ok
30d8a037387ca5d3572817d56abeb86b6c132dd8d0a5293f9c8c71d9ce1e1451,legacy,AR1,0,571,1999-02-28,1999-01-31,1951-07-31,1999-01-31,-2.8306547199882983,-2.8546598491125996,-3.064998604620229,ok
30d8a037387ca5d3572817d56abeb86b6c132dd8d0a5293f9c8c71d9ce1e1451,legacy,AR1,0,571,1999-03-31,1999-02-28,1951-08-31,1999-02-28,-2.8717218927726718,-2.8306547199882983,-3.04692645756498,ok
30d8a037387ca5d3572817d56abeb86b6c132dd8d0a5293f9c8c71d9ce1e1451,legacy,AR1,0,571,1999-04-30,1999-03-31,1951-09-30,1999-03-31,-2.9550032409961746,-2.8717218927726718,-3.072832658904042,ok
30d8a037387ca5d3572817d56abeb86b6c132dd8d0a5293f9c8c71d9ce1e1451,legacy,AR1,0,571,1999-05-31,1999-04-30,1951-10-31,1999-04-30,-2.8875770664081015,-2.9550032409961746,-3.1256417382191777,ok
30d8a037387ca5d3572817d56abeb86b6c132dd8d0a5293f9c8c71d9ce1e1451,legacy,AR1,0,571,1999-06-30,1999-05-31,1951-11-30,1999-05-31,-3.0191012625883085,-2.8875770664081015,-3.0794974551548915,ok
30d8a037387ca5d3572817d56abeb86b6c132dd8d0a5293f9c8c71d9ce1e1451,legacy,AR1,0,571,1999-07-31,1999-06-30,1951-12-31,1999-06-30,-3.2101509685854186,-3.0191012625883085,-3.1656006780172015,ok
30d8a037387ca5d3572817d56abeb86b6c132dd8d0a5293f9c8c71d9ce1e1451,legacy,AR1,0,571,1999-08-31,1999-07-31,1952-01-31,1999-07-31,-2.9534789867089692,-3.2101509685854186,-3.2920062628224613,ok
30d8a037387ca5d3572817d56abeb86b6c132dd8d0a5293f9c8c71d9ce1e1451,legacy,AR1,0,571,1999-09-30,1999-08-31,1952-02-29,1999-08-31,-2.9564823177564232,-2.9534789867089692,-3.1213855410611093,ok
30d8a037387ca5d3572817d56abeb86b6c132dd8d0a5293f9c8c71d9ce1e1451,legacy,AR1,0,571,1999-10-31,1999-09-30,1952-03-31,1999-09-30,-2.6655450376900633,-2.9564823177564232,-3.1225624070600597,ok
30d8a037387ca5d3572817d56abeb86b6c132dd8d0a5293f9c8c71d9ce1e1451,legacy,AR1,0,571,1999-11-30,1999-10-31,1952-04-30,1999-10-31,-3.3039253672881648,-2.6655450376900633,-2.927262822744345,ok
30d8a037387ca5d3572817d56abeb86b6c132dd8d0a5293f9c8c71d9ce1e1451,legacy,AR1,0,571,1999-12-31,1999-11-30,1952-05-31,1999-11-30,-3.388665152890443,-3.3039253672881648,-3.352269434476307,ok
30d8a037387ca5d3572817d56abeb86b6c132dd8d0a5293f9c8c71d9ce1e1451,legacy,AR1,0,571,2000-01-31,1999-12-31,1952-06-30,1999-12-31,-2.6226733886036615,-3.388665152890443,-3.4078276397267393,ok
30d8a037387ca5d3572817d56abeb86b6c132dd8d0a5293f9c8c71d9ce1e1451,legacy,AR1,0,571,2000-02-29,2000-01-31,1952-07-31,2000-01-31,-2.897488125745266,-2.6226733886036615,-2.9010543138717537,ok
30d8a037387ca5d3572817d56abeb86b6c132dd8d0a5293f9c8c71d9ce1e1451,legacy,AR1,0,571,2000-03-31,2000-02-29,1952-08-31,2000-02-29,-2.51469776513013,-2.897488125745266,-3.082643162716675,ok
30d8a037387ca5d3572817d56abeb86b6c132dd8d0a5293f9c8c71d9ce1e1451,legacy,AR1,0,571,2000-04-30,2000-03-31,1952-09-30,2000-03-31,-2.4094082379010313,-2.51469776513013,-2.8269434277439442,ok
30d8a037387ca5d3572817d56abeb86b6c132dd8d0a5293f9c8c71d9ce1e1451,legacy,AR1,0,571,2000-05-31,2000-04-30,1952-10-31,2000-04-30,-2.632644632266094,-2.4094082379010313,-2.7518554515190803,ok
30d8a037387ca5d3572817d56abeb86b6c132dd8d0a5293f9c8c71d9ce1e1451,legacy,AR1,0,571,2000-06-30,2000-05-31,1952-11-30,2000-05-31,-3.0278251725128413,-2.632644632266094,-2.8986617346062182,ok
30d8a037387ca5d3572817d56abeb86b6c132dd8d0a5293f9c8c71d9ce1e1451,legacy,AR1,0,571,2000-07-31,2000-06-30,1952-12-31,2000-06-30,-3.088181553822785,-3.0278251725128413,-3.162956592718151,ok
30d8a037387ca5d3572817d56abeb86b6c132dd8d0a5293f9c8c71d9ce1e1451,legacy,AR1,0,571,2000-08-31,2000-07-31,1953-01-31,2000-07-31,-3.438073668437876,-3.088181553822785,-3.202835524473705,ok
30d8a037387ca5d3572817d56abeb86b6c132dd8d0a5293f9c8c71d9ce1e1451,legacy,AR1,0,571,2000-09-30,2000-08-31,1953-02-28,2000-08-31,-3.2193963619434802,-3.438073668437876,-3.4366843676078243,ok
30d8a037387ca5d3572817d56abeb86b6c132dd8d0a5293f9c8c71d9ce1e1451,legacy,AR1,0,571,2000-10-31,2000-09-30,1953-03-31,2000-09-30,-2.5991038256087786,-3.2193963619434802,-3.2899480511864896,ok
30d8a037387ca5d3572817d56abeb86b6c132dd8d0a5293f9c8c71d9ce1e1451,legacy,AR1,0,571,2000-11-30,2000-10-31,1953-04-30,2000-10-31,-2.8568188775989833,-2.5991038256087786,-2.8739896185195652,ok
30d8a037387ca5d3572817d56abeb86b6c132dd8d0a5293f9c8c71d9ce1e1451,legacy,AR1,0,571,2000-12-31,2000-11-30,1953-05-31,2000-11-30,-2.6226966266401908,-2.8568188775989833,-3.045306585353827,ok
30d8a037387ca5d3572817d56abeb86b6c132dd8d0a5293f9c8c71d9ce1e1451,legacy,AR1,0,571,2001-01-31,2000-12-31,1953-06-30,2000-12-31,-2.6642256902470183,-2.6226966266401908,-2.885803735160092,ok
30d8a037387ca5d3572817d56abeb86b6c132dd8d0a5293f9c8c71d9ce1e1451,legacy,AR1,0,571,2001-02-28,2001-01-31,1953-07-31,2001-01-31,-2.9853721170174463,-2.6642256902470183,-2.911448529063704,ok
30d8a037387ca5d3572817d56abeb86b6c132dd8d0a5293f9c8c71d9ce1e1451,legacy,AR1,0,571,2001-03-31,2001-02-28,1953-08-31,2001-02-28,-2.462501150398544,-2.9853721170174463,-3.128245602941063,ok
30d8a037387ca5d3572817d56abeb86b6c132dd8d0a5293f9c8c71d9ce1e1451,legacy,AR1,0,571,2001-04-30,2001-03-31,1953-09-30,2001-03-31,-2.459030693452129,-2.462501150398544,-2.772201222222686,ok
30d8a037387ca5d3572817d56abeb86b6c132dd8d0a5293f9c8c71d9ce1e1451,legacy,AR1,0,571,2001-05-31,2001-04-30,1953-10-31,2001-04-30,-2.9922247396924284,-2.459030693452129,-2.7659267173845317,ok
30d8a037387ca5d3572817d56abeb86b6c132dd8d0a5293f9c8c71d9ce1e1451,legacy,AR1,0,571,2001-06-30,2001-05-31,1953-11-30,2001-05-31,-3.246919804266744,-2.9922247396924284,-3.1294060118340843,ok
30d8a037387ca5d3572817d56abeb86b6c132dd8d0a5293f9c8c71d9ce1e1451,legacy,AR1,0,571,2001-07-31,2001-06-30,1953-12-31,2001-06-30,-2.9201817277563444,-3.246919804266744,-3.3018524076634255,ok
30d8a037387ca5d3572817d56abeb86b6c132dd8d0a5293f9c8c71d9ce1e1451,legacy,AR1,0,571,2001-08-31,2001-07-31,1954-01-31,2001-07-31,-3.0514884107311104,-2.9201817277563444,-3.08022082110751,ok
30d8a037387ca5d3572817d56abeb86b6c132dd8d0a5293f9c8c71d9ce1e1451,legacy,AR1,0,571,2001-09-30,2001-08-31,1954-02-28,2001-08-31,-2.4611074485824003,-3.0514884107311104,-3.16873958184997,ok
30d8a037387ca5d3572817d56abeb86b6c132dd8d0a5293f9c8c71d9ce1e1451,legacy,AR1,0,571,2001-10-31,2001-09-30,1954-03-31,2001-09-30,-2.8652673663392614,-2.4611074485824003,-2.767466174469704,ok
30d8a037387ca5d3572817d56abeb86b6c132dd8d0a5293f9c8c71d9ce1e1451,legacy,AR1,0,571,2001-11-30,2001-10-31,1954-04-30,2001-10-31,-3.0669535317160372,-2.8652673663392614,-3.0411521636016268,ok
30d8a037387ca5d3572817d56abeb86b6c132dd8d0a5293f9c8c71d9ce1e1451,legacy,AR1,0,571,2001-12-31,2001-11-30,1954-05-31,2001-11-30,-3.161773107603656,-3.0669535317160372,-3.1773031343161238,ok
30d8a037387ca5d3572817d56abeb86b6c132dd8d0a5293f9c8c71d9ce1e1451,legacy,AR1,0,571,2002-01-31,2001-12-31,1954-06-30,2001-12-31,-3.0579996618641534,-3.161773107603656,-3.241489330798217,ok
30d8a037387ca5d3572817d56abeb86b6c132dd8d0a5293f9c8c71d9ce1e1451,legacy,AR1,0,571,2002-02-28,2002-01-31,1954-07-31,2002-01-31,-2.9799350071903916,-3.0579996618641534,-3.1704406130655185,ok
30d8a037387ca5d3572817d56abeb86b6c132dd8d0a5293f9c8c71d9ce1e1451,legacy,AR1,0,571,2002-03-31,2002-02-28,1954-08-31,2002-02-28,-3.10739363963361,-2.9799350071903916,-3.1171237155941345,ok
30d8a037387ca5d3572817d56abeb86b6c132dd8d0a5293f9c8c71d9ce1e1451,legacy,AR1,0,571,2002-04-30,2002-03-31,1954-09-30,2002-03-31,-3.0313070929650197,-3.10739363963361,-3.2030829454659853,ok
30d8a037387ca5d3572817d56abeb86b6c132dd8d0a5293f9c8c71d9ce1e1451,legacy,AR1,0,571,2002-05-31,2002-04-30,1954-10-31,2002-04-30,-2.7538487761487103,-3.0313070929650197,-3.150771088229315,ok
30d8a037387ca5d3572817d56abeb86b6c132dd8d0a5293f9c8c71d9ce1e1451,legacy,AR1,0,571,2002-06-30,2002-05-31,1954-11-30,2002-05-31,-2.7963899311292977,-2.7538487761487103,-2.960792658692474,ok
30d8a037387ca5d3572817d56abeb86b6c132dd8d0a5293f9c8c71d9ce1e1451,legacy,AR1,0,571,2002-07-31,2002-06-30,1954-12-31,2002-06-30,-2.0936717644219573,-2.7963899311292977,-2.989303686425423,ok
30d8a037387ca5d3572817d56abeb86b6c132dd8d0a5293f9c8c71d9ce1e1451,legacy,AR1,0,571,2002-08-31,2002-07-31,1955-01-31,2002-07-31,-2.334965250310743,-2.0936717644219573,-2.5031791089106785,ok
30d8a037387ca5d3572817d56abeb86b6c132dd8d0a5293f9c8c71d9ce1e1451,legacy,AR1,0,571,2002-09-30,2002-08-31,1955-02-28,2002-08-31,-2.4457724947083546,-2.334965250310743,-2.663260649221529,ok
30d8a037387ca5d3572817d56abeb86b6c132dd8d0a5293f9c8c71d9ce1e1451,legacy,AR1,0,571,2002-10-31,2002-09-30,1955-03-31,2002-09-30,-2.2381485874590115,-2.4457724947083546,-2.7371525865080106,ok
30d8a037387ca5d3572817d56abeb86b6c132dd8d0a5293f9c8c71d9ce1e1451,legacy,AR1,0,571,2002-11-30,2002-10-31,1955-04-30,2002-10-31,-2.710705924175827,-2.2381485874590115,-2.58381822490142,ok
30d8a037387ca5d3572817d56abeb86b6c132dd8d0a5293f9c8c71d9ce1e1451,legacy,AR1,0,571,2002-12-31,2002-11-30,1955-05-31,2002-11-30,-2.9669397498106065,-2.710705924175827,-2.915744435244659,ok
30d8a037387ca5d3572817d56abeb86b6c132dd8d0a5293f9c8c71d9ce1e1451,legacy,AR1,0,571,2003-01-31,2002-12-31,1955-06-30,2002-12-31,-2.6330623630544365,-2.9669397498106065,-3.0953724692748423,ok
30d8a037387ca5d3572817d56abeb86b6c132dd8d0a5293f9c8c71d9ce1e1451,legacy,AR1,0,571,2003-02-28,2003-01-31,1955-07-31,2003-01-31,-2.9840745753000455,-2.6330623630544365,-2.860192278857001,ok
30d8a037387ca5d3572817d56abeb86b6c132dd8d0a5293f9c8c71d9ce1e1451,legacy,AR1,0,571,2003-03-31,2003-02-28,1955-08-31,2003-02-28,-2.548760188534542,-2.9840745753000455,-3.1060720797531314,ok
30d8a037387ca5d3572817d56abeb86b6c132dd8d0a5293f9c8c71d9ce1e1451,legacy,AR1,0,571,2003-04-30,2003-03-31,1955-09-30,2003-03-31,-2.9002583606826637,-2.548760188534542,-2.7999623853298568,ok
30d8a037387ca5d3572817d56abeb86b6c132dd8d0a5293f9c8c71d9ce1e1451,legacy,AR1,0,571,2003-05-31,2003-04-30,1955-10-31,2003-04-30,-3.054018052228417,-2.9002583606826637,-3.0465602059536394,ok
30d8a037387ca5d3572817d56abeb86b6c132dd8d0a5293f9c8c71d9ce1e1451,legacy,AR1,0,571,2003-06-30,2003-05-31,1955-11-30,2003-05-31,-3.1099359128331163,-3.054018052228417,-3.15456164651699,ok
30d8a037387ca5d3572817d56abeb86b6c132dd8d0a5293f9c8c71d9ce1e1451,legacy,AR1,0,571,2003-07-31,2003-06-30,1955-12-31,2003-06-30,-3.0977800803014732,-3.1099359128331163,-3.192972071523362,ok
30d8a037387ca5d3572817d56abeb86b6c132dd8d0a5293f9c8c71d9ce1e1451,legacy,AR1,0,571,2003-08-31,2003-07-31,1956-01-31,2003-07-31,-3.468517511759465,-3.0977800803014732,-3.184343030721921,ok
30d8a037387ca5d3572817d56abeb86b6c132dd8d0a5293f9c8c71d9ce1e1451,legacy,AR1,0,571,2003-09-30,2003-08-31,1956-02-29,2003-08-31,-3.140232437438156,-3.468517511759465,-3.4458340195193475,ok
30d8a037387ca5d3572817d56abeb86b6c132dd8d0a5293f9c8c71d9ce1e1451,legacy,AR1,0,571,2003-10-31,2003-09-30,1956-03-31,2003-09-30,-3.2870041546527653,-3.140232437438156,-3.21433168675943,ok
30d8a037387ca5d3572817d56abeb86b6c132dd8d0a5293f9c8c71d9ce1e1451,legacy,AR1,0,571,2003-11-30,2003-10-31,1956-04-30,2003-10-31,-3.4985470857007,-3.2870041546527653,-3.3174755012677517,ok
30d8a037387ca5d3572817d56abeb86b6c132dd8d0a5293f9c8c71d9ce1e1451,legacy,AR1,0,571,2003-12-31,2003-11-30,1956-05-31,2003-11-30,-3.513401310816597,-3.4985470857007,-3.467185419752034,ok
30d8a037387ca5d3572817d56abeb86b6c132dd8d0a5293f9c8c71d9ce1e1451,legacy,AR1,0,571,2004-01-31,2003-12-31,1956-06-30,2003-12-31,-3.4650613410497333,-3.513401310816597,-3.477465624870561,ok
30d8a037387ca5d3572817d56abeb86b6c132dd8d0a5293f9c8c71d9ce1e1451,legacy,AR1,0,571,2004-02-29,2004-01-31,1956-07-31,2004-01-31,-3.7030672085876466,-3.4650613410497333,-3.442699378502179,ok
30d8a037387ca5d3572817d56abeb86b6c132dd8d0a5293f9c8c71d9ce1e1451,legacy,AR1,0,571,2004-03-31,2004-02-29,1956-08-31,2004-02-29,-3.1111763767700684,-3.7030672085876466,-3.6121272121357855,ok
30d8a037387ca5d3572817d56abeb86b6c132dd8d0a5293f9c8c71d9ce1e1451,legacy,AR1,0,571,2004-04-30,2004-03-31,1956-09-30,2004-03-31,-3.3476570468612863,-3.1111763767700684,-3.19406096904253,ok
30d8a037387ca5d3572817d56abeb86b6c132dd8d0a5293f9c8c71d9ce1e1451,legacy,AR1,0,571,2004-05-31,2004-04-30,1956-10-31,2004-04-30,-3.465504072923295,-3.3476570468612863,-3.3609197255142433,ok
30d8a037387ca5d3572817d56abeb86b6c132dd8d0a5293f9c8c71d9ce1e1451,legacy,AR1,0,571,2004-06-30,2004-05-31,1956-11-30,2004-05-31,-3.585854204402475,-3.465504072923295,-3.4442113263007146,ok
30d8a037387ca5d3572817d56abeb86b6c132dd8d0a5293f9c8c71d9ce1e1451,legacy,AR1,0,571,2004-07-31,2004-06-30,1956-12-31,2004-06-30,-3.5773152908117005,-3.585854204402475,-3.528853100957024,ok
30d8a037387ca5d3572817d56abeb86b6c132dd8d0a5293f9c8c71d9ce1e1451,legacy,AR1,0,571,2004-08-31,2004-07-31,1957-01-31,2004-07-31,-3.2695206621770985,-3.5773152908117005,-3.5228416035598293,ok
30d8a037387ca5d3572817d56abeb86b6c132dd8d0a5293f9c8c71d9ce1e1451,legacy,AR1,0,571,2004-09-30,2004-08-31,1957-02-28,2004-08-31,-3.6272968251254625,-3.2695206621770985,-3.305737760434008,ok
30d8a037387ca5d3572817d56abeb86b6c132dd8d0a5293f9c8c71d9ce1e1451,legacy,AR1,0,571,2004-10-31,2004-09-30,1957-03-31,2004-09-30,-3.35206685176624,-3.6272968251254625,-3.5570627434242423,ok
30d8a037387ca5d3572817d56abeb86b6c132dd8d0a5293f9c8c71d9ce1e1451,legacy,AR1,0,571,2004-11-30,2004-10-31,1957-04-30,2004-10-31,-3.5343348563403656,-3.35206685176624,-3.362662348530812,ok
30d8a037387ca5d3572817d56abeb86b6c132dd8d0a5293f9c8c71d9ce1e1451,legacy,AR1,0,571,2004-12-31,2004-11-30,1957-05-31,2004-11-30,-3.615011393242337,-3.5343348563403656,-3.491005260409388,ok
30d8a037387ca5d3572817d56abeb86b6c132dd8d0a5293f9c8c71d9ce1e1451,legacy,AR1,0,571,2005-01-31,2004-12-31,1957-06-30,2004-12-31,-3.550604189909233,-3.615011393242337,-3.547343588360344,ok
30d8a037387ca5d3572817d56abeb86b6c132dd8d0a5293f9c8c71d9ce1e1451,legacy,AR1,0,571,2005-02-28,2005-01-31,1957-07-31,2005-01-31,-3.543820432764916,-3.550604189909233,-3.5020702062239537,ok
30d8a037387ca5d3572817d56abeb86b6c132dd8d0a5293f9c8c71d9ce1e1451,legacy,AR1,0,571,2005-03-31,2005-02-28,1957-08-31,2005-02-28,-3.5291465415700136,-3.543820432764916,-3.4987758740405175,ok
30d8a037387ca5d3572817d56abeb86b6c132dd8d0a5293f9c8c71d9ce1e1451,legacy,AR1,0,571,2005-04-30,2005-03-31,1957-09-30,2005-03-31,-3.152720424000165,-3.5291465415700136,-3.488422528894506,ok
30d8a037387ca5d3572817d56abeb86b6c132dd8d0a5293f9c8c71d9ce1e1451,legacy,AR1,0,571,2005-05-31,2005-04-30,1957-10-31,2005-04-30,-3.531069871409308,-3.152720424000165,-3.2243850249275727,ok
30d8a037387ca5d3572817d56abeb86b6c132dd8d0a5293f9c8c71d9ce1e1451,legacy,AR1,0,571,2005-06-30,2005-05-31,1957-11-30,2005-05-31,-3.760011284416737,-3.531069871409308,-3.4905245250012307,ok
30d8a037387ca5d3572817d56abeb86b6c132dd8d0a5293f9c8c71d9ce1e1451,legacy,AR1,0,571,2005-07-31,2005-06-30,1957-12-31,2005-06-30,-3.670772300891824,-3.760011284416737,-3.6516640793593496,ok
30d8a037387ca5d3572817d56abeb86b6c132dd8d0a5293f9c8c71d9ce1e1451,legacy,AR1,0,571,2005-08-31,2005-07-31,1958-01-31,2005-07-31,-3.63388825571129,-3.670772300891824,-3.5885759641249293,ok
30d8a037387ca5d3572817d56abeb86b6c132dd8d0a5293f9c8c71d9ce1e1451,legacy,AR1,0,571,2005-09-30,2005-08-31,1958-02-28,2005-08-31,-3.6631012230129896,-3.63388825571129,-3.562568817439908,ok
30d8a037387ca5d3572817d56abeb86b6c132dd8d0a5293f9c8c71d9ce1e1451,legacy,AR1,0,571,2005-10-31,2005-09-30,1958-03-31,2005-09-30,-3.1557527692250877,-3.6631012230129896,-3.5828124322658206,ok
30d8a037387ca5d3572817d56abeb86b6c132dd8d0a5293f9c8c71d9ce1e1451,legacy,AR1,0,571,2005-11-30,2005-10-31,1958-04-30,2005-10-31,-3.7638501534181033,-3.1557527692250877,-3.2257121883496698,ok
30d8a037387ca5d3572817d56abeb86b6c132dd8d0a5293f9c8c71d9ce1e1451,legacy,AR1,0,571,2005-12-31,2005-11-30,1958-05-31,2005-11-30,-3.873253742668005,-3.7638501534181033,-3.652381995298482,ok
30d8a037387ca5d3572817d56abeb86b6c132dd8d0a5293f9c8c71d9ce1e1451,legacy,AR1,0,571,2006-01-31,2005-12-31,1958-06-30,2005-12-31,-3.4661978775292708,-3.873253742668005,-3.729958509145204,ok
30d8a037387ca5d3572817d56abeb86b6c132dd8d0a5293f9c8c71d9ce1e1451,legacy,AR1,0,571,2006-02-28,2006-01-31,1958-07-31,2006-01-31,-3.670294829123373,-3.4661978775292708,-3.4437395987528996,ok
30d8a037387ca5d3572817d56abeb86b6c132dd8d0a5293f9c8c71d9ce1e1451,legacy,AR1,0,571,2006-03-31,2006-02-28,1958-08-31,2006-02-28,-3.7601645367414083,-3.670294829123373,-3.586654098942013,ok
30d8a037387ca5d3572817d56abeb86b6c132dd8d0a5293f9c8c71d9ce1e1451,legacy,AR1,0,571,2006-04-30,2006-03-31,1958-09-30,2006-03-31,-3.7197949446689256,-3.7601645367414083,-3.6493915769454564,ok
30d8a037387ca5d3572817d56abeb86b6c132dd8d0a5293f9c8c71d9ce1e1451,legacy,AR1,0,571,2006-05-31,2006-04-30,1958-10-31,2006-04-30,-3.2999604149500312,-3.7197949446689256,-3.6219756229726903,ok
30d8a037387ca5d3572817d56abeb86b6c132dd8d0a5293f9c8c71d9ce1e1451,legacy,AR1,0,571,2006-06-30,2006-05-31,1958-11-30,2006-05-31,-3.085582461863455,-3.2999604149500312,-3.327715456588834,ok
30d8a037387ca5d3572817d56abeb86b6c132dd8d0a5293f9c8c71d9ce1e1451,legacy,AR1,0,571,2006-07-31,2006-06-30,1958-12-31,2006-06-30,-3.2709844618608197,-3.085582461863455,-3.1766349381869046,ok
30d8a037387ca5d3572817d56abeb86b6c132dd8d0a5293f9c8c71d9ce1e1451,legacy,AR1,0,571,2006-08-31,2006-07-31,1959-01-31,2006-07-31,-3.8405365199338846,-3.2709844618608197,-3.3063736213566797,ok
30d8a037387ca5d3572817d56abeb86b6c132dd8d0a5293f9c8c71d9ce1e1451,legacy,AR1,0,571,2006-09-30,2006-08-31,1959-02-28,2006-08-31,-3.783882481202963,-3.8405365199338846,-3.706248626631279,ok
30d8a037387ca5d3572817d56abeb86b6c132dd8d0a5293f9c8c71d9ce1e1451,legacy,AR1,0,571,2006-10-31,2006-09-30,1959-03-31,2006-09-30,-3.8554878543326674,-3.783882481202963,-3.6661289676968556,ok
30d8a037387ca5d3572817d56abeb86b6c132dd8d0a5293f9c8c71d9ce1e1451,legacy,AR1,0,571,2006-11-30,2006-10-31,1959-04-30,2006-10-31,-3.716627101662895,-3.8554878543326674,-3.7164864123228933,ok
30d8a037387ca5d3572817d56abeb86b6c132dd8d0a5293f9c8c71d9ce1e1451,legacy,AR1,0,571,2006-12-31,2006-11-30,1959-05-31,2006-11-30,-3.9701695128147905,-3.716627101662895,-3.618885834640295,ok
30d8a037387ca5d3572817d56abeb86b6c132dd8d0a5293f9c8c71d9ce1e1451,legacy,AR1,0,571,2007-01-31,2006-12-31,1959-06-30,2006-12-31,-3.8522491840295054,-3.9701695128147905,-3.798215669596979,ok
30d8a037387ca5d3572817d56abeb86b6c132dd8d0a5293f9c8c71d9ce1e1451,legacy,AR1,0,571,2007-02-28,2007-01-31,1959-07-31,2007-01-31,-3.2447480356532115,-3.8522491840295054,-3.714926877315257,ok
30d8a037387ca5d3572817d56abeb86b6c132dd8d0a5293f9c8c71d9ce1e1451,legacy,AR1,0,571,2007-03-31,2007-02-28,1959-08-31,2007-02-28,-3.222494860521297,-3.2447480356532115,-3.288630534580413,ok
30d8a037387ca5d3572817d56abeb86b6c132dd8d0a5293f9c8c71d9ce1e1451,legacy,AR1,0,571,2007-04-30,2007-03-31,1959-09-30,2007-03-31,-3.7287460922933597,-3.222494860521297,-3.2732602828285007,ok
30d8a037387ca5d3572817d56abeb86b6c132dd8d0a5293f9c8c71d9ce1e1451,legacy,AR1,0,571,2007-05-31,2007-04-30,1959-10-31,2007-04-30,-3.6341144694358256,-3.7287460922933597,-3.62808876305878,ok
30d8a037387ca5d3572817d56abeb86b6c132dd8d0a5293f9c8c71d9ce1e1451,legacy,AR1,0,571,2007-06-30,2007-05-31,1959-11-30,2007-05-31,-3.258361421759635,-3.6341144694358256,-3.5613056362020448,ok
30d8a037387ca5d3572817d56abeb86b6c132dd8d0a5293f9c8c71d9ce1e1451,legacy,AR1,0,571,2007-07-31,2007-06-30,1959-12-31,2007-06-30,-3.0061550064305833,-3.258361421759635,-3.2972079324162706,ok
30d8a037387ca5d3572817d56abeb86b6c132dd8d0a5293f9c8c71d9ce1e1451,legacy,AR1,0,571,2007-08-31,2007-07-31,1960-01-31,2007-07-31,-2.633783081660371,-3.0061550064305833,-3.1202307762807275,ok
30d8a037387ca5d3572817d56abeb86b6c132dd8d0a5293f9c8c71d9ce1e1451,legacy,AR1,0,571,2007-09-30,2007-08-31,1960-02-29,2007-08-31,-3.1472509000198614,-2.633783081660371,-2.8571914671549785,ok
30d8a037387ca5d3572817d56abeb86b6c132dd8d0a5293f9c8c71d9ce1e1451,legacy,AR1,0,571,2007-10-31,2007-09-30,1960-03-31,2007-09-30,-3.190739924075638,-3.1472509000198614,-3.2187753055122,ok
30d8a037387ca5d3572817d56abeb86b6c132dd8d0a5293f9c8c71d9ce1e1451,legacy,AR1,0,571,2007-11-30,2007-10-31,1960-04-30,2007-10-31,-2.587719024765528,-3.190739924075638,-3.249118327472967,ok
30d8a037387ca5d3572817d56abeb86b6c132dd8d0a5293f9c8c71d9ce1e1451,legacy,AR1,0,571,2007-12-31,2007-11-30,1960-05-31,2007-11-30,-3.02436059658321,-2.587719024765528,-2.824079387397839,ok
30d8a037387ca5d3572817d56abeb86b6c132dd8d0a5293f9c8c71d9ce1e1451,legacy,AR1,0,571,2008-01-31,2007-12-31,1960-06-30,2007-12-31,-2.661249374022387,-3.02436059658321,-3.131209329266127,ok
30d8a037387ca5d3572817d56abeb86b6c132dd8d0a5293f9c8c71d9ce1e1451,legacy,AR1,0,571,2008-02-29,2008-01-31,1960-07-31,2008-01-31,-2.8603506881048415,-2.661249374022387,-2.8750247555674253,ok
30d8a037387ca5d3572817d56abeb86b6c132dd8d0a5293f9c8c71d9ce1e1451,legacy,AR1,0,571,2008-03-31,2008-02-29,1960-08-31,2008-02-29,-2.538344113377069,-2.8603506881048415,-3.0144296949984883,ok
30d8a037387ca5d3572817d56abeb86b6c132dd8d0a5293f9c8c71d9ce1e1451,legacy,AR1,0,571,2008-04-30,2008-03-31,1960-09-30,2008-03-31,-2.9300382779186895,-2.538344113377069,-2.7855434725559514,ok
30d8a037387ca5d3572817d56abeb86b6c132dd8d0a5293f9c8c71d9ce1e1451,legacy,AR1,0,571,2008-05-31,2008-04-30,1960-10-31,2008-04-30,-3.204756024564677,-2.9300382779186895,-3.062188469816855,ok
30d8a037387ca5d3572817d56abeb86b6c132dd8d0a5293f9c8c71d9ce1e1451,legacy,AR1,0,571,2008-06-30,2008-05-31,1960-11-30,2008-05-31,-2.8296817644581433,-3.204756024564677,-3.255749732289143,ok
30d8a037387ca5d3572817d56abeb86b6c132dd8d0a5293f9c8c71d9ce1e1451,legacy,AR1,0,571,2008-07-31,2008-06-30,1960-12-31,2008-06-30,-2.705460207716502,-2.8296817644581433,-2.9902257767253415,ok
30d8a037387ca5d3572817d56abeb86b6c132dd8d0a5293f9c8c71d9ce1e1451,legacy,AR1,0,571,2008-08-31,2008-07-31,1961-01-31,2008-07-31,-2.837812391125573,-2.705460207716502,-2.9012514054091687,ok
30d8a037387ca5d3572817d56abeb86b6c132dd8d0a5293f9c8c71d9ce1e1451,legacy,AR1,0,571,2008-09-30,2008-08-31,1961-02-28,2008-08-31,-1.8529192183645744,-2.837812391125573,-2.994233441169082,ok
30d8a037387ca5d3572817d56abeb86b6c132dd8d0a5293f9c8c71d9ce1e1451,legacy,AR1,0,571,2008-10-31,2008-09-30,1961-03-31,2008-09-30,-1.42971613203937,-1.8529192183645744,-2.289441326708632,ok
30d8a037387ca5d3572817d56abeb86b6c132dd8d0a5293f9c8c71d9ce1e1451,legacy,AR1,0,571,2008-11-30,2008-10-31,1961-04-30,2008-10-31,-1.656316012106184,-1.42971613203937,-1.9615378679302848,ok
30d8a037387ca5d3572817d56abeb86b6c132dd8d0a5293f9c8c71d9ce1e1451,legacy,AR1,0,571,2008-12-31,2008-11-30,1961-05-31,2008-11-30,-1.94077400987452,-1.656316012106184,-2.1080315985770883,ok
30d8a037387ca5d3572817d56abeb86b6c132dd8d0a5293f9c8c71d9ce1e1451,legacy,AR1,0,571,2009-01-31,2008-12-31,1961-06-30,2008-12-31,-2.206526753661318,-1.94077400987452,-2.311416071493997,ok
30d8a037387ca5d3572817d56abeb86b6c132dd8d0a5293f9c8c71d9ce1e1451,legacy,AR1,0,571,2009-02-28,2009-01-31,1961-07-31,2009-01-31,-2.2946239453922495,-2.206526753661318,-2.5054315410879577,ok
30d8a037387ca5d3572817d56abeb86b6c132dd8d0a5293f9c8c71d9ce1e1451,legacy,AR1,0,571,2009-03-31,2009-02-28,1961-08-31,2009-02-28,-1.9582508837470343,-2.2946239453922495,-2.5684156672497034,ok
30d8a037387ca5d3572817d56abeb86b6c132dd8d0a5293f9c8c71d9ce1e1451,legacy,AR1,0,571,2009-04-30,2009-03-31,1961-09-30,2009-03-31,-2.443587835277547,-1.9582508837470343,-2.3094801466445736,ok
30d8a037387ca5d3572817d56abeb86b6c132dd8d0a5293f9c8c71d9ce1e1451,legacy,AR1,0,571,2009-05-31,2009-04-30,1961-10-31,2009-04-30,-2.5321700284042636,-2.443587835277547,-2.6729485100246695,ok
30d8a037387ca5d3572817d56abeb86b6c132dd8d0a5293f9c8c71d9ce1e1451,legacy,AR1,0,571,2009-06-30,2009-05-31,1961-11-30,2009-05-31,-2.8287513462734335,-2.5321700284042636,-2.738069588152713,ok
30d8a037387ca5d3572817d56abeb86b6c132dd8d0a5293f9c8c71d9ce1e1451,legacy,AR1,0,571,2009-07-31,2009-06-30,1961-12-31,2009-06-30,-2.793345786712595,-2.8287513462734335,-2.959719986506021,ok
30d8a037387ca5d3572817d56abeb86b6c132dd8d0a5293f9c8c71d9ce1e1451,legacy,AR1,0,571,2009-08-31,2009-07-31,1962-01-31,2009-07-31,-3.0644616714098785,-2.793345786712595,-2.932471473705361,ok
30d8a037387ca5d3572817d56abeb86b6c132dd8d0a5293f9c8c71d9ce1e1451,legacy,AR1,0,571,2009-09-30,2009-08-31,1962-02-28,2009-08-31,-3.130025280604083,-3.0644616714098785,-3.1342862457690797,ok
30d8a037387ca5d3572817d56abeb86b6c132dd8d0a5293f9c8c71d9ce1e1451,legacy,AR1,0,571,2009-10-31,2009-09-30,1962-03-31,2009-09-30,-2.7700971285615434,-3.130025280604083,-3.1829999012110965,ok
30d8a037387ca5d3572817d56abeb86b6c132dd8d0a5293f9c8c71d9ce1e1451,legacy,AR1,0,571,2009-11-30,2009-10-31,1962-04-30,2009-10-31,-3.1107964455907346,-2.7700971285615434,-2.9136753822010384,ok
30d8a037387ca5d3572817d56abeb86b6c132dd8d0a5293f9c8c71d9ce1e1451,legacy,AR1,0,571,2009-12-31,2009-11-30,1962-05-31,2009-11-30,-3.4880632358514134,-3.1107964455907346,-3.1702701266349487,ok
30d8a037387ca5d3572817d56abeb86b6c132dd8d0a5293f9c8c71d9ce1e1451,legacy,AR1,0,571,2010-01-31,2009-12-31,1962-06-30,2009-12-31,-3.1051107340740467,-3.4880632358514134,-3.452481520172583,ok
30d8a037387ca5d3572817d56abeb86b6c132dd8d0a5293f9c8c71d9ce1e1451,legacy,AR1,0,571,2010-02-28,2010-01-31,1962-07-31,2010-01-31,-3.0178391591893847,-3.1051107340740467,-3.1649418745036977,ok
30d8a037387ca5d3572817d56abeb86b6c132dd8d0a5293f9c8c71d9ce1e1451,legacy,AR1,0,571,2010-03-31,2010-02-28,1962-08-31,2010-02-28,-3.6861498116127507,-3.0178391591893847,-3.098488469757652,ok
30d8a037387ca5d3572817d56abeb86b6c132dd8d0a5293f9c8c71d9ce1e1451,legacy,AR1,0,571,2010-04-30,2010-03-31,1962-09-30,2010-03-31,-3.1571807998960457,-3.6861498116127507,-3.5999174714633995,ok
30d8a037387ca5d3572817d56abeb86b6c132dd8d0a5293f9c8c71d9ce1e1451,legacy,AR1,0,571,2010-05-31,2010-04-30,1962-10-31,2010-04-30,-2.407193011304442,-3.1571807998960457,-3.2047170455867366,ok
30d8a037387ca5d3572817d56abeb86b6c132dd8d0a5293f9c8c71d9ce1e1451,legacy,AR1,0,571,2010-06-30,2010-05-31,1962-11-30,2010-05-31,-2.590131684949471,-2.407193011304442,-2.6401858056134095,ok
30d8a037387ca5d3572817d56abeb86b6c132dd8d0a5293f9c8c71d9ce1e1451,legacy,AR1,0,571,2010-07-31,2010-06-30,1962-12-31,2010-06-30,-2.852932567849959,-2.590131684949471,-2.776265841778539,ok
30d8a037387ca5d3572817d56abeb86b6c132dd8d0a5293f9c8c71d9ce1e1451,legacy,AR1,0,571,2010-08-31,2010-07-31,1963-01-31,2010-07-31,-2.9530416640092794,-2.852932567849959,-2.973630118167156,ok
30d8a037387ca5d3572817d56abeb86b6c132dd8d0a5293f9c8c71d9ce1e1451,legacy,AR1,0,571,2010-09-30,2010-08-31,1963-02-28,2010-08-31,-3.038118590021741,-2.9530416640092794,-3.0482556219964403,ok
30d8a037387ca5d3572817d56abeb86b6c132dd8d0a5293f9c8c71d9ce1e1451,legacy,AR1,0,571,2010-10-31,2010-09-30,1963-03-31,2010-09-30,-3.418407956833649,-3.038118590021741,-3.1118241170993155,ok
30d8a037387ca5d3572817d56abeb86b6c132dd8d0a5293f9c8c71d9ce1e1451,legacy,AR1,0,571,2010-11-30,2010-10-31,1963-04-30,2010-10-31,-3.1787815912351842,-3.418407956833649,-3.3961167087907302,ok
30d8a037387ca5d3572817d56abeb86b6c132dd8d0a5293f9c8c71d9ce1e1451,legacy,AR1,0,571,2010-12-31,2010-11-30,1963-05-31,2010-11-30,-3.553444149972958,-3.1787815912351842,-3.2168687571740353,ok
30d8a037387ca5d3572817d56abeb86b6c132dd8d0a5293f9c8c71d9ce1e1451,legacy,AR1,0,571,2011-01-31,2010-12-31,1963-06-30,2010-12-31,-3.5254625792369607,-3.553444149972958,-3.495523932337081,ok
30d8a037387ca5d3572817d56abeb86b6c132dd8d0a5293f9c8c71d9ce1e1451,legacy,AR1,0,571,2011-02-28,2011-01-31,1963-07-31,2011-01-31,-3.421017028944507,-3.5254625792369607,-3.475251617262391,ok
30d8a037387ca5d3572817d56abeb86b6c132dd8d0a5293f9c8c71d9ce1e1451,legacy,AR1,0,571,2011-03-31,2011-02-28,1963-08-31,2011-02-28,-3.0256567272535344,-3.421017028944507,-3.3967434769821323,ok
30d8a037387ca5d3572817d56abeb86b6c132dd8d0a5293f9c8c71d9ce1e1451,legacy,AR1,0,571,2011-04-30,2011-03-31,1963-09-30,2011-03-31,-3.6813619979803685,-3.0256567272535344,-3.102691701450305,ok
30d8a037387ca5d3572817d56abeb86b6c132dd8d0a5293f9c8c71d9ce1e1451,legacy,AR1,0,571,2011-05-31,2011-04-30,1963-10-31,2011-04-30,-3.4864984354795028,-3.6813619979803685,-3.5895598447984214,ok
30d8a037387ca5d3572817d56abeb86b6c132dd8d0a5293f9c8c71d9ce1e1451,legacy,AR1,0,571,2011-06-30,2011-05-31,1963-11-30,2011-05-31,-3.0353184736868135,-3.4864984354795028,-3.446700881471044,ok
30d8a037387ca5d3572817d56abeb86b6c132dd8d0a5293f9c8c71d9ce1e1451,legacy,AR1,0,571,2011-07-31,2011-06-30,1963-12-31,2011-06-30,-3.1500524848844638,-3.0353184736868135,-3.108186804536558,ok
30d8a037387ca5d3572817d56abeb86b6c132dd8d0a5293f9c8c71d9ce1e1451,legacy,AR1,0,571,2011-08-31,2011-07-31,1964-01-31,2011-07-31,-1.9665046707257416,-3.1500524848844638,-3.1935630256339422,ok
30d8a037387ca5d3572817d56abeb86b6c132dd8d0a5293f9c8c71d9ce1e1451,legacy,AR1,0,571,2011-09-30,2011-08-31,1964-02-29,2011-08-31,-2.481306279652722,-1.9665046707257416,-2.316196489832448,ok
30d8a037387ca5d3572817d56abeb86b6c132dd8d0a5293f9c8c71d9ce1e1451,legacy,AR1,0,571,2011-10-31,2011-09-30,1964-03-31,2011-09-30,-2.457655436729706,-2.481306279652722,-2.699656031594789,ok
30d8a037387ca5d3572817d56abeb86b6c132dd8d0a5293f9c8c71d9ce1e1451,legacy,AR1,0,571,2011-11-30,2011-10-31,1964-04-30,2011-10-31,-2.4359863431041875,-2.457655436729706,-2.6799094272603705,ok
30d8a037387ca5d3572817d56abeb86b6c132dd8d0a5293f9c8c71d9ce1e1451,legacy,AR1,0,571,2011-12-31,2011-11-30,1964-05-31,2011-11-30,-2.9483163558607832,-2.4359863431041875,-2.6628763197399894,ok
30d8a037387ca5d3572817d56abeb86b6c132dd8d0a5293f9c8c71d9ce1e1451,legacy,AR1,0,571,2012-01-31,2011-12-31,1964-06-30,2011-12-31,-3.6753549263674072,-2.9483163558607832,-3.0422750395075546,ok
30d8a037387ca5d3572817d56abeb86b6c132dd8d0a5293f9c8c71d9ce1e1451,legacy,AR1,0,571,2012-02-29,2012-01-31,1964-07-31,2012-01-31,-3.6938984477186816,-3.6753549263674072,-3.576037841269526,ok
30d8a037387ca5d3572817d56abeb86b6c132dd8d0a5293f9c8c71d9ce1e1451,legacy,AR1,0,571,2012-03-31,2012-02-29,1964-08-31,2012-02-29,-3.3843465262657215,-3.6938984477186816,-3.590563744116897,ok
30d8a037387ca5d3572817d56abeb86b6c132dd8d0a5293f9c8c71d9ce1e1451,legacy,AR1,0,571,2012-04-30,2012-03-31,1964-09-30,2012-03-31,-3.210146241345559,-3.3843465262657215,-3.3619356726318124,ok
30d8a037387ca5d3572817d56abeb86b6c132dd8d0a5293f9c8c71d9ce1e1451,legacy,AR1,0,571,2012-05-31,2012-04-30,1964-10-31,2012-04-30,-3.2497545069314553,-3.210146241345559,-3.2343834415356554,ok
30d8a037387ca5d3572817d56abeb86b6c132dd8d0a5293f9c8c71d9ce1e1451,legacy,AR1,0,571,2012-06-30,2012-05-31,1964-11-30,2012-05-31,-2.8366615287918187,-3.2497545069314553,-3.2629552104604174,ok
30d8a037387ca5d3572817d56abeb86b6c132dd8d0a5293f9c8c71d9ce1e1451,legacy,AR1,0,571,2012-07-31,2012-06-30,1964-12-31,2012-06-30,-3.2378719180591355,-2.8366615287918187,-2.9623541266596423,ok
30d8a037387ca5d3572817d56abeb86b6c132dd8d0a5293f9c8c71d9ce1e1451,legacy,AR1,0,571,2012-08-31,2012-07-31,1965-01-31,2012-07-31,-3.6166817154299276,-3.2378719180591355,-3.2533303786615844,ok
30d8a037387ca5d3572817d56abeb86b6c132dd8d0a5293f9c8c71d9ce1e1451,legacy,AR1,0,571,2012-09-30,2012-08-31,1965-02-28,2012-08-31,-3.4378098591980444,-3.6166817154299276,-3.5278716903199925,ok
30d8a037387ca5d3572817d56abeb86b6c132dd8d0a5293f9c8c71d9ce1e1451,legacy,AR1,0,571,2012-10-31,2012-09-30,1965-03-31,2012-09-30,-3.4888694072163897,-3.4378098591980444,-3.396745911103648,ok
30d8a037387ca5d3572817d56abeb86b6c132dd8d0a5293f9c8c71d9ce1e1451,legacy,AR1,0,571,2012-11-30,2012-10-31,1965-04-30,2012-10-31,-3.130457558392097,-3.4888694072163897,-3.43267935508248,ok
30d8a037387ca5d3572817d56abeb86b6c132dd8d0a5293f9c8c71d9ce1e1451,legacy,AR1,0,571,2012-12-31,2012-11-30,1965-05-31,2012-11-30,-3.438879816972799,-3.130457558392097,-3.1755054632114366,ok
30d8a037387ca5d3572817d56abeb86b6c132dd8d0a5293f9c8c71d9ce1e1451,legacy,AR1,0,571,2013-01-31,2012-12-31,1965-06-30,2012-12-31,-3.5122743260836247,-3.438879816972799,-3.3987428414568583,ok
30d8a037387ca5d3572817d56abeb86b6c132dd8d0a5293f9c8c71d9ce1e1451,legacy,AR1,0,571,2013-02-28,2013-01-31,1965-07-31,2013-01-31,-3.3434701265797875,-3.5122743260836247,-3.450986435384637,ok
30d8a037387ca5d3572817d56abeb86b6c132dd8d0a5293f9c8c71d9ce1e1451,legacy,AR1,0,571,2013-03-31,2013-02-28,1965-08-31,2013-02-28,-3.8179084623195907,-3.3434701265797875,-3.327140238690002,ok
30d8a037387ca5d3572817d56abeb86b6c132dd8d0a5293f9c8c71d9ce1e1451,legacy,AR1,0,571,2013-04-30,2013-03-31,1965-09-30,2013-03-31,-3.190861789295619,-3.8179084623195907,-3.6696899451505036,ok
30d8a037387ca5d3572817d56abeb86b6c132dd8d0a5293f9c8c71d9ce1e1451,legacy,AR1,0,571,2013-05-31,2013-04-30,1965-10-31,2013-04-30,-3.446126454815234,-3.190861789295619,-3.217478514501948,ok
30d8a037387ca5d3572817d56abeb86b6c132dd8d0a5293f9c8c71d9ce1e1451,legacy,AR1,0,571,2013-06-30,2013-05-31,1965-11-30,2013-05-31,-3.0453169802170232,-3.446126454815234,-3.3987706924163077,ok
30d8a037387ca5d3572817d56abeb86b6c132dd8d0a5293f9c8c71d9ce1e1451,legacy,AR1,0,571,2013-07-31,2013-06-30,1965-12-31,2013-06-30,-3.802623427578242,-3.0453169802170232,-3.113657574331535,ok
30d8a037387ca5d3572817d56abeb86b6c132dd8d0a5293f9c8c71d9ce1e1451,legacy,AR1,0,571,2013-08-31,2013-07-31,1966-01-31,2013-07-31,-3.4765909912871975,-3.802623427578242,-3.648680308132231,ok
30d8a037387ca5d3572817d56abeb86b6c132dd8d0a5293f9c8c71d9ce1e1451,legacy,AR1,0,571,2013-09-30,2013-08-31,1966-02-28,2013-08-31,-3.6937395473295953,-3.4765909912871975,-3.418779539806521,ok
30d8a037387ca5d3572817d56abeb86b6c132dd8d0a5293f9c8c71d9ce1e1451,legacy,AR1,0,571,2013-10-31,2013-09-30,1966-03-31,2013-09-30,-3.2760200523947183,-3.6937395473295953,-3.5737677796263516,ok
30d8a037387ca5d3572817d56abeb86b6c132dd8d0a5293f9c8c71d9ce1e1451,legacy,AR1,0,571,2013-11-30,2013-10-31,1966-04-30,2013-10-31,-3.6747290764851526,-3.2760200523947183,-3.2770482597842694,ok
30d8a037387ca5d3572817d56abeb86b6c132dd8d0a5293f9c8c71d9ce1e1451,legacy,AR1,0,571,2013-12-31,2013-11-30,1966-05-31,2013-11-30,-3.6040416781045184,-3.6747290764851526,-3.5614841047929255,ok
30d8a037387ca5d3572817d56abeb86b6c132dd8d0a5293f9c8c71d9ce1e1451,legacy,AR1,0,571,2014-01-31,2013-12-31,1966-06-30,2013-12-31,-3.3171375685353466,-3.6040416781045184,-3.5107033681600326,ok
30d8a037387ca5d3572817d56abeb86b6c132dd8d0a5293f9c8c71d9ce1e1451,legacy,AR1,0,571,2014-02-28,2014-01-31,1966-07-31,2014-01-31,-3.3386797926341574,-3.3171375685353466,-3.307046364647446,ok
30d8a037387ca5d3572817d56abeb86b6c132dd8d0a5293f9c8c71d9ce1e1451,legacy,AR1,0,571,2014-03-31,2014-02-28,1966-08-31,2014-02-28,-3.5256578627092043,-3.3386797926341574,-3.323369755215732,ok
30d8a037387ca5d3572817d56abeb86b6c132dd8d0a5293f9c8c71d9ce1e1451,legacy,AR1,0,571,2014-04-30,2014-03-31,1966-09-30,2014-03-31,-3.2955126404999024,-3.5256578627092043,-3.4565332745236184,ok
30d8a037387ca5d3572817d56abeb86b6c132dd8d0a5293f9c8c71d9ce1e1451,legacy,AR1,0,571,2014-05-31,2014-04-30,1966-10-31,2014-04-30,-3.7483017283266418,-3.2955126404999024,-3.2927847796522123,ok
30d8a037387ca5d3572817d56abeb86b6c132dd8d0a5293f9c8c71d9ce1e1451,legacy,AR1,0,571,2014-06-30,2014-05-31,1966-11-30,2014-05-31,-4.087403595110627,-3.7483017283266418,-3.615583263936263,ok
30d8a037387ca5d3572817d56abeb86b6c132dd8d0a5293f9c8c71d9ce1e1451,legacy,AR1,0,571,2014-07-31,2014-06-30,1966-12-31,2014-06-30,-3.4754874909402718,-4.087403595110627,-3.8590916391356798,ok
30d8a037387ca5d3572817d56abeb86b6c132dd8d0a5293f9c8c71d9ce1e1451,legacy,AR1,0,571,2014-08-31,2014-07-31,1967-01-31,2014-07-31,-3.758175341489735,-3.4754874909402718,-3.4205152505037475,ok
30d8a037387ca5d3572817d56abeb86b6c132dd8d0a5293f9c8c71d9ce1e1451,legacy,AR1,0,571,2014-09-30,2014-08-31,1967-02-28,2014-08-31,-3.6148214505759886,-3.758175341489735,-3.6213594353892584,ok
30d8a037387ca5d3572817d56abeb86b6c132dd8d0a5293f9c8c71d9ce1e1451,legacy,AR1,0,571,2014-10-31,2014-09-30,1967-03-31,2014-09-30,-2.9141171757759734,-3.6148214505759886,-3.5190881744779046,ok
30d8a037387ca5d3572817d56abeb86b6c132dd8d0a5293f9c8c71d9ce1e1451,legacy,AR1,0,571,2014-11-30,2014-10-31,1967-04-30,2014-10-31,-4.403441476450015,-2.9141171757759734,-3.020853673243551,ok
30d8a037387ca5d3572817d56abeb86b6c132dd8d0a5293f9c8c71d9ce1e1451,legacy,AR1,0,571,2014-12-31,2014-11-30,1967-05-31,2014-11-30,-3.1118286510639352,-4.403441476450015,-4.073948122698,ok
30d8a037387ca5d3572817d56abeb86b6c132dd8d0a5293f9c8c71d9ce1e1451,legacy,AR1,0,571,2015-01-31,2014-12-31,1967-06-30,2014-12-31,-3.0531195840611964,-3.1118286510639352,-3.1643226398673505,ok
30d8a037387ca5d3572817d56abeb86b6c132dd8d0a5293f9c8c71d9ce1e1451,legacy,AR1,0,571,2015-02-28,2015-01-31,1967-07-31,2015-01-31,-3.562245097331633,-3.0531195840611964,-3.1223542294455546,ok
30d8a037387ca5d3572817d56abeb86b6c132dd8d0a5293f9c8c71d9ce1e1451,legacy,AR1,0,571,2015-03-31,2015-02-28,1967-08-31,2015-02-28,-3.1816129636323156,-3.562245097331633,-3.4751308243929664,ok
30d8a037387ca5d3572817d56abeb86b6c132dd8d0a5293f9c8c71d9ce1e1451,legacy,AR1,0,571,2015-04-30,2015-03-31,1967-09-30,2015-03-31,-3.7301577097521137,-3.1816129636323156,-3.2115096511628245,ok
30d8a037387ca5d3572817d56abeb86b6c132dd8d0a5293f9c8c71d9ce1e1451,legacy,AR1,0,571,2015-05-31,2015-04-30,1967-10-31,2015-04-30,-3.515261724921692,-3.7301577097521137,-3.590497205311289,ok
30d8a037387ca5d3572817d56abeb86b6c132dd8d0a5293f9c8c71d9ce1e1451,legacy,AR1,0,571,2015-06-30,2015-05-31,1967-11-30,2015-05-31,-3.4246395604529183,-3.515261724921692,-3.4422875558261863,ok
30d8a037387ca5d3572817d56abeb86b6c132dd8d0a5293f9c8c71d9ce1e1451,legacy,AR1,0,571,2015-07-31,2015-06-30,1967-12-31,2015-06-30,-3.379834324533906,-3.4246395604529183,-3.3784645890154907,ok
30d8a037387ca5d3572817d56abeb86b6c132dd8d0a5293f9c8c71d9ce1e1451,legacy,AR1,0,571,2015-08-31,2015-07-31,1968-01-31,2015-07-31,-2.567702579344776,-3.379834324533906,-3.3477635438026607,ok
30d8a037387ca5d3572817d56abeb86b6c132dd8d0a5293f9c8c71d9ce1e1451,legacy,AR1,0,571,2015-09-30,2015-08-31,1968-02-29,2015-08-31,-2.7509836865610584,-2.567702579344776,-2.788381611650892,ok
30d8a037387ca5d3572817d56abeb86b6c132dd8d0a5293f9c8c71d9ce1e1451,legacy,AR1,0,571,2015-10-31,2015-09-30,1968-03-31,2015-09-30,-3.219259102962737,-2.7509836865610584,-2.9142504246986936,ok
30d8a037387ca5d3572817d56abeb86b6c132dd8d0a5293f9c8c71d9ce1e1451,legacy,AR1,0,571,2015-11-30,2015-10-31,1968-04-30,2015-10-31,-3.3994804010076436,-3.219259102962737,-3.2372118020933134,ok
30d8a037387ca5d3572817d56abeb86b6c132dd8d0a5293f9c8c71d9ce1e1451,legacy,AR1,0,571,2015-12-31,2015-11-30,1968-05-31,2015-11-30,-2.9313513610844177,-3.3994804010076436,-3.3600448577641657,ok
30d8a037387ca5d3572817d56abeb86b6c132dd8d0a5293f9c8c71d9ce1e1451,legacy,AR1,0,571,2016-01-31,2015-12-31,1968-06-30,2015-12-31,-2.721796067769684,-2.9313513610844177,-3.03780265552952,ok
30d8a037387ca5d3572817d56abeb86b6c132dd8d0a5293f9c8c71d9ce1e1451,legacy,AR1,0,571,2016-02-29,2016-01-31,1968-07-31,2016-01-31,-2.975885937336674,-2.721796067769684,-2.892643384650305,ok
30d8a037387ca5d3572817d56abeb86b6c132dd8d0a5293f9c8c71d9ce1e1451,legacy,AR1,0,571,2016-03-31,2016-02-29,1968-08-31,2016-02-29,-3.3396579653309333,-2.975885937336674,-3.0672690954603827,ok
30d8a037387ca5d3572817d56abeb86b6c132dd8d0a5293f9c8c71d9ce1e1451,legacy,AR1,0,571,2016-04-30,2016-03-31,1968-09-30,2016-03-31,-3.5543031478531373,-3.3396579653309333,-3.3165052179738943,ok
30d8a037387ca5d3572817d56abeb86b6c132dd8d0a5293f9c8c71d9ce1e1451,legacy,AR1,0,571,2016-05-31,2016-04-30,1968-10-31,2016-04-30,-3.457732751318138,-3.5543031478531373,-3.462472918228636,ok
30d8a037387ca5d3572817d56abeb86b6c132dd8d0a5293f9c8c71d9ce1e1451,legacy,AR1,0,571,2016-06-30,2016-05-31,1968-11-30,2016-05-31,-2.9208097471793346,-3.457732751318138,-3.395779602844468,ok
30d8a037387ca5d3572817d56abeb86b6c132dd8d0a5293f9c8c71d9ce1e1451,legacy,AR1,0,571,2016-07-31,2016-06-30,1968-12-31,2016-06-30,-3.82748206452236,-2.9208097471793346,-3.0310424014334165,ok
30d8a037387ca5d3572817d56abeb86b6c132dd8d0a5293f9c8c71d9ce1e1451,legacy,AR1,0,571,2016-08-31,2016-07-31,1969-01-31,2016-07-31,-4.092448513398336,-3.82748206452236,-3.6446281838145342,ok
30d8a037387ca5d3572817d56abeb86b6c132dd8d0a5293f9c8c71d9ce1e1451,legacy,AR1,0,571,2016-09-30,2016-08-31,1969-02-28,2016-08-31,-3.192551585892722,-4.092448513398336,-3.8253076284859557,ok
30d8a037387ca5d3572817d56abeb86b6c132dd8d0a5293f9c8c71d9ce1e1451,legacy,AR1,0,571,2016-10-31,2016-09-30,1969-03-31,2016-09-30,-3.9566514163288296,-3.192551585892722,-3.21591456289181,ok
30d8a037387ca5d3572817d56abeb86b6c132dd8d0a5293f9c8c71d9ce1e1451,legacy,AR1,0,571,2016-11-30,2016-10-31,1969-04-30,2016-10-31,-3.487974422258749,-3.9566514163288296,-3.7281636577760215,ok
30d8a037387ca5d3572817d56abeb86b6c132dd8d0a5293f9c8c71d9ce1e1451,legacy,AR1,0,571,2016-12-31,2016-11-30,1969-05-31,2016-11-30,-3.7787223692336043,-3.487974422258749,-3.413074951354428,ok
30d8a037387ca5d3572817d56abeb86b6c132dd8d0a5293f9c8c71d9ce1e1451,legacy,AR1,0,571,2017-01-31,2016-12-31,1969-06-30,2016-12-31,-4.001828361753411,-3.7787223692336043,-3.6081580906101998,ok
30d8a037387ca5d3572817d56abeb86b6c132dd8d0a5293f9c8c71d9ce1e1451,legacy,AR1,0,571,2017-02-28,2017-01-31,1969-07-31,2017-01-31,-4.204700139152802,-4.001828361753411,-3.7609881897984496,ok
30d8a037387ca5d3572817d56abeb86b6c132dd8d0a5293f9c8c71d9ce1e1451,legacy,AR1,0,571,2017-03-31,2017-02-28,1969-08-31,2017-02-28,-3.7314192152872128,-4.204700139152802,-3.900896751255242,ok
30d8a037387ca5d3572817d56abeb86b6c132dd8d0a5293f9c8c71d9ce1e1451,legacy,AR1,0,571,2017-04-30,2017-03-31,1969-09-30,2017-03-31,-3.926652018374449,-3.7314192152872128,-3.58038815890846,ok
30d8a037387ca5d3572817d56abeb86b6c132dd8d0a5293f9c8c71d9ce1e1451,legacy,AR1,0,571,2017-05-31,2017-04-30,1969-10-31,2017-04-30,-3.7920847378875453,-3.926652018374449,-3.7128229439602167,ok
30d8a037387ca5d3572817d56abeb86b6c132dd8d0a5293f9c8c71d9ce1e1451,legacy,AR1,0,571,2017-06-30,2017-05-31,1969-11-30,2017-05-31,-3.856214910874562,-3.7920847378875453,-3.6215022780965027,ok
30d8a037387ca5d3572817d56abeb86b6c132dd8d0a5293f9c8c71d9ce1e1451,legacy,AR1,0,571,2017-07-31,2017-06-30,1969-12-31,2017-06-30,-4.129870024958818,-3.856214910874562,-3.6668326423363102,ok
30d8a037387ca5d3572817d56abeb86b6c132dd8d0a5293f9c8c71d9ce1e1451,legacy,AR1,0,571,2017-08-31,2017-07-31,1970-01-31,2017-07-31,-3.5924378123925567,-4.129870024958818,-3.854709770365337,ok
30d8a037387ca5d3572817d56abeb86b6c132dd8d0a5293f9c8c71d9ce1e1451,legacy,AR1,0,571,2017-09-30,2017-08-31,1970-02-28,2017-08-31,-4.134666486968067,-3.5924378123925567,-3.4888013902707513,ok
30d8a037387ca5d3572817d56abeb86b6c132dd8d0a5293f9c8c71d9ce1e1451,legacy,AR1,0,571,2017-10-31,2017-09-30,1970-03-31,2017-09-30,-4.216826264874244,-4.134666486968067,-3.857991354566242,ok
30d8a037387ca5d3572817d56abeb86b6c132dd8d0a5293f9c8c71d9ce1e1451,legacy,AR1,0,571,2017-11-30,2017-10-31,1970-04-30,2017-10-31,-3.974205538921206,-4.216826264874244,-3.9177485971135333,ok
30d8a037387ca5d3572817d56abeb86b6c132dd8d0a5293f9c8c71d9ce1e1451,legacy,AR1,0,571,2017-12-31,2017-11-30,1970-05-31,2017-11-30,-4.1605958145165705,-3.974205538921206,-3.7540057948013423,ok
30d8a037387ca5d3572817d56abeb86b6c132dd8d0a5293f9c8c71d9ce1e1451,legacy,AR3,0,571,1997-08-31,1997-07-31,1950-01-31,1997-07-31,-2.997998940254238,-3.1084047309706033,-3.204924892254356,ok
30d8a037387ca5d3572817d56abeb86b6c132dd8d0a5293f9c8c71d9ce1e1451,legacy,AR3,0,571,1997-09-30,1997-08-31,1950-02-28,1997-08-31,-2.9805233450013167,-2.997998940254238,-3.149666817745987,ok
30d8a037387ca5d3572817d56abeb86b6c132dd8d0a5293f9c8c71d9ce1e1451,legacy,AR3,0,571,1997-10-31,1997-09-30,1950-03-31,1997-09-30,-2.3238652771202104,-2.9805233450013167,-3.122737109348657,ok
30d8a037387ca5d3572817d56abeb86b6c132dd8d0a5293f9c8c71d9ce1e1451,legacy,AR3,0,571,1997-11-30,1997-10-31,1950-04-30,1997-10-31,-2.967779424466623,-2.3238652771202104,-2.7823952079118452,ok
30d8a037387ca5d3572817d56abeb86b6c132dd8d0a5293f9c8c71d9ce1e1451,legacy,AR3,0,571,1997-12-31,1997-11-30,1950-05-31,1997-11-30,-3.0514972683227777,-2.967779424466623,-2.996837685193302,ok
30d8a037387ca5d3572817d56abeb86b6c132dd8d0a5293f9c8c71d9ce1e1451,legacy,AR3,0,571,1998-01-31,1997-12-31,1950-06-30,1997-12-31,-2.998809877493172,-3.0514972683227777,-3.0758351432308464,ok
30d8a037387ca5d3572817d56abeb86b6c132dd8d0a5293f9c8c71d9ce1e1451,legacy,AR3,0,571,1998-02-28,1998-01-31,1950-07-31,1998-01-31,-3.4342451514940397,-2.998809877493172,-3.1231956938403553,ok
30d8a037387ca5d3572817d56abeb86b6c132dd8d0a5293f9c8c71d9ce1e1451,legacy,AR3,0,571,1998-03-31,1998-02-28,1950-08-31,1998-02-28,-3.3950363195710853,-3.4342451514940397,-3.33627265300729,ok
30d8a037387ca5d3572817d56abeb86b6c132dd8d0a5293f9c8c71d9ce1e1451,legacy,AR3,0,571,1998-04-30,1998-03-31,1950-09-30,1998-03-31,-3.2134051996183786,-3.3950363195710853,-3.3840578519714617,ok
30d8a037387ca5d3572817d56abeb86b6c132dd8d0a5293f9c8c71d9ce1e1451,legacy,AR3,0,571,1998-05-31,1998-04-30,1950-10-31,1998-04-30,-3.473595749393068,-3.2134051996183786,-3.3311954503213785,ok
30d8a037387ca5d3572817d56abeb86b6c132dd8d0a5293f9c8c71d9ce1e1451,legacy,AR3,0,571,1998-06-30,1998-05-31,1950-11-30,1998-05-31,-3.084631870788053,-3.473595749393068,-3.4236093275488675,ok
30d8a037387ca5d3572817d56abeb86b6c132dd8d0a5293f9c8c71d9ce1e1451,legacy,AR3,0,571,1998-07-31,1998-06-30,1950-12-31,1998-06-30,-3.0497952329188918,-3.084631870788053,-3.2597180804849795,ok
30d8a037387ca5d3572817d56abeb86b6c132dd8d0a5293f9c8c71d9ce1e1451,legacy,AR3,0,571,1998-08-31,1998-07-31,1951-01-31,1998-07-31,-2.314262503723685,-3.0497952329188918,-3.202586778873887,ok
30d8a037387ca5d3572817d56abeb86b6c132dd8d0a5293f9c8c71d9ce1e1451,legacy,AR3,0,571,1998-09-30,1998-08-31,1951-02-28,1998-08-31,-2.3129763371118237,-2.314262503723685,-2.7975206345238695,ok
30d8a037387ca5d3572817d56abeb86b6c132dd8d0a5293f9c8c71d9ce1e1451,legacy,AR3,0,571,1998-10-31,1998-09-30,1951-03-31,1998-09-30,-2.638868495322673,-2.3129763371118237,-2.663224696724176,ok
30d8a037387ca5d3572817d56abeb86b6c132dd8d0a5293f9c8c71d9ce1e1451,legacy,AR3,0,571,1998-11-30,1998-10-31,1951-04-30,1998-10-31,-3.1231521925257173,-2.638868495322673,-2.755021253894682,ok
30d8a037387ca5d3572817d56abeb86b6c132dd8d0a5293f9c8c71d9ce1e1451,legacy,AR3,0,571,1998-12-31,1998-11-30,1951-05-31,1998-11-30,-2.8614581487687634,-3.1231521925257173,-3.0549835875934943,ok
30d8a037387ca5d3572817d56abeb86b6c132dd8d0a5293f9c8c71d9ce1e1451,legacy,AR3,0,571,1999-01-31,1998-12-31,1951-06-30,1998-12-31,-2.8546598491125996,-2.8614581487687634,-3.030127460515785,ok
30d8a037387ca5d3572817d56abeb86b6c132dd8d0a5293f9c8c71d9ce1e1451,legacy,AR3,0,571,1999-02-28,1999-01-31,1951-07-31,1999-01-31,-2.8306547199882983,-2.8546598491125996,-3.02878647052271,ok
30d8a037387ca5d3572817d56abeb86b6c132dd8d0a5293f9c8c71d9ce1e1451,legacy,AR3,0,571,1999-03-31,1999-02-28,1951-08-31,1999-02-28,-2.8717218927726718,-2.8306547199882983,-2.98887351867656,ok
30d8a037387ca5d3572817d56abeb86b6c132dd8d0a5293f9c8c71d9ce1e1451,legacy,AR3,0,571,1999-04-30,1999-03-31,1951-09-30,1999-03-31,-2.9550032409961746,-2.8717218927726718,-3.003955069929028,ok
30d8a037387ca5d3572817d56abeb86b6c132dd8d0a5293f9c8c71d9ce1e1451,legacy,AR3,0,571,1999-05-31,1999-04-30,1951-10-31,1999-04-30,-2.8875770664081015,-2.9550032409961746,-3.050120071685318,ok
30d8a037387ca5d3572817d56abeb86b6c132dd8d0a5293f9c8c71d9ce1e1451,legacy,AR3,0,571,1999-06-30,1999-05-31,1951-11-30,1999-05-31,-3.0191012625883085,-2.8875770664081015,-3.0331861760757803,ok
30d8a037387ca5d3572817d56abeb86b6c132dd8d0a5293f9c8c71d9ce1e1451,legacy,AR3,0,571,1999-07-31,1999-06-30,1951-12-31,1999-06-30,-3.2101509685854186,-3.0191012625883085,-3.0945052950994123,ok
30d8a037387ca5d3572817d56abeb86b6c132dd8d0a5293f9c8c71d9ce1e1451,legacy,AR3,0,571,1999-08-31,1999-07-31,1952-01-31,1999-07-31,-2.9534789867089692,-3.2101509685854186,-3.2071847465131027,ok
30d8a037387ca5d3572817d56abeb86b6c132dd8d0a5293f9c8c71d9ce1e1451,legacy,AR3,0,571,1999-09-30,1999-08-31,1952-02-29,1999-08-31,-2.9564823177564232,-2.9534789867089692,-3.1222313170376856,ok
30d8a037387ca5d3572817d56abeb86b6c132dd8d0a5293f9c8c71d9ce1e1451,legacy,AR3,0,571,1999-10-31,1999-09-30,1952-03-31,1999-09-30,-2.6655450376900633,-2.9564823177564232,-3.095842169481962,ok
30d8a037387ca5d3572817d56abeb86b6c132dd8d0a5293f9c8c71d9ce1e1451,legacy,AR3,0,571,1999-11-30,1999-10-31,1952-04-30,1999-10-31,-3.3039253672881648,-2.6655450376900633,-2.926218045597465,ok
30d8a037387ca5d3572817d56abeb86b6c132dd8d0a5293f9c8c71d9ce1e1451,legacy,AR3,0,571,1999-12-31,1999-11-30,1952-05-31,1999-11-30,-3.388665152890443,-3.3039253672881648,-3.1958484783086822,ok
30d8a037387ca5d3572817d56abeb86b6c132dd8d0a5293f9c8c71d9ce1e1451,legacy,AR3,0,571,2000-01-31,1999-12-31,1952-06-30,1999-12-31,-2.6226733886036615,-3.388665152890443,-3.323345741147031,ok
30d8a037387ca5d3572817d56abeb86b6c132dd8d0a5293f9c8c71d9ce1e1451,legacy,AR3,0,571,2000-02-29,2000-01-31,1952-07-31,2000-01-31,-2.897488125745266,-2.6226733886036615,-3.0133300342651457,ok
30d8a037387ca5d3572817d56abeb86b6c132dd8d0a5293f9c8c71d9ce1e1451,legacy,AR3,0,571,2000-03-31,2000-02-29,1952-08-31,2000-02-29,-2.51469776513013,-2.897488125745266,-3.028275614445145,ok
30d8a037387ca5d3572817d56abeb86b6c132dd8d0a5293f9c8c71d9ce1e1451,legacy,AR3,0,571,2000-04-30,2000-03-31,1952-09-30,2000-03-31,-2.4094082379010313,-2.51469776513013,-2.8086775064845364,ok
30d8a037387ca5d3572817d56abeb86b6c132dd8d0a5293f9c8c71d9ce1e1451,legacy,AR3,0,571,2000-05-31,2000-04-30,1952-10-31,2000-04-30,-2.632644632266094,-2.4094082379010313,-2.7109168877969974,ok
30d8a037387ca5d3572817d56abeb86b6c132dd8d0a5293f9c8c71d9ce1e1451,legacy,AR3,0,571,2000-06-30,2000-05-31,1952-11-30,2000-05-31,-3.0278251725128413,-2.632644632266094,-2.768482184107981,ok
30d8a037387ca5d3572817d56abeb86b6c132dd8d0a5293f9c8c71d9ce1e1451,legacy,AR3,0,571,2000-07-31,2000-06-30,1952-12-31,2000-06-30,-3.088181553822785,-3.0278251725128413,-2.9965765081458917,ok
30d8a037387ca5d3572817d56abeb86b6c132dd8d0a5293f9c8c71d9ce1e1451,legacy,AR3,0,571,2000-08-31,2000-07-31,1953-01-31,2000-07-31,-3.438073668437876,-3.088181553822785,-3.1182270222319586,ok
30d8a037387ca5d3572817d56abeb86b6c132dd8d0a5293f9c8c71d9ce1e1451,legacy,AR3,0,571,2000-09-30,2000-08-31,1953-02-28,2000-08-31,-3.2193963619434802,-3.438073668437876,-3.3405157479966165,ok
30d8a037387ca5d3572817d56abeb86b6c132dd8d0a5293f9c8c71d9ce1e1451,legacy,AR3,0,571,2000-10-31,2000-09-30,1953-03-31,2000-09-30,-2.5991038256087786,-3.2193963619434802,-3.295164969716495,ok
30d8a037387ca5d3572817d56abeb86b6c132dd8d0a5293f9c8c71d9ce1e1451,legacy,AR3,0,571,2000-11-30,2000-10-31,1953-04-30,2000-10-31,-2.8568188775989833,-2.5991038256087786,-2.974269275500151,ok
30d8a037387ca5d3572817d56abeb86b6c132dd8d0a5293f9c8c71d9ce1e1451,legacy,AR3,0,571,2000-12-31,2000-11-30,1953-05-31,2000-11-30,-2.6226966266401908,-2.8568188775989833,-2.980676811272256,ok
30d8a037387ca5d3572817d56abeb86b6c132dd8d0a5293f9c8c71d9ce1e1451,legacy,AR3,0,571,2001-01-31,2000-12-31,1953-06-30,2000-12-31,-2.6642256902470183,-2.6226966266401908,-2.844895215583888,ok
30d8a037387ca5d3572817d56abeb86b6c132dd8d0a5293f9c8c71d9ce1e1451,legacy,AR3,0,571,2001-02-28,2001-01-31,1953-07-31,2001-01-31,-2.9853721170174463,-2.6642256902470183,-2.8482702594480536,ok
30d8a037387ca5d3572817d56abeb86b6c132dd8d0a5293f9c8c71d9ce1e1451,legacy,AR3,0,571,2001-03-31,2001-02-28,1953-08-31,2001-02-28,-2.462501150398544,-2.9853721170174463,-2.9989598703765203,ok
30d8a037387ca5d3572817d56abeb86b6c132dd8d0a5293f9c8c71d9ce1e1451,legacy,AR3,0,571,2001-04-30,2001-03-31,1953-09-30,2001-03-31,-2.459030693452129,-2.462501150398544,-2.78747507045738,ok
30d8a037387ca5d3572817d56abeb86b6c132dd8d0a5293f9c8c71d9ce1e1451,legacy,AR3,0,571,2001-05-31,2001-04-30,1953-10-31,2001-04-30,-2.9922247396924284,-2.459030693452129,-2.7236904607436765,ok
30d8a037387ca5d3572817d56abeb86b6c132dd8d0a5293f9c8c71d9ce1e1451,legacy,AR3,0,571,2001-06-30,2001-05-31,1953-11-30,2001-05-31,-3.246919804266744,-2.9922247396924284,-2.946966821115114,ok
30d8a037387ca5d3572817d56abeb86b6c132dd8d0a5293f9c8c71d9ce1e1451,legacy,AR3,0,571,2001-07-31,2001-06-30,1953-12-31,2001-06-30,-2.9201817277563444,-3.246919804266744,-3.1685469157442894,ok
30d8a037387ca5d3572817d56abeb86b6c132dd8d0a5293f9c8c71d9ce1e1451,legacy,AR3,0,571,2001-08-31,2001-07-31,1954-01-31,2001-07-31,-3.0514884107311104,-2.9201817277563444,-3.093428580996724,ok
30d8a037387ca5d3572817d56abeb86b6c132dd8d0a5293f9c8c71d9ce1e1451,legacy,AR3,0,571,2001-09-30,2001-08-31,1954-02-28,2001-08-31,-2.4611074485824003,-3.0514884107311104,-3.131022125765774,ok
30d8a037387ca5d3572817d56abeb86b6c132dd8d0a5293f9c8c71d9ce1e1451,legacy,AR3,0,571,2001-10-31,2001-09-30,1954-03-31,2001-09-30,-2.8652673663392614,-2.4611074485824003,-2.8180180881538606,ok
30d8a037387ca5d3572817d56abeb86b6c132dd8d0a5293f9c8c71d9ce1e1451,legacy,AR3,0,571,2001-11-30,2001-10-31,1954-04-30,2001-10-31,-3.0669535317160372,-2.8652673663392614,-2.938373346616922,ok
30d8a037387ca5d3572817d56abeb86b6c132dd8d0a5293f9c8c71d9ce1e1451,legacy,AR3,0,571,2001-12-31,2001-11-30,1954-05-31,2001-11-30,-3.161773107603656,-3.0669535317160372,-3.0523251635129665,ok
30d8a037387ca5d3572817d56abeb86b6c132dd8d0a5293f9c8c71d9ce1e1451,legacy,AR3,0,571,2002-01-31,2001-12-31,1954-06-30,2001-12-31,-3.0579996618641534,-3.161773107603656,-3.173520662135072,ok
30d8a037387ca5d3572817d56abeb86b6c132dd8d0a5293f9c8c71d9ce1e1451,legacy,AR3,0,571,2002-02-28,2002-01-31,1954-07-31,2002-01-31,-2.9799350071903916,-3.0579996618641534,-3.1546131024836273,ok
30d8a037387ca5d3572817d56abeb86b6c132dd8d0a5293f9c8c71d9ce1e1451,legacy,AR3,0,571,2002-03-31,2002-02-28,1954-08-31,2002-02-28,-3.10739363963361,-2.9799350071903916,-3.1063323596576025,ok
30d8a037387ca5d3572817d56abeb86b6c132dd8d0a5293f9c8c71d9ce1e1451,legacy,AR3,0,571,2002-04-30,2002-03-31,1954-09-30,2002-03-31,-3.0313070929650197,-3.10739363963361,-3.149127933050422,ok
30d8a037387ca5d3572817d56abeb86b6c132dd8d0a5293f9c8c71d9ce1e1451,legacy,AR3,0,571,2002-05-31,2002-04-30,1954-10-31,2002-04-30,-2.7538487761487103,-3.0313070929650197,-3.1234267015535826,ok
30d8a037387ca5d3572817d56abeb86b6c132dd8d0a5293f9c8c71d9ce1e1451,legacy,AR3,0,571,2002-06-30,2002-05-31,1954-11-30,2002-05-31,-2.7963899311292977,-2.7538487761487103,-2.9809310173042824,ok
30d8a037387ca5d3572817d56abeb86b6c132dd8d0a5293f9c8c71d9ce1e1451,legacy,AR3,0,571,2002-07-31,2002-06-30,1954-12-31,2002-06-30,-2.0936717644219573,-2.7963899311292977,-2.9462738515880083,ok
30d8a037387ca5d3572817d56abeb86b6c132dd8d0a5293f9c8c71d9ce1e1451,legacy,AR3,0,571,2002-08-31,2002-07-31,1955-01-31,2002-07-31,-2.334965250310743,-2.0936717644219573,-2.556022837394731,ok
30d8a037387ca5d3572817d56abeb86b6c132dd8d0a5293f9c8c71d9ce1e1451,legacy,AR3,0,571,2002-09-30,2002-08-31,1955-02-28,2002-08-31,-2.4457724947083546,-2.334965250310743,-2.568183295029209,ok
30d8a037387ca5d3572817d56abeb86b6c132dd8d0a5293f9c8c71d9ce1e1451,legacy,AR3,0,571,2002-10-31,2002-09-30,1955-03-31,2002-09-30,-2.2381485874590115,-2.4457724947083546,-2.5927040977034936,ok
30d8a037387ca5d3572817d56abeb86b6c132dd8d0a5293f9c8c71d9ce1e1451,legacy,AR3,0,571,2002-11-30,2002-10-31,1955-04-30,2002-10-31,-2.710705924175827,-2.2381485874590115,-2.5200836375176245,ok
30d8a037387ca5d3572817d56abeb86b6c132dd8d0a5293f9c8c71d9ce1e1451,legacy,AR3,0,571,2002-12-31,2002-11-30,1955-05-31,2002-11-30,-2.9669397498106065,-2.710705924175827,-2.748782835598967,ok
30d8a037387ca5d3572817d56abeb86b6c132dd8d0a5293f9c8c71d9ce1e1451,legacy,AR3,0,571,2003-01-31,2002-12-31,1955-06-30,2002-12-31,-2.6330623630544365,-2.9669397498106065,-2.944946090837795,ok
30d8a037387ca5d3572817d56abeb86b6c132dd8d0a5293f9c8c71d9ce1e1451,legacy,AR3,0,571,2003-02-28,2003-01-31,1955-07-31,2003-01-31,-2.9840745753000455,-2.6330623630544365,-2.855062699456274,ok
30d8a037387ca5d3572817d56abeb86b6c132dd8d0a5293f9c8c71d9ce1e1451,legacy,AR3,0,571,2003-03-31,2003-02-28,1955-08-31,2003-02-28,-2.548760188534542,-2.9840745753000455,-3.0125124433378074,ok
30d8a037387ca5d3572817d56abeb86b6c132dd8d0a5293f9c8c71d9ce1e1451,legacy,AR3,0,571,2003-04-30,2003-03-31,1955-09-30,2003-03-31,-2.9002583606826637,-2.548760188534542,-2.805053393943465,ok
30d8a037387ca5d3572817d56abeb86b6c132dd8d0a5293f9c8c71d9ce1e1451,legacy,AR3,0,571,2003-05-31,2003-04-30,1955-10-31,2003-04-30,-3.054018052228417,-2.9002583606826637,-2.9502455027219128,ok
30d8a037387ca5d3572817d56abeb86b6c132dd8d0a5293f9c8c71d9ce1e1451,legacy,AR3,0,571,2003-06-30,2003-05-31,1955-11-30,2003-05-31,-3.1099359128331163,-3.054018052228417,-3.0474833350547623,ok
30d8a037387ca5d3572817d56abeb86b6c132dd8d0a5293f9c8c71d9ce1e1451,legacy,AR3,0,571,2003-07-31,2003-06-30,1955-12-31,2003-06-30,-3.0977800803014732,-3.1099359128331163,-3.1377588944392985,ok
30d8a037387ca5d3572817d56abeb86b6c132dd8d0a5293f9c8c71d9ce1e1451,legacy,AR3,0,571,2003-08-31,2003-07-31,1956-01-31,2003-07-31,-3.468517511759465,-3.0977800803014732,-3.155706252975273,ok
30d8a037387ca5d3572817d56abeb86b6c132dd8d0a5293f9c8c71d9ce1e1451,legacy,AR3,0,571,2003-09-30,2003-08-31,1956-02-29,2003-08-31,-3.140232437438156,-3.468517511759465,-3.355077149162252,ok
30d8a037387ca5d3572817d56abeb86b6c132dd8d0a5293f9c8c71d9ce1e1451,legacy,AR3,0,571,2003-10-31,2003-09-30,1956-03-31,2003-09-30,-3.2870041546527653,-3.140232437438156,-3.243002816575869,ok
30d8a037387ca5d3572817d56abeb86b6c132dd8d0a5293f9c8c71d9ce1e1451,legacy,AR3,0,571,2003-11-30,2003-10-31,1956-04-30,2003-10-31,-3.4985470857007,-3.2870041546527653,-3.3018518674771906,ok
30d8a037387ca5d3572817d56abeb86b6c132dd8d0a5293f9c8c71d9ce1e1451,legacy,AR3,0,571,2003-12-31,2003-11-30,1956-05-31,2003-11-30,-3.513401310816597,-3.4985470857007,-3.405101567765557,ok
30d8a037387ca5d3572817d56abeb86b6c132dd8d0a5293f9c8c71d9ce1e1451,legacy,AR3,0,571,2004-01-31,2003-12-31,1956-06-30,2003-12-31,-3.4650613410497333,-3.513401310816597,-3.4644628205867294,ok
30d8a037387ca5d3572817d56abeb86b6c132dd8d0a5293f9c8c71d9ce1e1451,legacy,AR3,0,571,2004-02-29,2004-01-31,1956-07-31,2004-01-31,-3.7030672085876466,-3.4650613410497333,-3.461675294636167,ok
30d8a037387ca5d3572817d56abeb86b6c132dd8d0a5293f9c8c71d9ce1e1451,legacy,AR3,0,571,2004-03-31,2004-02-29,1956-08-31,2004-02-29,-3.1111763767700684,-3.7030672085876466,-3.5810928107888165,ok
30d8a037387ca5d3572817d56abeb86b6c132dd8d0a5293f9c8c71d9ce1e1451,legacy,AR3,0,571,2004-04-30,2004-03-31,1956-09-30,2004-03-31,-3.3476570468612863,-3.1111763767700684,-3.304764844606032,ok
30d8a037387ca5d3572817d56abeb86b6c132dd8d0a5293f9c8c71d9ce1e1451,legacy,AR3,0,571,2004-05-31,2004-04-30,1956-10-31,2004-04-30,-3.465504072923295,-3.3476570468612863,-3.3497705400260496,ok
30d8a037387ca5d3572817d56abeb86b6c132dd8d0a5293f9c8c71d9ce1e1451,legacy,AR3,0,571,2004-06-30,2004-05-31,1956-11-30,2004-05-31,-3.585854204402475,-3.465504072923295,-3.396114537639737,ok
30d8a037387ca5d3572817d56abeb86b6c132dd8d0a5293f9c8c71d9ce1e1451,legacy,AR3,0,571,2004-07-31,2004-06-30,1956-12-31,2004-06-30,-3.5773152908117005,-3.585854204402475,-3.502623300255936,ok
30d8a037387ca5d3572817d56abeb86b6c132dd8d0a5293f9c8c71d9ce1e1451,legacy,AR3,0,571,2004-08-31,2004-07-31,1957-01-31,2004-07-31,-3.2695206621770985,-3.5773152908117005,-3.5290838207676773,ok
30d8a037387ca5d3572817d56abeb86b6c132dd8d0a5293f9c8c71d9ce1e1451,legacy,AR3,0,571,2004-09-30,2004-08-31,1957-02-28,2004-08-31,-3.6272968251254625,-3.2695206621770985,-3.376736264871652,ok
30d8a037387ca5d3572817d56abeb86b6c132dd8d0a5293f9c8c71d9ce1e1451,legacy,AR3,0,571,2004-10-31,2004-09-30,1957-03-31,2004-09-30,-3.35206685176624,-3.6272968251254625,-3.509962607905975,ok
30d8a037387ca5d3572817d56abeb86b6c132dd8d0a5293f9c8c71d9ce1e1451,legacy,AR3,0,571,2004-11-30,2004-10-31,1957-04-30,2004-10-31,-3.5343348563403656,-3.35206685176624,-3.3990185779858844,ok
30d8a037387ca5d3572817d56abeb86b6c132dd8d0a5293f9c8c71d9ce1e1451,legacy,AR3,0,571,2004-12-31,2004-11-30,1957-05-31,2004-11-30,-3.615011393242337,-3.5343348563403656,-3.4798435357128468,ok
30d8a037387ca5d3572817d56abeb86b6c132dd8d0a5293f9c8c71d9ce1e1451,legacy,AR3,0,571,2005-01-31,2004-12-31,1957-06-30,2004-12-31,-3.550604189909233,-3.615011393242337,-3.5296663982137466,ok
30d8a037387ca5d3572817d56abeb86b6c132dd8d0a5293f9c8c71d9ce1e1451,legacy,AR3,0,571,2005-02-28,2005-01-31,1957-07-31,2005-01-31,-3.543820432764916,-3.550604189909233,-3.5279532286872337,ok
30d8a037387ca5d3572817d56abeb86b6c132dd8d0a5293f9c8c71d9ce1e1451,legacy,AR3,0,571,2005-03-31,2005-02-28,1957-08-31,2005-02-28,-3.5291465415700136,-3.543820432764916,-3.5222528748120663,ok
30d8a037387ca5d3572817d56abeb86b6c132dd8d0a5293f9c8c71d9ce1e1451,legacy,AR3,0,571,2005-04-30,2005-03-31,1957-09-30,2005-03-31,-3.152720424000165,-3.5291465415700136,-3.507016189886841,ok
30d8a037387ca5d3572817d56abeb86b6c132dd8d0a5293f9c8c71d9ce1e1451,legacy,AR3,0,571,2005-05-31,2005-04-30,1957-10-31,2005-04-30,-3.531069871409308,-3.152720424000165,-3.3073397696895546,ok
30d8a037387ca5d3572817d56abeb86b6c132dd8d0a5293f9c8c71d9ce1e1451,legacy,AR3,0,571,2005-06-30,2005-05-31,1957-11-30,2005-05-31,-3.760011284416737,-3.531069871409308,-3.4350557742359014,ok
30d8a037387ca5d3572817d56abeb86b6c132dd8d0a5293f9c8c71d9ce1e1451,legacy,AR3,0,571,2005-07-31,2005-06-30,1957-12-31,2005-06-30,-3.670772300891824,-3.760011284416737,-3.5804883760993187,ok
30d8a037387ca5d3572817d56abeb86b6c132dd8d0a5293f9c8c71d9ce1e1451,legacy,AR3,0,571,2005-08-31,2005-07-31,1958-01-31,2005-07-31,-3.63388825571129,-3.670772300891824,-3.6145484728093518,ok
30d8a037387ca5d3572817d56abeb86b6c132dd8d0a5293f9c8c71d9ce1e1451,legacy,AR3,0,571,2005-09-30,2005-08-31,1958-02-28,2005-08-31,-3.6631012230129896,-3.63388825571129,-3.6046390029944906,ok
30d8a037387ca5d3572817d56abeb86b6c132dd8d0a5293f9c8c71d9ce1e1451,legacy,AR3,0,571,2005-10-31,2005-09-30,1958-03-31,2005-09-30,-3.1557527692250877,-3.6631012230129896,-3.6031824428869923,ok
30d8a037387ca5d3572817d56abeb86b6c132dd8d0a5293f9c8c71d9ce1e1451,legacy,AR3,0,571,2005-11-30,2005-10-31,1958-04-30,2005-10-31,-3.7638501534181033,-3.1557527692250877,-3.342150784357119,ok
30d8a037387ca5d3572817d56abeb86b6c132dd8d0a5293f9c8c71d9ce1e1451,legacy,AR3,0,571,2005-12-31,2005-11-30,1958-05-31,2005-11-30,-3.873253742668005,-3.7638501534181033,-3.569572548099286,ok
30d8a037387ca5d3572817d56abeb86b6c132dd8d0a5293f9c8c71d9ce1e1451,legacy,AR3,0,571,2006-01-31,2005-12-31,1958-06-30,2005-12-31,-3.4661978775292708,-3.873253742668005,-3.6773392563455376,ok
30d8a037387ca5d3572817d56abeb86b6c132dd8d0a5293f9c8c71d9ce1e1451,legacy,AR3,0,571,2006-02-28,2006-01-31,1958-07-31,2006-01-31,-3.670294829123373,-3.4661978775292708,-3.552749046963082,ok
30d8a037387ca5d3572817d56abeb86b6c132dd8d0a5293f9c8c71d9ce1e1451,legacy,AR3,0,571,2006-03-31,2006-02-28,1958-08-31,2006-02-28,-3.7601645367414083,-3.670294829123373,-3.600739410223948,ok
30d8a037387ca5d3572817d56abeb86b6c132dd8d0a5293f9c8c71d9ce1e1451,legacy,AR3,0,571,2006-04-30,2006-03-31,1958-09-30,2006-03-31,-3.7197949446689256,-3.7601645367414083,-3.6371949023978782,ok
30d8a037387ca5d3572817d56abeb86b6c132dd8d0a5293f9c8c71d9ce1e1451,legacy,AR3,0,571,2006-05-31,2006-04-30,1958-10-31,2006-04-30,-3.2999604149500312,-3.7197949446689256,-3.6549620606675974,ok
30d8a037387ca5d3572817d56abeb86b6c132dd8d0a5293f9c8c71d9ce1e1451,legacy,AR3,0,571,2006-06-30,2006-05-31,1958-11-30,2006-05-31,-3.085582461863455,-3.2999604149500312,-3.4418433640068304,ok
30d8a037387ca5d3572817d56abeb86b6c132dd8d0a5293f9c8c71d9ce1e1451,legacy,AR3,0,571,2006-07-31,2006-06-30,1958-12-31,2006-06-30,-3.2709844618608197,-3.085582461863455,-3.253177191806474,ok
30d8a037387ca5d3572817d56abeb86b6c132dd8d0a5293f9c8c71d9ce1e1451,legacy,AR3,0,571,2006-08-31,2006-07-31,1959-01-31,2006-07-31,-3.8405365199338846,-3.2709844618608197,-3.266185675895449,ok
30d8a037387ca5d3572817d56abeb86b6c132dd8d0a5293f9c8c71d9ce1e1451,legacy,AR3,0,571,2006-09-30,2006-08-31,1959-02-28,2006-08-31,-3.783882481202963,-3.8405365199338846,-3.5689369663301655,ok
30d8a037387ca5d3572817d56abeb86b6c132dd8d0a5293f9c8c71d9ce1e1451,legacy,AR3,0,571,2006-10-31,2006-09-30,1959-03-31,2006-09-30,-3.8554878543326674,-3.783882481202963,-3.6558778939807883,ok
30d8a037387ca5d3572817d56abeb86b6c132dd8d0a5293f9c8c71d9ce1e1451,legacy,AR3,0,571,2006-11-30,2006-10-31,1959-04-30,2006-10-31,-3.716627101662895,-3.8554878543326674,-3.746240439372901,ok
30d8a037387ca5d3572817d56abeb86b6c132dd8d0a5293f9c8c71d9ce1e1451,legacy,AR3,0,571,2006-12-31,2006-11-30,1959-05-31,2006-11-30,-3.9701695128147905,-3.716627101662895,-3.679187652525707,ok
30d8a037387ca5d3572817d56abeb86b6c132dd8d0a5293f9c8c71d9ce1e1451,legacy,AR3,0,571,2007-01-31,2006-12-31,1959-06-30,2006-12-31,-3.8522491840295054,-3.9701695128147905,-3.7976732418656374,ok
30d8a037387ca5d3572817d56abeb86b6c132dd8d0a5293f9c8c71d9ce1e1451,legacy,AR3,0,571,2007-02-28,2007-01-31,1959-07-31,2007-01-31,-3.2447480356532115,-3.8522491840295054,-3.764892347852435,ok
30d8a037387ca5d3572817d56abeb86b6c132dd8d0a5293f9c8c71d9ce1e1451,legacy,AR3,0,571,2007-03-31,2007-02-28,1959-08-31,2007-02-28,-3.222494860521297,-3.2447480356532115,-3.4522789374265823,ok
30d8a037387ca5d3572817d56abeb86b6c132dd8d0a5293f9c8c71d9ce1e1451,legacy,AR3,0,571,2007-04-30,2007-03-31,1959-09-30,2007-03-31,-3.7287460922933597,-3.222494860521297,-3.325063944198831,ok
30d8a037387ca5d3572817d56abeb86b6c132dd8d0a5293f9c8c71d9ce1e1451,legacy,AR3,0,571,2007-05-31,2007-04-30,1959-10-31,2007-04-30,-3.6341144694358256,-3.7287460922933597,-3.5210756278669733,ok
30d8a037387ca5d3572817d56abeb86b6c132dd8d0a5293f9c8c71d9ce1e1451,legacy,AR3,0,571,2007-06-30,2007-05-31,1959-11-30,2007-05-31,-3.258361421759635,-3.6341144694358256,-3.5536846255790273,ok
30d8a037387ca5d3572817d56abeb86b6c132dd8d0a5293f9c8c71d9ce1e1451,legacy,AR3,0,571,2007-07-31,2007-06-30,1959-12-31,2007-06-30,-3.0061550064305833,-3.258361421759635,-3.3992917216139524,ok
30d8a037387ca5d3572817d56abeb86b6c132dd8d0a5293f9c8c71d9ce1e1451,legacy,AR3,0,571,2007-08-31,2007-07-31,1960-01-31,2007-07-31,-2.633783081660371,-3.0061550064305833,-3.194831859769706,ok
30d8a037387ca5d3572817d56abeb86b6c132dd8d0a5293f9c8c71d9ce1e1451,legacy,AR3,0,571,2007-09-30,2007-08-31,1960-02-29,2007-08-31,-3.1472509000198614,-2.633783081660371,-2.914807487302517,ok
30d8a037387ca5d3572817d56abeb86b6c132dd8d0a5293f9c8c71d9ce1e1451,legacy,AR3,0,571,2007-10-31,2007-09-30,1960-03-31,2007-09-30,-3.190739924075638,-3.1472509000198614,-3.0972945970901873,ok
30d8a037387ca5d3572817d56abeb86b6c132dd8d0a5293f9c8c71d9ce1e1451,legacy,AR3,0,571,2007-11-30,2007-10-31,1960-04-30,2007-10-31,-2.587719024765528,-3.190739924075638,-3.1627162214241498,ok
30d8a037387ca5d3572817d56abeb86b6c132dd8d0a5293f9c8c71d9ce1e1451,legacy,AR3,0,571,2007-12-31,2007-11-30,1960-05-31,2007-11-30,-3.02436059658321,-2.587719024765528,-2.909435636629939,ok
30d8a037387ca5d3572817d56abeb86b6c132dd8d0a5293f9c8c71d9ce1e1451,legacy,AR3,0,571,2008-01-31,2007-12-31,1960-06-30,2007-12-31,-2.661249374022387,-3.02436059658321,-3.0456491440315534,ok
30d8a037387ca5d3572817d56abeb86b6c132dd8d0a5293f9c8c71d9ce1e1451,legacy,AR3,0,571,2008-02-29,2008-01-31,1960-07-31,2008-01-31,-2.8603506881048415,-2.661249374022387,-2.857323934150535,ok
30d8a037387ca5d3572817d56abeb86b6c132dd8d0a5293f9c8c71d9ce1e1451,legacy,AR3,0,571,2008-03-31,2008-02-29,1960-08-31,2008-02-29,-2.538344113377069,-2.8603506881048415,-2.951107063629874,ok
30d8a037387ca5d3572817d56abeb86b6c132dd8d0a5293f9c8c71d9ce1e1451,legacy,AR3,0,571,2008-04-30,2008-03-31,1960-09-30,2008-03-31,-2.9300382779186895,-2.538344113377069,-2.7729772090987876,ok
30d8a037387ca5d3572817d56abeb86b6c132dd8d0a5293f9c8c71d9ce1e1451,legacy,AR3,0,571,2008-05-31,2008-04-30,1960-10-31,2008-04-30,-3.204756024564677,-2.9300382779186895,-2.94491643928914,ok
30d8a037387ca5d3572817d56abeb86b6c132dd8d0a5293f9c8c71d9ce1e1451,legacy,AR3,0,571,2008-06-30,2008-05-31,1960-11-30,2008-05-31,-2.8296817644581433,-3.204756024564677,-3.1184412804366803,ok
30d8a037387ca5d3572817d56abeb86b6c132dd8d0a5293f9c8c71d9ce1e1451,legacy,AR3,0,571,2008-07-31,2008-06-30,1960-12-31,2008-06-30,-2.705460207716502,-2.8296817644581433,-3.0115679840144933,ok
30d8a037387ca5d3572817d56abeb86b6c132dd8d0a5293f9c8c71d9ce1e1451,legacy,AR3,0,571,2008-08-31,2008-07-31,1961-01-31,2008-07-31,-2.837812391125573,-2.705460207716502,-2.9162598798686523,ok
30d8a037387ca5d3572817d56abeb86b6c132dd8d0a5293f9c8c71d9ce1e1451,legacy,AR3,0,571,2008-09-30,2008-08-31,1961-02-28,2008-08-31,-1.8529192183645744,-2.837812391125573,-2.920218108025612,ok
30d8a037387ca5d3572817d56abeb86b6c132dd8d0a5293f9c8c71d9ce1e1451,legacy,AR3,0,571,2008-10-31,2008-09-30,1961-03-31,2008-09-30,-1.42971613203937,-1.8529192183645744,-2.395864181085846,ok
30d8a037387ca5d3572817d56abeb86b6c132dd8d0a5293f9c8c71d9ce1e1451,legacy,AR3,0,571,2008-11-30,2008-10-31,1961-04-30,2008-10-31,-1.656316012106184,-1.42971613203937,-2.0009651258544334,ok
30d8a037387ca5d3572817d56abeb86b6c132dd8d0a5293f9c8c71d9ce1e1451,legacy,AR3,0,571,2008-12-31,2008-11-30,1961-05-31,2008-11-30,-1.94077400987452,-1.656316012106184,-1.9410604432622094,ok
30d8a037387ca5d3572817d56abeb86b6c132dd8d0a5293f9c8c71d9ce1e1451,legacy,AR3,0,571,2009-01-31,2008-12-31,1961-06-30,2008-12-31,-2.206526753661318,-1.94077400987452,-2.0869264594284442,ok
30d8a037387ca5d3572817d56abeb86b6c132dd8d0a5293f9c8c71d9ce1e1451,legacy,AR3,0,571,2009-02-28,2009-01-31,1961-07-31,2009-01-31,-2.2946239453922495,-2.206526753661318,-2.3080169395312007,ok
30d8a037387ca5d3572817d56abeb86b6c132dd8d0a5293f9c8c71d9ce1e1451,legacy,AR3,0,571,2009-03-31,2009-02-28,1961-08-31,2009-02-28,-1.9582508837470343,-2.2946239453922495,-2.4286056776947684,ok
30d8a037387ca5d3572817d56abeb86b6c132dd8d0a5293f9c8c71d9ce1e1451,legacy,AR3,0,571,2009-04-30,2009-03-31,1961-09-30,2009-03-31,-2.443587835277547,-1.9582508837470343,-2.274367162763943,ok
30d8a037387ca5d3572817d56abeb86b6c132dd8d0a5293f9c8c71d9ce1e1451,legacy,AR3,0,571,2009-05-31,2009-04-30,1961-10-31,2009-04-30,-2.5321700284042636,-2.443587835277547,-2.5099407624369867,ok
30d8a037387ca5d3572817d56abeb86b6c132dd8d0a5293f9c8c71d9ce1e1451,legacy,AR3,0,571,2009-06-30,2009-05-31,1961-11-30,2009-05-31,-2.8287513462734335,-2.5321700284042636,-2.5949183580553257,ok
30d8a037387ca5d3572817d56abeb86b6c132dd8d0a5293f9c8c71d9ce1e1451,legacy,AR3,0,571,2009-07-31,2009-06-30,1961-12-31,2009-06-30,-2.793345786712595,-2.8287513462734335,-2.8337049936463226,ok
30d8a037387ca5d3572817d56abeb86b6c132dd8d0a5293f9c8c71d9ce1e1451,legacy,AR3,0,571,2009-08-31,2009-07-31,1962-01-31,2009-07-31,-3.0644616714098785,-2.793345786712595,-2.8676346189270223,ok
30d8a037387ca5d3572817d56abeb86b6c132dd8d0a5293f9c8c71d9ce1e1451,legacy,AR3,0,571,2009-09-30,2009-08-31,1962-02-28,2009-08-31,-3.130025280604083,-3.0644616714098785,-3.0470183598765503,ok
30d8a037387ca5d3572817d56abeb86b6c132dd8d0a5293f9c8c71d9ce1e1451,legacy,AR3,0,571,2009-10-31,2009-09-30,1962-03-31,2009-09-30,-2.7700971285615434,-3.130025280604083,-3.120407607757662,ok
30d8a037387ca5d3572817d56abeb86b6c132dd8d0a5293f9c8c71d9ce1e1451,legacy,AR3,0,571,2009-11-30,2009-10-31,1962-04-30,2009-10-31,-3.1107964455907346,-2.7700971285615434,-2.9635933923712727,ok
30d8a037387ca5d3572817d56abeb86b6c132dd8d0a5293f9c8c71d9ce1e1451,legacy,AR3,0,571,2009-12-31,2009-11-30,1962-05-31,2009-11-30,-3.4880632358514134,-3.1107964455907346,-3.0933006102554184,ok
30d8a037387ca5d3572817d56abeb86b6c132dd8d0a5293f9c8c71d9ce1e1451,legacy,AR3,0,571,2010-01-31,2009-12-31,1962-06-30,2009-12-31,-3.1051107340740467,-3.4880632358514134,-3.314475025790304,ok
30d8a037387ca5d3572817d56abeb86b6c132dd8d0a5293f9c8c71d9ce1e1451,legacy,AR3,0,571,2010-02-28,2010-01-31,1962-07-31,2010-01-31,-3.0178391591893847,-3.1051107340740467,-3.212031631568862,ok
30d8a037387ca5d3572817d56abeb86b6c132dd8d0a5293f9c8c71d9ce1e1451,legacy,AR3,0,571,2010-03-31,2010-02-28,1962-08-31,2010-02-28,-3.6861498116127507,-3.0178391591893847,-3.142403886035445,ok
30d8a037387ca5d3572817d56abeb86b6c132dd8d0a5293f9c8c71d9ce1e1451,legacy,AR3,0,571,2010-04-30,2010-03-31,1962-09-30,2010-03-31,-3.1571807998960457,-3.6861498116127507,-3.444313602858003,ok
30d8a037387ca5d3572817d56abeb86b6c132dd8d0a5293f9c8c71d9ce1e1451,legacy,AR3,0,571,2010-05-31,2010-04-30,1962-10-31,2010-04-30,-2.407193011304442,-3.1571807998960457,-3.2675971287707632,ok
30d8a037387ca5d3572817d56abeb86b6c132dd8d0a5293f9c8c71d9ce1e1451,legacy,AR3,0,571,2010-06-30,2010-05-31,1962-11-30,2010-05-31,-2.590131684949471,-2.407193011304442,-2.8489632147873474,ok
30d8a037387ca5d3572817d56abeb86b6c132dd8d0a5293f9c8c71d9ce1e1451,legacy,AR3,0,571,2010-07-31,2010-06-30,1962-12-31,2010-06-30,-2.852932567849959,-2.590131684949471,-2.752014498460291,ok
30d8a037387ca5d3572817d56abeb86b6c132dd8d0a5293f9c8c71d9ce1e1451,legacy,AR3,0,571,2010-08-31,2010-07-31,1963-01-31,2010-07-31,-2.9530416640092794,-2.852932567849959,-2.831776402077333,ok
30d8a037387ca5d3572817d56abeb86b6c132dd8d0a5293f9c8c71d9ce1e1451,legacy,AR3,0,571,2010-09-30,2010-08-31,1963-02-28,2010-08-31,-3.038118590021741,-2.9530416640092794,-2.9533067223858382,ok
30d8a037387ca5d3572817d56abeb86b6c132dd8d0a5293f9c8c71d9ce1e1451,legacy,AR3,0,571,2010-10-31,2010-09-30,1963-03-31,2010-09-30,-3.418407956833649,-3.038118590021741,-3.0491494633032663,ok
30d8a037387ca5d3572817d56abeb86b6c132dd8d0a5293f9c8c71d9ce1e1451,legacy,AR3,0,571,2010-11-30,2010-10-31,1963-04-30,2010-10-31,-3.1787815912351842,-3.418407956833649,-3.281667946829357,ok
30d8a037387ca5d3572817d56abeb86b6c132dd8d0a5293f9c8c71d9ce1e1451,legacy,AR3,0,571,2010-12-31,2010-11-30,1963-05-31,2010-11-30,-3.553444149972958,-3.1787815912351842,-3.225668546258198,ok
30d8a037387ca5d3572817d56abeb86b6c132dd8d0a5293f9c8c71d9ce1e1451,legacy,AR3,0,571,2011-01-31,2010-12-31,1963-06-30,2010-12-31,-3.5254625792369607,-3.553444149972958,-3.434680781678349,ok
30d8a037387ca5d3572817d56abeb86b6c132dd8d0a5293f9c8c71d9ce1e1451,legacy,AR3,0,571,2011-02-28,2011-01-31,1963-07-31,2011-01-31,-3.421017028944507,-3.5254625792369607,-3.452836016892605,ok
30d8a037387ca5d3572817d56abeb86b6c132dd8d0a5293f9c8c71d9ce1e1451,legacy,AR3,0,571,2011-03-31,2011-02-28,1963-08-31,2011-02-28,-3.0256567272535344,-3.421017028944507,-3.4373198029978416,ok
30d8a037387ca5d3572817d56abeb86b6c132dd8d0a5293f9c8c71d9ce1e1451,legacy,AR3,0,571,2011-04-30,2011-03-31,1963-09-30,2011-03-31,-3.6813619979803685,-3.0256567272535344,-3.205717098444876,ok
30d8a037387ca5d3572817d56abeb86b6c132dd8d0a5293f9c8c71d9ce1e1451,legacy,AR3,0,571,2011-05-31,2011-04-30,1963-10-31,2011-04-30,-3.4864984354795028,-3.6813619979803685,-3.4810535234683835,ok
30d8a037387ca5d3572817d56abeb86b6c132dd8d0a5293f9c8c71d9ce1e1451,legacy,AR3,0,571,2011-06-30,2011-05-31,1963-11-30,2011-05-31,-3.0353184736868135,-3.4864984354795028,-3.4412255601034487,ok
30d8a037387ca5d3572817d56abeb86b6c132dd8d0a5293f9c8c71d9ce1e1451,legacy,AR3,0,571,2011-07-31,2011-06-30,1963-12-31,2011-06-30,-3.1500524848844638,-3.0353184736868135,-3.2432277942328787,ok
30d8a037387ca5d3572817d56abeb86b6c132dd8d0a5293f9c8c71d9ce1e1451,legacy,AR3,0,571,2011-08-31,2011-07-31,1964-01-31,2011-07-31,-1.9665046707257416,-3.1500524848844638,-3.2033678195868727,ok
30d8a037387ca5d3572817d56abeb86b6c132dd8d0a5293f9c8c71d9ce1e1451,legacy,AR3,0,571,2011-09-30,2011-08-31,1964-02-29,2011-08-31,-2.481306279652722,-1.9665046707257416,-2.539209616011968,ok
30d8a037387ca5d3572817d56abeb86b6c132dd8d0a5293f9c8c71d9ce1e1451,legacy,AR3,0,571,2011-10-31,2011-09-30,1964-03-31,2011-09-30,-2.457655436729706,-2.481306279652722,-2.6167174035713536,ok
30d8a037387ca5d3572817d56abeb86b6c132dd8d0a5293f9c8c71d9ce1e1451,legacy,AR3,0,571,2011-11-30,2011-10-31,1964-04-30,2011-10-31,-2.4359863431041875,-2.457655436729706,-2.5465097678868354,ok
30d8a037387ca5d3572817d56abeb86b6c132dd8d0a5293f9c8c71d9ce1e1451,legacy,AR3,0,571,2011-12-31,2011-11-30,1964-05-31,2011-11-30,-2.9483163558607832,-2.4359863431041875,-2.594446500988939,ok
30d8a037387ca5d3572817d56abeb86b6c132dd8d0a5293f9c8c71d9ce1e1451,legacy,AR3,0,571,2012-01-31,2011-12-31,1964-06-30,2011-12-31,-3.6753549263674072,-2.9483163558607832,-2.860465623121923,ok
30d8a037387ca5d3572817d56abeb86b6c132dd8d0a5293f9c8c71d9ce1e1451,legacy,AR3,0,571,2012-02-29,2012-01-31,1964-07-31,2012-01-31,-3.6938984477186816,-3.6753549263674072,-3.340466072724695,ok
30d8a037387ca5d3572817d56abeb86b6c132dd8d0a5293f9c8c71d9ce1e1451,legacy,AR3,0,571,2012-03-31,2012-02-29,1964-08-31,2012-02-29,-3.3843465262657215,-3.6938984477186816,-3.5327626063763393,ok
30d8a037387ca5d3572817d56abeb86b6c132dd8d0a5293f9c8c71d9ce1e1451,legacy,AR3,0,571,2012-04-30,2012-03-31,1964-09-30,2012-03-31,-3.210146241345559,-3.3843465262657215,-3.44982895418405,ok
30d8a037387ca5d3572817d56abeb86b6c132dd8d0a5293f9c8c71d9ce1e1451,legacy,AR3,0,571,2012-05-31,2012-04-30,1964-10-31,2012-04-30,-3.2497545069314553,-3.210146241345559,-3.308675346065144,ok
30d8a037387ca5d3572817d56abeb86b6c132dd8d0a5293f9c8c71d9ce1e1451,legacy,AR3,0,571,2012-06-30,2012-05-31,1964-11-30,2012-05-31,-2.8366615287918187,-3.2497545069314553,-3.2659847544756335,ok
30d8a037387ca5d3572817d56abeb86b6c132dd8d0a5293f9c8c71d9ce1e1451,legacy,AR3,0,571,2012-07-31,2012-06-30,1964-12-31,2012-06-30,-3.2378719180591355,-2.8366615287918187,-3.0299835032664655,ok
30d8a037387ca5d3572817d56abeb86b6c132dd8d0a5293f9c8c71d9ce1e1451,legacy,AR3,0,571,2012-08-31,2012-07-31,1965-01-31,2012-07-31,-3.6166817154299276,-3.2378719180591355,-3.186974934803732,ok
30d8a037387ca5d3572817d56abeb86b6c132dd8d0a5293f9c8c71d9ce1e1451,legacy,AR3,0,571,2012-09-30,2012-08-31,1965-02-28,2012-08-31,-3.4378098591980444,-3.6166817154299276,-3.4063874185569505,ok
30d8a037387ca5d3572817d56abeb86b6c132dd8d0a5293f9c8c71d9ce1e1451,legacy,AR3,0,571,2012-10-31,2012-09-30,1965-03-31,2012-09-30,-3.4888694072163897,-3.4378098591980444,-3.4124966234905436,ok
30d8a037387ca5d3572817d56abeb86b6c132dd8d0a5293f9c8c71d9ce1e1451,legacy,AR3,0,571,2012-11-30,2012-10-31,1965-04-30,2012-10-31,-3.130457558392097,-3.4888694072163897,-3.458446609729779,ok
30d8a037387ca5d3572817d56abeb86b6c132dd8d0a5293f9c8c71d9ce1e1451,legacy,AR3,0,571,2012-12-31,2012-11-30,1965-05-31,2012-11-30,-3.438879816972799,-3.130457558392097,-3.2503349159879464,ok
30d8a037387ca5d3572817d56abeb86b6c132dd8d0a5293f9c8c71d9ce1e1451,legacy,AR3,0,571,2013-01-31,2012-12-31,1965-06-30,2012-12-31,-3.5122743260836247,-3.438879816972799,-3.358937518795228,ok
30d8a037387ca5d3572817d56abeb86b6c132dd8d0a5293f9c8c71d9ce1e1451,legacy,AR3,0,571,2013-02-28,2013-01-31,1965-07-31,2013-01-31,-3.3434701265797875,-3.5122743260836247,-3.416854377032325,ok
30d8a037387ca5d3572817d56abeb86b6c132dd8d0a5293f9c8c71d9ce1e1451,legacy,AR3,0,571,2013-03-31,2013-02-28,1965-08-31,2013-02-28,-3.8179084623195907,-3.3434701265797875,-3.368174979426131,ok
30d8a037387ca5d3572817d56abeb86b6c132dd8d0a5293f9c8c71d9ce1e1451,legacy,AR3,0,571,2013-04-30,2013-03-31,1965-09-30,2013-03-31,-3.190861789295619,-3.8179084623195907,-3.5977238346864286,ok
30d8a037387ca5d3572817d56abeb86b6c132dd8d0a5293f9c8c71d9ce1e1451,legacy,AR3,0,571,2013-05-31,2013-04-30,1965-10-31,2013-04-30,-3.446126454815234,-3.190861789295619,-3.331693114347155,ok
30d8a037387ca5d3572817d56abeb86b6c132dd8d0a5293f9c8c71d9ce1e1451,legacy,AR3,0,571,2013-06-30,2013-05-31,1965-11-30,2013-05-31,-3.0453169802170232,-3.446126454815234,-3.4014114186591415,ok
30d8a037387ca5d3572817d56abeb86b6c132dd8d0a5293f9c8c71d9ce1e1451,legacy,AR3,0,571,2013-07-31,2013-06-30,1965-12-31,2013-06-30,-3.802623427578242,-3.0453169802170232,-3.175841132963746,ok
30d8a037387ca5d3572817d56abeb86b6c132dd8d0a5293f9c8c71d9ce1e1451,legacy,AR3,0,571,2013-08-31,2013-07-31,1966-01-31,2013-07-31,-3.4765909912871975,-3.802623427578242,-3.524801422374013,ok
30d8a037387ca5d3572817d56abeb86b6c132dd8d0a5293f9c8c71d9ce1e1451,legacy,AR3,0,571,2013-09-30,2013-08-31,1966-02-28,2013-08-31,-3.6937395473295953,-3.4765909912871975,-3.4585886730954307,ok
30d8a037387ca5d3572817d56abeb86b6c132dd8d0a5293f9c8c71d9ce1e1451,legacy,AR3,0,571,2013-10-31,2013-09-30,1966-03-31,2013-09-30,-3.2760200523947183,-3.6937395473295953,-3.580964191150164,ok
30d8a037387ca5d3572817d56abeb86b6c132dd8d0a5293f9c8c71d9ce1e1451,legacy,AR3,0,571,2013-11-30,2013-10-31,1966-04-30,2013-10-31,-3.6747290764851526,-3.2760200523947183,-3.366435053861132,ok
30d8a037387ca5d3572817d56abeb86b6c132dd8d0a5293f9c8c71d9ce1e1451,legacy,AR3,0,571,2013-12-31,2013-11-30,1966-05-31,2013-11-30,-3.6040416781045184,-3.6747290764851526,-3.5268630751788095,ok
30d8a037387ca5d3572817d56abeb86b6c132dd8d0a5293f9c8c71d9ce1e1451,legacy,AR3,0,571,2014-01-31,2013-12-31,1966-06-30,2013-12-31,-3.3171375685353466,-3.6040416781045184,-3.525181131323894,ok
30d8a037387ca5d3572817d56abeb86b6c132dd8d0a5293f9c8c71d9ce1e1451,legacy,AR3,0,571,2014-02-28,2014-01-31,1966-07-31,2014-01-31,-3.3386797926341574,-3.3171375685353466,-3.391858561861137,ok
30d8a037387ca5d3572817d56abeb86b6c132dd8d0a5293f9c8c71d9ce1e1451,legacy,AR3,0,571,2014-03-31,2014-02-28,1966-08-31,2014-02-28,-3.5256578627092043,-3.3386797926341574,-3.346880952979237,ok
30d8a037387ca5d3572817d56abeb86b6c132dd8d0a5293f9c8c71d9ce1e1451,legacy,AR3,0,571,2014-04-30,2014-03-31,1966-09-30,2014-03-31,-3.2955126404999024,-3.5256578627092043,-3.4259532862728923,ok
30d8a037387ca5d3572817d56abeb86b6c132dd8d0a5293f9c8c71d9ce1e1451,legacy,AR3,0,571,2014-05-31,2014-04-30,1966-10-31,2014-04-30,-3.7483017283266418,-3.2955126404999024,-3.336817192349783,ok
30d8a037387ca5d3572817d56abeb86b6c132dd8d0a5293f9c8c71d9ce1e1451,legacy,AR3,0,571,2014-06-30,2014-05-31,1966-11-30,2014-05-31,-4.087403595110627,-3.7483017283266418,-3.5538842024583808,ok
30d8a037387ca5d3572817d56abeb86b6c132dd8d0a5293f9c8c71d9ce1e1451,legacy,AR3,0,571,2014-07-31,2014-06-30,1966-12-31,2014-06-30,-3.4754874909402718,-4.087403595110627,-3.7948455092036766,ok
30d8a037387ca5d3572817d56abeb86b6c132dd8d0a5293f9c8c71d9ce1e1451,legacy,AR3,0,571,2014-08-31,2014-07-31,1967-01-31,2014-07-31,-3.758175341489735,-3.4754874909402718,-3.566293823381536,ok
30d8a037387ca5d3572817d56abeb86b6c132dd8d0a5293f9c8c71d9ce1e1451,legacy,AR3,0,571,2014-09-30,2014-08-31,1967-02-28,2014-08-31,-3.6148214505759886,-3.758175341489735,-3.6431558324846143,ok
30d8a037387ca5d3572817d56abeb86b6c132dd8d0a5293f9c8c71d9ce1e1451,legacy,AR3,0,571,2014-10-31,2014-09-30,1967-03-31,2014-09-30,-2.9141171757759734,-3.6148214505759886,-3.5602256276189723,ok
30d8a037387ca5d3572817d56abeb86b6c132dd8d0a5293f9c8c71d9ce1e1451,legacy,AR3,0,571,2014-11-30,2014-10-31,1967-04-30,2014-10-31,-4.403441476450015,-2.9141171757759734,-3.1893408887943036,ok
30d8a037387ca5d3572817d56abeb86b6c132dd8d0a5293f9c8c71d9ce1e1451,legacy,AR3,0,571,2014-12-31,2014-11-30,1967-05-31,2014-11-30,-3.1118286510639352,-4.403441476450015,-3.8268216176833616,ok
30d8a037387ca5d3572817d56abeb86b6c132dd8d0a5293f9c8c71d9ce1e1451,legacy,AR3,0,571,2015-01-31,2014-12-31,1967-06-30,2014-12-31,-3.0531195840611964,-3.1118286510639352,-3.3836150020089466,ok
30d8a037387ca5d3572817d56abeb86b6c132dd8d0a5293f9c8c71d9ce1e1451,legacy,AR3,0,571,2015-02-28,2015-01-31,1967-07-31,2015-01-31,-3.562245097331633,-3.0531195840611964,-3.253717788007061,ok
30d8a037387ca5d3572817d56abeb86b6c132dd8d0a5293f9c8c71d9ce1e1451,legacy,AR3,0,571,2015-03-31,2015-02-28,1967-08-31,2015-02-28,-3.1816129636323156,-3.562245097331633,-3.3575886161210917,ok
30d8a037387ca5d3572817d56abeb86b6c132dd8d0a5293f9c8c71d9ce1e1451,legacy,AR3,0,571,2015-04-30,2015-03-31,1967-09-30,2015-03-31,-3.7301577097521137,-3.1816129636323156,-3.2569801850568725,ok
30d8a037387ca5d3572817d56abeb86b6c132dd8d0a5293f9c8c71d9ce1e1451,legacy,AR3,0,571,2015-05-31,2015-04-30,1967-10-31,2015-04-30,-3.515261724921692,-3.7301577097521137,-3.5119014676837788,ok
30d8a037387ca5d3572817d56abeb86b6c132dd8d0a5293f9c8c71d9ce1e1451,legacy,AR3,0,571,2015-06-30,2015-05-31,1967-11-30,2015-05-31,-3.4246395604529183,-3.515261724921692,-3.469388321550584,ok
30d8a037387ca5d3572817d56abeb86b6c132dd8d0a5293f9c8c71d9ce1e1451,legacy,AR3,0,571,2015-07-31,2015-06-30,1967-12-31,2015-06-30,-3.379834324533906,-3.4246395604529183,-3.4436870592549385,ok
30d8a037387ca5d3572817d56abeb86b6c132dd8d0a5293f9c8c71d9ce1e1451,legacy,AR3,0,571,2015-08-31,2015-07-31,1968-01-31,2015-07-31,-2.567702579344776,-3.379834324533906,-3.382222533908637,ok
30d8a037387ca5d3572817d56abeb86b6c132dd8d0a5293f9c8c71d9ce1e1451,legacy,AR3,0,571,2015-09-30,2015-08-31,1968-02-29,2015-08-31,-2.7509836865610584,-2.567702579344776,-2.9652777822471577,ok
30d8a037387ca5d3572817d56abeb86b6c132dd8d0a5293f9c8c71d9ce1e1451,legacy,AR3,0,571,2015-10-31,2015-09-30,1968-03-31,2015-09-30,-3.219259102962737,-2.7509836865610584,-2.889458723417124,ok
30d8a037387ca5d3572817d56abeb86b6c132dd8d0a5293f9c8c71d9ce1e1451,legacy,AR3,0,571,2015-11-30,2015-10-31,1968-04-30,2015-10-31,-3.3994804010076436,-3.219259102962737,-3.071008478402714,ok
30d8a037387ca5d3572817d56abeb86b6c132dd8d0a5293f9c8c71d9ce1e1451,legacy,AR3,0,571,2015-12-31,2015-11-30,1968-05-31,2015-11-30,-2.9313513610844177,-3.3994804010076436,-3.2697548466654673,ok
30d8a037387ca5d3572817d56abeb86b6c132dd8d0a5293f9c8c71d9ce1e1451,legacy,AR3,0,571,2016-01-31,2015-12-31,1968-06-30,2015-12-31,-2.721796067769684,-2.9313513610844177,-3.1203306045605963,ok
30d8a037387ca5d3572817d56abeb86b6c132dd8d0a5293f9c8c71d9ce1e1451,legacy,AR3,0,571,2016-02-29,2016-01-31,1968-07-31,2016-01-31,-2.975885937336674,-2.721796067769684,-2.948612332363771,ok
30d8a037387ca5d3572817d56abeb86b6c132dd8d0a5293f9c8c71d9ce1e1451,legacy,AR3,0,571,2016-03-31,2016-02-29,1968-08-31,2016-02-29,-3.3396579653309333,-2.975885937336674,-2.985788885688091,ok
30d8a037387ca5d3572817d56abeb86b6c132dd8d0a5293f9c8c71d9ce1e1451,legacy,AR3,0,571,2016-04-30,2016-03-31,1968-09-30,2016-03-31,-3.5543031478531373,-3.3396579653309333,-3.1894190911124376,ok
30d8a037387ca5d3572817d56abeb86b6c132dd8d0a5293f9c8c71d9ce1e1451,legacy,AR3,0,571,2016-05-31,2016-04-30,1968-10-31,2016-04-30,-3.457732751318138,-3.5543031478531373,-3.3895371572513113,ok
30d8a037387ca5d3572817d56abeb86b6c132dd8d0a5293f9c8c71d9ce1e1451,legacy,AR3,0,571,2016-06-30,2016-05-31,1968-11-30,2016-05-31,-2.9208097471793346,-3.457732751318138,-3.4192787461298466,ok
30d8a037387ca5d3572817d56abeb86b6c132dd8d0a5293f9c8c71d9ce1e1451,legacy,AR3,0,571,2016-07-31,2016-06-30,1968-12-31,2016-06-30,-3.82748206452236,-2.9208097471793346,-3.158703574032762,ok
30d8a037387ca5d3572817d56abeb86b6c132dd8d0a5293f9c8c71d9ce1e1451,legacy,AR3,0,571,2016-08-31,2016-07-31,1969-01-31,2016-07-31,-4.092448513398336,-3.82748206452236,-3.496731348104016,ok
30d8a037387ca5d3572817d56abeb86b6c132dd8d0a5293f9c8c71d9ce1e1451,legacy,AR3,0,571,2016-09-30,2016-08-31,1969-02-28,2016-08-31,-3.192551585892722,-4.092448513398336,-3.73250676522889,ok
30d8a037387ca5d3572817d56abeb86b6c132dd8d0a5293f9c8c71d9ce1e1451,legacy,AR3,0,571,2016-10-31,2016-09-30,1969-03-31,2016-09-30,-3.9566514163288296,-3.192551585892722,-3.433834407744129,ok
30d8a037387ca5d3572817d56abeb86b6c132dd8d0a5293f9c8c71d9ce1e1451,legacy,AR3,0,571,2016-11-30,2016-10-31,1969-04-30,2016-10-31,-3.487974422258749,-3.9566514163288296,-3.6854880890613355,ok
30d8a037387ca5d3572817d56abeb86b6c132dd8d0a5293f9c8c71d9ce1e1451,legacy,AR3,0,571,2016-12-31,2016-11-30,1969-05-31,2016-11-30,-3.7787223692336043,-3.487974422258749,-3.488867647856556,ok
30d8a037387ca5d3572817d56abeb86b6c132dd8d0a5293f9c8c71d9ce1e1451,legacy,AR3,0,571,2017-01-31,2016-12-31,1969-06-30,2016-12-31,-4.001828361753411,-3.7787223692336043,-3.6328641523529956,ok
30d8a037387ca5d3572817d56abeb86b6c132dd8d0a5293f9c8c71d9ce1e1451,legacy,AR3,0,571,2017-02-28,2017-01-31,1969-07-31,2017-01-31,-4.204700139152802,-4.001828361753411,-3.740913519381113,ok
30d8a037387ca5d3572817d56abeb86b6c132dd8d0a5293f9c8c71d9ce1e1451,legacy,AR3,0,571,2017-03-31,2017-02-28,1969-08-31,2017-02-28,-3.7314192152872128,-4.204700139152802,-3.916460277766877,ok
30d8a037387ca5d3572817d56abeb86b6c132dd8d0a5293f9c8c71d9ce1e1451,legacy,AR3,0,571,2017-04-30,2017-03-31,1969-09-30,2017-03-31,-3.926652018374449,-3.7314192152872128,-3.748197772338711,ok
30d8a037387ca5d3572817d56abeb86b6c132dd8d0a5293f9c8c71d9ce1e1451,legacy,AR3,0,571,2017-05-31,2017-04-30,1969-10-31,2017-04-30,-3.7920847378875453,-3.926652018374449,-3.7815352546365637,ok
30d8a037387ca5d3572817d56abeb86b6c132dd8d0a5293f9c8c71d9ce1e1451,legacy,AR3,0,571,2017-06-30,2017-05-31,1969-11-30,2017-05-31,-3.856214910874562,-3.7920847378875453,-3.697712589081304,ok
30d8a037387ca5d3572817d56abeb86b6c132dd8d0a5293f9c8c71d9ce1e1451,legacy,AR3,0,571,2017-07-31,2017-06-30,1969-12-31,2017-06-30,-4.129870024958818,-3.856214910874562,-3.727378986081008,ok
30d8a037387ca5d3572817d56abeb86b6c132dd8d0a5293f9c8c71d9ce1e1451,legacy,AR3,0,571,2017-08-31,2017-07-31,1970-01-31,2017-07-31,-3.5924378123925567,-4.129870024958818,-3.8579389029600755,ok
30d8a037387ca5d3572817d56abeb86b6c132dd8d0a5293f9c8c71d9ce1e1451,legacy,AR3,0,571,2017-09-30,2017-08-31,1970-02-28,2017-08-31,-4.134666486968067,-3.5924378123925567,-3.655931704739192,ok
30d8a037387ca5d3572817d56abeb86b6c132dd8d0a5293f9c8c71d9ce1e1451,legacy,AR3,0,571,2017-10-31,2017-09-30,1970-03-31,2017-09-30,-4.216826264874244,-4.134666486968067,-3.85140255825519,ok
30d8a037387ca5d3572817d56abeb86b6c132dd8d0a5293f9c8c71d9ce1e1451,legacy,AR3,0,571,2017-11-30,2017-10-31,1970-04-30,2017-10-31,-3.974205538921206,-4.216826264874244,-3.9334796483143504,ok
30d8a037387ca5d3572817d56abeb86b6c132dd8d0a5293f9c8c71d9ce1e1451,legacy,AR3,0,571,2017-12-31,2017-11-30,1970-05-31,2017-11-30,-4.1605958145165705,-3.974205538921206,-3.89998788992445,ok
30d8a037387ca5d3572817d56abeb86b6c132dd8d0a5293f9c8c71d9ce1e1451,legacy,ARMAX,0,571,1997-08-31,1997-07-31,1950-01-31,1997-07-31,-2.997998940254238,-3.1084047309706033,-3.369899071549101,ok
30d8a037387ca5d3572817d56abeb86b6c132dd8d0a5293f9c8c71d9ce1e1451,legacy,ARMAX,0,571,1997-09-30,1997-08-31,1950-02-28,1997-08-31,-2.9805233450013167,-2.997998940254238,-3.272326254257969,ok
30d8a037387ca5d3572817d56abeb86b6c132dd8d0a5293f9c8c71d9ce1e1451,legacy,ARMAX,0,571,1997-10-31,1997-09-30,1950-03-31,1997-09-30,-2.3238652771202104,-2.9805233450013167,-3.26304038696741,ok
30d8a037387ca5d3572817d56abeb86b6c132dd8d0a5293f9c8c71d9ce1e1451,legacy,ARMAX,0,571,1997-11-30,1997-10-31,1950-04-30,1997-10-31,-2.967779424466623,-2.3238652771202104,-2.8184296079734183,ok
30d8a037387ca5d3572817d56abeb86b6c132dd8d0a5293f9c8c71d9ce1e1451,legacy,ARMAX,0,571,1997-12-31,1997-11-30,1950-05-31,1997-11-30,-3.0514972683227777,-2.967779424466623,-2.9098800875774464,ok
30d8a037387ca5d3572817d56abeb86b6c132dd8d0a5293f9c8c71d9ce1e1451,legacy,ARMAX,0,571,1998-01-31,1997-12-31,1950-06-30,1997-12-31,-2.998809877493172,-3.0514972683227777,-3.077303199771063,ok
30d8a037387ca5d3572817d56abeb86b6c132dd8d0a5293f9c8c71d9ce1e1451,legacy,ARMAX,0,571,1998-02-28,1998-01-31,1950-07-31,1998-01-31,-3.4342451514940397,-2.998809877493172,-3.152057103162255,ok
30d8a037387ca5d3572817d56abeb86b6c132dd8d0a5293f9c8c71d9ce1e1451,legacy,ARMAX,0,571,1998-03-31,1998-02-28,1950-08-31,1998-02-28,-3.3950363195710853,-3.4342451514940397,-3.371746579993423,ok
30d8a037387ca5d3572817d56abeb86b6c132dd8d0a5293f9c8c71d9ce1e1451,legacy,ARMAX,0,571,1998-04-30,1998-03-31,1950-09-30,1998-03-31,-3.2134051996183786,-3.3950363195710853,-3.459735110799265,ok
30d8a037387ca5d3572817d56abeb86b6c132dd8d0a5293f9c8c71d9ce1e1451,legacy,ARMAX,0,571,1998-05-31,1998-04-30,1950-10-31,1998-04-30,-3.473595749393068,-3.2134051996183786,-3.3141350848625546,ok
30d8a037387ca5d3572817d56abeb86b6c132dd8d0a5293f9c8c71d9ce1e1451,legacy,ARMAX,0,571,1998-06-30,1998-05-31,1950-11-30,1998-05-31,-3.084631870788053,-3.473595749393068,-3.2416964780288016,ok
30d8a037387ca5d3572817d56abeb86b6c132dd8d0a5293f9c8c71d9ce1e1451,legacy,ARMAX,0,571,1998-07-31,1998-06-30,1950-12-31,1998-06-30,-3.0497952329188918,-3.084631870788053,-3.291169918358439,ok
30d8a037387ca5d3572817d56abeb86b6c132dd8d0a5293f9c8c71d9ce1e1451,legacy,ARMAX,0,571,1998-08-31,1998-07-31,1951-01-31,1998-07-31,-2.314262503723685,-3.0497952329188918,-3.075860163218177,ok
30d8a037387ca5d3572817d56abeb86b6c132dd8d0a5293f9c8c71d9ce1e1451,legacy,ARMAX,0,571,1998-09-30,1998-08-31,1951-02-28,1998-08-31,-2.3129763371118237,-2.314262503723685,-2.4250022537977074,ok
30d8a037387ca5d3572817d56abeb86b6c132dd8d0a5293f9c8c71d9ce1e1451,legacy,ARMAX,0,571,1998-10-31,1998-09-30,1951-03-31,1998-09-30,-2.638868495322673,-2.3129763371118237,-2.829269957698634,ok
30d8a037387ca5d3572817d56abeb86b6c132dd8d0a5293f9c8c71d9ce1e1451,legacy,ARMAX,0,571,1998-11-30,1998-10-31,1951-04-30,1998-10-31,-3.1231521925257173,-2.638868495322673,-3.1181704924371423,ok
30d8a037387ca5d3572817d56abeb86b6c132dd8d0a5293f9c8c71d9ce1e1451,legacy,ARMAX,0,571,1998-12-31,1998-11-30,1951-05-31,1998-11-30,-2.8614581487687634,-3.1231521925257173,-3.1620775959397376,ok
30d8a037387ca5d3572817d56abeb86b6c132dd8d0a5293f9c8c71d9ce1e1451,legacy,ARMAX,0,571,1999-01-31,1998-12-31,1951-06-30,1998-12-31,-2.8546598491125996,-2.8614581487687634,-2.988292068330993,ok
30d8a037387ca5d3572817d56abeb86b6c132dd8d0a5293f9c8c71d9ce1e1451,legacy,ARMAX,0,571,1999-02-28,1999-01-31,1951-07-31,1999-01-31,-2.8306547199882983,-2.8546598491125996,-2.965762511003363,ok
30d8a037387ca5d3572817d56abeb86b6c132dd8d0a5293f9c8c71d9ce1e1451,legacy,ARMAX,0,571,1999-03-31,1999-02-28,1951-08-31,1999-02-28,-2.8717218927726718,-2.8306547199882983,-2.8068136038608182,ok
30d8a037387ca5d3572817d56abeb86b6c132dd8d0a5293f9c8c71d9ce1e1451,legacy,ARMAX,0,571,1999-04-30,1999-03-31,1951-09-30,1999-03-31,-2.9550032409961746,-2.8717218927726718,-2.9827137491335947,ok
30d8a037387ca5d3572817d56abeb86b6c132dd8d0a5293f9c8c71d9ce1e1451,legacy,ARMAX,0,571,1999-05-31,1999-04-30,1951-10-31,1999-04-30,-2.8875770664081015,-2.9550032409961746,-3.160603165405078,ok
30d8a037387ca5d3572817d56abeb86b6c132dd8d0a5293f9c8c71d9ce1e1451,legacy,ARMAX,0,571,1999-06-30,1999-05-31,1951-11-30,1999-05-31,-3.0191012625883085,-2.8875770664081015,-2.966268316692797,ok
30d8a037387ca5d3572817d56abeb86b6c132dd8d0a5293f9c8c71d9ce1e1451,legacy,ARMAX,0,571,1999-07-31,1999-06-30,1951-12-31,1999-06-30,-3.2101509685854186,-3.0191012625883085,-3.100703442874404,ok
30d8a037387ca5d3572817d56abeb86b6c132dd8d0a5293f9c8c71d9ce1e1451,legacy,ARMAX,0,571,1999-08-31,1999-07-31,1952-01-31,1999-07-31,-2.9534789867089692,-3.2101509685854186,-3.0781993019899243,ok
30d8a037387ca5d3572817d56abeb86b6c132dd8d0a5293f9c8c71d9ce1e1451,legacy,ARMAX,0,571,1999-09-30,1999-08-31,1952-02-29,1999-08-31,-2.9564823177564232,-2.9534789867089692,-2.914911166695338,ok
30d8a037387ca5d3572817d56abeb86b6c132dd8d0a5293f9c8c71d9ce1e1451,legacy,ARMAX,0,571,1999-10-31,1999-09-30,1952-03-31,1999-09-30,-2.6655450376900633,-2.9564823177564232,-2.952274788186215,ok
30d8a037387ca5d3572817d56abeb86b6c132dd8d0a5293f9c8c71d9ce1e1451,legacy,ARMAX,0,571,1999-11-30,1999-10-31,1952-04-30,1999-10-31,-3.3039253672881648,-2.6655450376900633,-2.9567305207640127,ok
30d8a037387ca5d3572817d56abeb86b6c132dd8d0a5293f9c8c71d9ce1e1451,legacy,ARMAX,0,571,1999-12-31,1999-11-30,1952-05-31,1999-11-30,-3.388665152890443,-3.3039253672881648,-3.1681389075594595,ok
30d8a037387ca5d3572817d56abeb86b6c132dd8d0a5293f9c8c71d9ce1e1451,legacy,ARMAX,0,571,2000-01-31,1999-12-31,1952-06-30,1999-12-31,-2.6226733886036615,-3.388665152890443,-3.237306378425768,ok
30d8a037387ca5d3572817d56abeb86b6c132dd8d0a5293f9c8c71d9ce1e1451,legacy,ARMAX,0,571,2000-02-29,2000-01-31,1952-07-31,2000-01-31,-2.897488125745266,-2.6226733886036615,-2.8470359581745246,ok
30d8a037387ca5d3572817d56abeb86b6c132dd8d0a5293f9c8c71d9ce1e1451,legacy,ARMAX,0,571,2000-03-31,2000-02-29,1952-08-31,2000-02-29,-2.51469776513013,-2.897488125745266,-2.932223881691204,ok
30d8a037387ca5d3572817d56abeb86b6c132dd8d0a5293f9c8c71d9ce1e1451,legacy,ARMAX,0,571,2000-04-30,2000-03-31,1952-09-30,2000-03-31,-2.4094082379010313,-2.51469776513013,-2.8933476035436065,ok
30d8a037387ca5d3572817d56abeb86b6c132dd8d0a5293f9c8c71d9ce1e1451,legacy,ARMAX,0,571,2000-05-31,2000-04-30,1952-10-31,2000-04-30,-2.632644632266094,-2.4094082379010313,-2.799617789598978,ok
30d8a037387ca5d3572817d56abeb86b6c132dd8d0a5293f9c8c71d9ce1e1451,legacy,ARMAX,0,571,2000-06-30,2000-05-31,1952-11-30,2000-05-31,-3.0278251725128413,-2.632644632266094,-2.3431195037554198,ok
30d8a037387ca5d3572817d56abeb86b6c132dd8d0a5293f9c8c71d9ce1e1451,legacy,ARMAX,0,571,2000-07-31,2000-06-30,1952-12-31,2000-06-30,-3.088181553822785,-3.0278251725128413,-3.197986754732778,ok
30d8a037387ca5d3572817d56abeb86b6c132dd8d0a5293f9c8c71d9ce1e1451,legacy,ARMAX,0,571,2000-08-31,2000-07-31,1953-01-31,2000-07-31,-3.438073668437876,-3.088181553822785,-3.173632188572567,ok
30d8a037387ca5d3572817d56abeb86b6c132dd8d0a5293f9c8c71d9ce1e1451,legacy,ARMAX,0,571,2000-09-30,2000-08-31,1953-02-28,2000-08-31,-3.2193963619434802,-3.438073668437876,-3.315244534329411,ok
30d8a037387ca5d3572817d56abeb86b6c132dd8d0a5293f9c8c71d9ce1e1451,legacy,ARMAX,0,571,2000-10-31,2000-09-30,1953-03-31,2000-09-30,-2.5991038256087786,-3.2193963619434802,-3.144682761359294,ok
30d8a037387ca5d3572817d56abeb86b6c132dd8d0a5293f9c8c71d9ce1e1451,legacy,ARMAX,0,571,2000-11-30,2000-10-31,1953-04-30,2000-10-31,-2.8568188775989833,-2.5991038256087786,-2.823108018147016,ok
30d8a037387ca5d3572817d56abeb86b6c132dd8d0a5293f9c8c71d9ce1e1451,legacy,ARMAX,0,571,2000-12-31,2000-11-30,1953-05-31,2000-11-30,-2.6226966266401908,-2.8568188775989833,-2.5345490267954323,ok
30d8a037387ca5d3572817d56abeb86b6c132dd8d0a5293f9c8c71d9ce1e1451,legacy,ARMAX,0,571,2001-01-31,2000-12-31,1953-06-30,2000-12-31,-2.6642256902470183,-2.6226966266401908,-2.755122358113316,ok
30d8a037387ca5d3572817d56abeb86b6c132dd8d0a5293f9c8c71d9ce1e1451,legacy,ARMAX,0,571,2001-02-28,2001-01-31,1953-07-31,2001-01-31,-2.9853721170174463,-2.6642256902470183,-3.1456286390375965,ok
30d8a037387ca5d3572817d56abeb86b6c132dd8d0a5293f9c8c71d9ce1e1451,legacy,ARMAX,0,571,2001-03-31,2001-02-28,1953-08-31,2001-02-28,-2.462501150398544,-2.9853721170174463,-3.007638443408545,ok
30d8a037387ca5d3572817d56abeb86b6c132dd8d0a5293f9c8c71d9ce1e1451,legacy,ARMAX,0,571,2001-04-30,2001-03-31,1953-09-30,2001-03-31,-2.459030693452129,-2.462501150398544,-2.629867578075169,ok
30d8a037387ca5d3572817d56abeb86b6c132dd8d0a5293f9c8c71d9ce1e1451,legacy,ARMAX,0,571,2001-05-31,2001-04-30,1953-10-31,2001-04-30,-2.9922247396924284,-2.459030693452129,-2.85595537332126,ok
30d8a037387ca5d3572817d56abeb86b6c132dd8d0a5293f9c8c71d9ce1e1451,legacy,ARMAX,0,571,2001-06-30,2001-05-31,1953-11-30,2001-05-31,-3.246919804266744,-2.9922247396924284,-2.9825122338440644,ok
30d8a037387ca5d3572817d56abeb86b6c132dd8d0a5293f9c8c71d9ce1e1451,legacy,ARMAX,0,571,2001-07-31,2001-06-30,1953-12-31,2001-06-30,-2.9201817277563444,-3.246919804266744,-3.0172892572038834,ok
30d8a037387ca5d3572817d56abeb86b6c132dd8d0a5293f9c8c71d9ce1e1451,legacy,ARMAX,0,571,2001-08-31,2001-07-31,1954-01-31,2001-07-31,-3.0514884107311104,-2.9201817277563444,-2.967069053475975,ok
30d8a037387ca5d3572817d56abeb86b6c132dd8d0a5293f9c8c71d9ce1e1451,legacy,ARMAX,0,571,2001-09-30,2001-08-31,1954-02-28,2001-08-31,-2.4611074485824003,-3.0514884107311104,-2.88134158268537,ok
30d8a037387ca5d3572817d56abeb86b6c132dd8d0a5293f9c8c71d9ce1e1451,legacy,ARMAX,0,571,2001-10-31,2001-09-30,1954-03-31,2001-09-30,-2.8652673663392614,-2.4611074485824003,-2.4247166326171974,ok
30d8a037387ca5d3572817d56abeb86b6c132dd8d0a5293f9c8c71d9ce1e1451,legacy,ARMAX,0,571,2001-11-30,2001-10-31,1954-04-30,2001-10-31,-3.0669535317160372,-2.8652673663392614,-3.097200176319034,ok
30d8a037387ca5d3572817d56abeb86b6c132dd8d0a5293f9c8c71d9ce1e1451,legacy,ARMAX,0,571,2001-12-31,2001-11-30,1954-05-31,2001-11-30,-3.161773107603656,-3.0669535317160372,-3.185115577262959,ok
30d8a037387ca5d3572817d56abeb86b6c132dd8d0a5293f9c8c71d9ce1e1451,legacy,ARMAX,0,571,2002-01-31,2001-12-31,1954-06-30,2001-12-31,-3.0579996618641534,-3.161773107603656,-3.0904461402982144,ok
30d8a037387ca5d3572817d56abeb86b6c132dd8d0a5293f9c8c71d9ce1e1451,legacy,ARMAX,0,571,2002-02-28,2002-01-31,1954-07-31,2002-01-31,-2.9799350071903916,-3.0579996618641534,-3.078571831874754,ok
30d8a037387ca5d3572817d56abeb86b6c132dd8d0a5293f9c8c71d9ce1e1451,legacy,ARMAX,0,571,2002-03-31,2002-02-28,1954-08-31,2002-02-28,-3.10739363963361,-2.9799350071903916,-2.997503641475269,ok
30d8a037387ca5d3572817d56abeb86b6c132dd8d0a5293f9c8c71d9ce1e1451,legacy,ARMAX,0,571,2002-04-30,2002-03-31,1954-09-30,2002-03-31,-3.0313070929650197,-3.10739363963361,-3.212875420382462,ok
30d8a037387ca5d3572817d56abeb86b6c132dd8d0a5293f9c8c71d9ce1e1451,legacy,ARMAX,0,571,2002-05-31,2002-04-30,1954-10-31,2002-04-30,-2.7538487761487103,-3.0313070929650197,-3.0661457460753683,ok
30d8a037387ca5d3572817d56abeb86b6c132dd8d0a5293f9c8c71d9ce1e1451,legacy,ARMAX,0,571,2002-06-30,2002-05-31,1954-11-30,2002-05-31,-2.7963899311292977,-2.7538487761487103,-2.867787530110646,ok
30d8a037387ca5d3572817d56abeb86b6c132dd8d0a5293f9c8c71d9ce1e1451,legacy,ARMAX,0,571,2002-07-31,2002-06-30,1954-12-31,2002-06-30,-2.0936717644219573,-2.7963899311292977,-2.795970913498724,ok
30d8a037387ca5d3572817d56abeb86b6c132dd8d0a5293f9c8c71d9ce1e1451,legacy,ARMAX,0,571,2002-08-31,2002-07-31,1955-01-31,2002-07-31,-2.334965250310743,-2.0936717644219573,-2.371129892456318,ok
30d8a037387ca5d3572817d56abeb86b6c132dd8d0a5293f9c8c71d9ce1e1451,legacy,ARMAX,0,571,2002-09-30,2002-08-31,1955-02-28,2002-08-31,-2.4457724947083546,-2.334965250310743,-2.6431723360138477,ok
30d8a037387ca5d3572817d56abeb86b6c132dd8d0a5293f9c8c71d9ce1e1451,legacy,ARMAX,0,571,2002-10-31,2002-09-30,1955-03-31,2002-09-30,-2.2381485874590115,-2.4457724947083546,-2.3914618799604557,ok
30d8a037387ca5d3572817d56abeb86b6c132dd8d0a5293f9c8c71d9ce1e1451,legacy,ARMAX,0,571,2002-11-30,2002-10-31,1955-04-30,2002-10-31,-2.710705924175827,-2.2381485874590115,-2.684364216259906,ok
30d8a037387ca5d3572817d56abeb86b6c132dd8d0a5293f9c8c71d9ce1e1451,legacy,ARMAX,0,571,2002-12-31,2002-11-30,1955-05-31,2002-11-30,-2.9669397498106065,-2.710705924175827,-2.897241935859466,ok
30d8a037387ca5d3572817d56abeb86b6c132dd8d0a5293f9c8c71d9ce1e1451,legacy,ARMAX,0,571,2003-01-31,2002-12-31,1955-06-30,2002-12-31,-2.6330623630544365,-2.9669397498106065,-2.7110862093437698,ok
30d8a037387ca5d3572817d56abeb86b6c132dd8d0a5293f9c8c71d9ce1e1451,legacy,ARMAX,0,571,2003-02-28,2003-01-31,1955-07-31,2003-01-31,-2.9840745753000455,-2.6330623630544365,-2.7907106677838813,ok
30d8a037387ca5d3572817d56abeb86b6c132dd8d0a5293f9c8c71d9ce1e1451,legacy,ARMAX,0,571,2003-03-31,2003-02-28,1955-08-31,2003-02-28,-2.548760188534542,-2.9840745753000455,-2.7201295121209013,ok
30d8a037387ca5d3572817d56abeb86b6c132dd8d0a5293f9c8c71d9ce1e1451,legacy,ARMAX,0,571,2003-04-30,2003-03-31,1955-09-30,2003-03-31,-2.9002583606826637,-2.548760188534542,-2.746094470813133,ok
30d8a037387ca5d3572817d56abeb86b6c132dd8d0a5293f9c8c71d9ce1e1451,legacy,ARMAX,0,571,2003-05-31,2003-04-30,1955-10-31,2003-04-30,-3.054018052228417,-2.9002583606826637,-3.1108823700050867,ok
30d8a037387ca5d3572817d56abeb86b6c132dd8d0a5293f9c8c71d9ce1e1451,legacy,ARMAX,0,571,2003-06-30,2003-05-31,1955-11-30,2003-05-31,-3.1099359128331163,-3.054018052228417,-3.0772914470361488,ok
30d8a037387ca5d3572817d56abeb86b6c132dd8d0a5293f9c8c71d9ce1e1451,legacy,ARMAX,0,571,2003-07-31,2003-06-30,1955-12-31,2003-06-30,-3.0977800803014732,-3.1099359128331163,-2.994102119167027,ok
30d8a037387ca5d3572817d56abeb86b6c132dd8d0a5293f9c8c71d9ce1e1451,legacy,ARMAX,0,571,2003-08-31,2003-07-31,1956-01-31,2003-07-31,-3.468517511759465,-3.0977800803014732,-3.080496309621652,ok
30d8a037387ca5d3572817d56abeb86b6c132dd8d0a5293f9c8c71d9ce1e1451,legacy,ARMAX,0,571,2003-09-30,2003-08-31,1956-02-29,2003-08-31,-3.140232437438156,-3.468517511759465,-3.256109646484504,ok
30d8a037387ca5d3572817d56abeb86b6c132dd8d0a5293f9c8c71d9ce1e1451,legacy,ARMAX,0,571,2003-10-31,2003-09-30,1956-03-31,2003-09-30,-3.2870041546527653,-3.140232437438156,-3.12775730783275,ok
30d8a037387ca5d3572817d56abeb86b6c132dd8d0a5293f9c8c71d9ce1e1451,legacy,ARMAX,0,571,2003-11-30,2003-10-31,1956-04-30,2003-10-31,-3.4985470857007,-3.2870041546527653,-3.4470090231064594,ok
30d8a037387ca5d3572817d56abeb86b6c132dd8d0a5293f9c8c71d9ce1e1451,legacy,ARMAX,0,571,2003-12-31,2003-11-30,1956-05-31,2003-11-30,-3.513401310816597,-3.4985470857007,-3.376371353583738,ok
30d8a037387ca5d3572817d56abeb86b6c132dd8d0a5293f9c8c71d9ce1e1451,legacy,ARMAX,0,571,2004-01-31,2003-12-31,1956-06-30,2003-12-31,-3.4650613410497333,-3.513401310816597,-3.469313878553147,ok
30d8a037387ca5d3572817d56abeb86b6c132dd8d0a5293f9c8c71d9ce1e1451,legacy,ARMAX,0,571,2004-02-29,2004-01-31,1956-07-31,2004-01-31,-3.7030672085876466,-3.4650613410497333,-3.477648833818571,ok
30d8a037387ca5d3572817d56abeb86b6c132dd8d0a5293f9c8c71d9ce1e1451,legacy,ARMAX,0,571,2004-03-31,2004-02-29,1956-08-31,2004-02-29,-3.1111763767700684,-3.7030672085876466,-3.5190588221951646,ok
30d8a037387ca5d3572817d56abeb86b6c132dd8d0a5293f9c8c71d9ce1e1451,legacy,ARMAX,0,571,2004-04-30,2004-03-31,1956-09-30,2004-03-31,-3.3476570468612863,-3.1111763767700684,-3.2979642082533323,ok
30d8a037387ca5d3572817d56abeb86b6c132dd8d0a5293f9c8c71d9ce1e1451,legacy,ARMAX,0,571,2004-05-31,2004-04-30,1956-10-31,2004-04-30,-3.465504072923295,-3.3476570468612863,-3.231958539752494,ok
30d8a037387ca5d3572817d56abeb86b6c132dd8d0a5293f9c8c71d9ce1e1451,legacy,ARMAX,0,571,2004-06-30,2004-05-31,1956-11-30,2004-05-31,-3.585854204402475,-3.465504072923295,-3.434242393125357,ok
30d8a037387ca5d3572817d56abeb86b6c132dd8d0a5293f9c8c71d9ce1e1451,legacy,ARMAX,0,571,2004-07-31,2004-06-30,1956-12-31,2004-06-30,-3.5773152908117005,-3.585854204402475,-3.5597810768144487,ok
30d8a037387ca5d3572817d56abeb86b6c132dd8d0a5293f9c8c71d9ce1e1451,legacy,ARMAX,0,571,2004-08-31,2004-07-31,1957-01-31,2004-07-31,-3.2695206621770985,-3.5773152908117005,-3.369718253088516,ok
30d8a037387ca5d3572817d56abeb86b6c132dd8d0a5293f9c8c71d9ce1e1451,legacy,ARMAX,0,571,2004-09-30,2004-08-31,1957-02-28,2004-08-31,-3.6272968251254625,-3.2695206621770985,-3.3511239136881548,ok
30d8a037387ca5d3572817d56abeb86b6c132dd8d0a5293f9c8c71d9ce1e1451,legacy,ARMAX,0,571,2004-10-31,2004-09-30,1957-03-31,2004-09-30,-3.35206685176624,-3.6272968251254625,-3.5247568936045375,ok
30d8a037387ca5d3572817d56abeb86b6c132dd8d0a5293f9c8c71d9ce1e1451,legacy,ARMAX,0,571,2004-11-30,2004-10-31,1957-04-30,2004-10-31,-3.5343348563403656,-3.35206685176624,-3.4445684397484158,ok
30d8a037387ca5d3572817d56abeb86b6c132dd8d0a5293f9c8c71d9ce1e1451,legacy,ARMAX,0,571,2004-12-31,2004-11-30,1957-05-31,2004-11-30,-3.615011393242337,-3.5343348563403656,-3.542208497390086,ok
30d8a037387ca5d3572817d56abeb86b6c132dd8d0a5293f9c8c71d9ce1e1451,legacy,ARMAX,0,571,2005-01-31,2004-12-31,1957-06-30,2004-12-31,-3.550604189909233,-3.615011393242337,-3.564918484413772,ok
30d8a037387ca5d3572817d56abeb86b6c132dd8d0a5293f9c8c71d9ce1e1451,legacy,ARMAX,0,571,2005-02-28,2005-01-31,1957-07-31,2005-01-31,-3.543820432764916,-3.550604189909233,-3.5295515106512934,ok
30d8a037387ca5d3572817d56abeb86b6c132dd8d0a5293f9c8c71d9ce1e1451,legacy,ARMAX,0,571,2005-03-31,2005-02-28,1957-08-31,2005-02-28,-3.5291465415700136,-3.543820432764916,-3.4867201251438704,ok
30d8a037387ca5d3572817d56abeb86b6c132dd8d0a5293f9c8c71d9ce1e1451,legacy,ARMAX,0,571,2005-04-30,2005-03-31,1957-09-30,2005-03-31,-3.152720424000165,-3.5291465415700136,-3.419537594163453,ok
30d8a037387ca5d3572817d56abeb86b6c132dd8d0a5293f9c8c71d9ce1e1451,legacy,ARMAX,0,571,2005-05-31,2005-04-30,1957-10-31,2005-04-30,-3.531069871409308,-3.152720424000165,-3.29931581864824,ok
30d8a037387ca5d3572817d56abeb86b6c132dd8d0a5293f9c8c71d9ce1e1451,legacy,ARMAX,0,571,2005-06-30,2005-05-31,1957-11-30,2005-05-31,-3.760011284416737,-3.531069871409308,-3.5577992268758694,ok
30d8a037387ca5d3572817d56abeb86b6c132dd8d0a5293f9c8c71d9ce1e1451,legacy,ARMAX,0,571,2005-07-31,2005-06-30,1957-12-31,2005-06-30,-3.670772300891824,-3.760011284416737,-3.6537040129963767,ok
30d8a037387ca5d3572817d56abeb86b6c132dd8d0a5293f9c8c71d9ce1e1451,legacy,ARMAX,0,571,2005-08-31,2005-07-31,1958-01-31,2005-07-31,-3.63388825571129,-3.670772300891824,-3.6339628715849317,ok
30d8a037387ca5d3572817d56abeb86b6c132dd8d0a5293f9c8c71d9ce1e1451,legacy,ARMAX,0,571,2005-09-30,2005-08-31,1958-02-28,2005-08-31,-3.6631012230129896,-3.63388825571129,-3.463905014516559,ok
30d8a037387ca5d3572817d56abeb86b6c132dd8d0a5293f9c8c71d9ce1e1451,legacy,ARMAX,0,571,2005-10-31,2005-09-30,1958-03-31,2005-09-30,-3.1557527692250877,-3.6631012230129896,-3.4238939880725097,ok
30d8a037387ca5d3572817d56abeb86b6c132dd8d0a5293f9c8c71d9ce1e1451,legacy,ARMAX,0,571,2005-11-30,2005-10-31,1958-04-30,2005-10-31,-3.7638501534181033,-3.1557527692250877,-3.4562517656197613,ok
30d8a037387ca5d3572817d56abeb86b6c132dd8d0a5293f9c8c71d9ce1e1451,legacy,ARMAX,0,571,2005-12-31,2005-11-30,1958-05-31,2005-11-30,-3.873253742668005,-3.7638501534181033,-3.633937926614463,ok
30d8a037387ca5d3572817d56abeb86b6c132dd8d0a5293f9c8c71d9ce1e1451,legacy,ARMAX,0,571,2006-01-31,2005-12-31,1958-06-30,2005-12-31,-3.4661978775292708,-3.873253742668005,-3.6638943214125086,ok
30d8a037387ca5d3572817d56abeb86b6c132dd8d0a5293f9c8c71d9ce1e1451,legacy,ARMAX,0,571,2006-02-28,2006-01-31,1958-07-31,2006-01-31,-3.670294829123373,-3.4661978775292708,-3.659465011365559,ok
30d8a037387ca5d3572817d56abeb86b6c132dd8d0a5293f9c8c71d9ce1e1451,legacy,ARMAX,0,571,2006-03-31,2006-02-28,1958-08-31,2006-02-28,-3.7601645367414083,-3.670294829123373,-3.541183170936832,ok
30d8a037387ca5d3572817d56abeb86b6c132dd8d0a5293f9c8c71d9ce1e1451,legacy,ARMAX,0,571,2006-04-30,2006-03-31,1958-09-30,2006-03-31,-3.7197949446689256,-3.7601645367414083,-3.727570632405066,ok
30d8a037387ca5d3572817d56abeb86b6c132dd8d0a5293f9c8c71d9ce1e1451,legacy,ARMAX,0,571,2006-05-31,2006-04-30,1958-10-31,2006-04-30,-3.2999604149500312,-3.7197949446689256,-3.6666992113940733,ok
30d8a037387ca5d3572817d56abeb86b6c132dd8d0a5293f9c8c71d9ce1e1451,legacy,ARMAX,0,571,2006-06-30,2006-05-31,1958-11-30,2006-05-31,-3.085582461863455,-3.2999604149500312,-3.3994317229223796,ok
30d8a037387ca5d3572817d56abeb86b6c132dd8d0a5293f9c8c71d9ce1e1451,legacy,ARMAX,0,571,2006-07-31,2006-06-30,1958-12-31,2006-06-30,-3.2709844618608197,-3.085582461863455,-3.3586483227193185,ok
30d8a037387ca5d3572817d56abeb86b6c132dd8d0a5293f9c8c71d9ce1e1451,legacy,ARMAX,0,571,2006-08-31,2006-07-31,1959-01-31,2006-07-31,-3.8405365199338846,-3.2709844618608197,-3.288121571930286,ok
30d8a037387ca5d3572817d56abeb86b6c132dd8d0a5293f9c8c71d9ce1e1451,legacy,ARMAX,0,571,2006-09-30,2006-08-31,1959-02-28,2006-08-31,-3.783882481202963,-3.8405365199338846,-3.6293468151355874,ok
30d8a037387ca5d3572817d56abeb86b6c132dd8d0a5293f9c8c71d9ce1e1451,legacy,ARMAX,0,571,2006-10-31,2006-09-30,1959-03-31,2006-09-30,-3.8554878543326674,-3.783882481202963,-3.7420794790142384,ok
30d8a037387ca5d3572817d56abeb86b6c132dd8d0a5293f9c8c71d9ce1e1451,legacy,ARMAX,0,571,2006-11-30,2006-10-31,1959-04-30,2006-10-31,-3.716627101662895,-3.8554878543326674,-3.7687969745646543,ok
30d8a037387ca5d3572817d56abeb86b6c132dd8d0a5293f9c8c71d9ce1e1451,legacy,ARMAX,0,571,2006-12-31,2006-11-30,1959-05-31,2006-11-30,-3.9701695128147905,-3.716627101662895,-3.632235951244816,ok
30d8a037387ca5d3572817d56abeb86b6c132dd8d0a5293f9c8c71d9ce1e1451,legacy,ARMAX,0,571,2007-01-31,2006-12-31,1959-06-30,2006-12-31,-3.8522491840295054,-3.9701695128147905,-3.772712673169969,ok
30d8a037387ca5d3572817d56abeb86b6c132dd8d0a5293f9c8c71d9ce1e1451,legacy,ARMAX,0,571,2007-02-28,2007-01-31,1959-07-31,2007-01-31,-3.2447480356532115,-3.8522491840295054,-3.799667629391002,ok
30d8a037387ca5d3572817d56abeb86b6c132dd8d0a5293f9c8c71d9ce1e1451,legacy,ARMAX,0,571,2007-03-31,2007-02-28,1959-08-31,2007-02-28,-3.222494860521297,-3.2447480356532115,-3.5214186569977226,ok
30d8a037387ca5d3572817d56abeb86b6c132dd8d0a5293f9c8c71d9ce1e1451,legacy,ARMAX,0,571,2007-04-30,2007-03-31,1959-09-30,2007-03-31,-3.7287460922933597,-3.222494860521297,-3.302079211669524,ok
30d8a037387ca5d3572817d56abeb86b6c132dd8d0a5293f9c8c71d9ce1e1451,legacy,ARMAX,0,571,2007-05-31,2007-04-30,1959-10-31,2007-04-30,-3.6341144694358256,-3.7287460922933597,-3.592339659709262,ok
30d8a037387ca5d3572817d56abeb86b6c132dd8d0a5293f9c8c71d9ce1e1451,legacy,ARMAX,0,571,2007-06-30,2007-05-31,1959-11-30,2007-05-31,-3.258361421759635,-3.6341144694358256,-3.6554275720367837,ok
30d8a037387ca5d3572817d56abeb86b6c132dd8d0a5293f9c8c71d9ce1e1451,legacy,ARMAX,0,571,2007-07-31,2007-06-30,1959-12-31,2007-06-30,-3.0061550064305833,-3.258361421759635,-3.3559431637883756,ok
30d8a037387ca5d3572817d56abeb86b6c132dd8d0a5293f9c8c71d9ce1e1451,legacy,ARMAX,0,571,2007-08-31,2007-07-31,1960-01-31,2007-07-31,-2.633783081660371,-3.0061550064305833,-2.9879262336890426,ok
30d8a037387ca5d3572817d56abeb86b6c132dd8d0a5293f9c8c71d9ce1e1451,legacy,ARMAX,0,571,2007-09-30,2007-08-31,1960-02-29,2007-08-31,-3.1472509000198614,-2.633783081660371,-3.109940843753024,ok
30d8a037387ca5d3572817d56abeb86b6c132dd8d0a5293f9c8c71d9ce1e1451,legacy,ARMAX,0,571,2007-10-31,2007-09-30,1960-03-31,2007-09-30,-3.190739924075638,-3.1472509000198614,-3.1578984390839437,ok
30d8a037387ca5d3572817d56abeb86b6c132dd8d0a5293f9c8c71d9ce1e1451,legacy,ARMAX,0,571,2007-11-30,2007-10-31,1960-04-30,2007-10-31,-2.587719024765528,-3.190739924075638,-3.083231097086335,ok
30d8a037387ca5d3572817d56abeb86b6c132dd8d0a5293f9c8c71d9ce1e1451,legacy,ARMAX,0,571,2007-12-31,2007-11-30,1960-05-31,2007-11-30,-3.02436059658321,-2.587719024765528,-2.762616631558088,ok
30d8a037387ca5d3572817d56abeb86b6c132dd8d0a5293f9c8c71d9ce1e1451,legacy,ARMAX,0,571,2008-01-31,2007-12-31,1960-06-30,2007-12-31,-2.661249374022387,-3.02436059658321,-2.7909037491548103,ok
30d8a037387ca5d3572817d56abeb86b6c132dd8d0a5293f9c8c71d9ce1e1451,legacy,ARMAX,0,571,2008-02-29,2008-01-31,1960-07-31,2008-01-31,-2.8603506881048415,-2.661249374022387,-2.8875430405637053,ok
30d8a037387ca5d3572817d56abeb86b6c132dd8d0a5293f9c8c71d9ce1e1451,legacy,ARMAX,0,571,2008-03-31,2008-02-29,1960-08-31,2008-02-29,-2.538344113377069,-2.8603506881048415,-2.912786067337944,ok
30d8a037387ca5d3572817d56abeb86b6c132dd8d0a5293f9c8c71d9ce1e1451,legacy,ARMAX,0,571,2008-04-30,2008-03-31,1960-09-30,2008-03-31,-2.9300382779186895,-2.538344113377069,-2.6801265964228707,ok
30d8a037387ca5d3572817d56abeb86b6c132dd8d0a5293f9c8c71d9ce1e1451,legacy,ARMAX,0,571,2008-05-31,2008-04-30,1960-10-31,2008-04-30,-3.204756024564677,-2.9300382779186895,-2.9564730363848035,ok
30d8a037387ca5d3572817d56abeb86b6c132dd8d0a5293f9c8c71d9ce1e1451,legacy,ARMAX,0,571,2008-06-30,2008-05-31,1960-11-30,2008-05-31,-2.8296817644581433,-3.204756024564677,-2.963736714073251,ok
30d8a037387ca5d3572817d56abeb86b6c132dd8d0a5293f9c8c71d9ce1e1451,legacy,ARMAX,0,571,2008-07-31,2008-06-30,1960-12-31,2008-06-30,-2.705460207716502,-2.8296817644581433,-2.501262282921492,ok
30d8a037387ca5d3572817d56abeb86b6c132dd8d0a5293f9c8c71d9ce1e1451,legacy,ARMAX,0,571,2008-08-31,2008-07-31,1961-01-31,2008-07-31,-2.837812391125573,-2.705460207716502,-2.832774991059447,ok
30d8a037387ca5d3572817d56abeb86b6c132dd8d0a5293f9c8c71d9ce1e1451,legacy,ARMAX,0,571,2008-09-30,2008-08-31,1961-02-28,2008-08-31,-1.8529192183645744,-2.837812391125573,-2.978111210136513,ok
30d8a037387ca5d3572817d56abeb86b6c132dd8d0a5293f9c8c71d9ce1e1451,legacy,ARMAX,0,571,2008-10-31,2008-09-30,1961-03-31,2008-09-30,-1.42971613203937,-1.8529192183645744,-2.1968601907252636,ok
30d8a037387ca5d3572817d56abeb86b6c132dd8d0a5293f9c8c71d9ce1e1451,legacy,ARMAX,0,571,2008-11-30,2008-10-31,1961-04-30,2008-10-31,-1.656316012106184,-1.42971613203937,-1.6008255635343134,ok
30d8a037387ca5d3572817d56abeb86b6c132dd8d0a5293f9c8c71d9ce1e1451,legacy,ARMAX,0,571,2008-12-31,2008-11-30,1961-05-31,2008-11-30,-1.94077400987452,-1.656316012106184,-1.5627463884368336,ok
30d8a037387ca5d3572817d56abeb86b6c132dd8d0a5293f9c8c71d9ce1e1451,legacy,ARMAX,0,571,2009-01-31,2008-12-31,1961-06-30,2008-12-31,-2.206526753661318,-1.94077400987452,-2.2328952257448393,ok
30d8a037387ca5d3572817d56abeb86b6c132dd8d0a5293f9c8c71d9ce1e1451,legacy,ARMAX,0,571,2009-02-28,2009-01-31,1961-07-31,2009-01-31,-2.2946239453922495,-2.206526753661318,-1.820493394723631,ok
30d8a037387ca5d3572817d56abeb86b6c132dd8d0a5293f9c8c71d9ce1e1451,legacy,ARMAX,0,571,2009-03-31,2009-02-28,1961-08-31,2009-02-28,-1.9582508837470343,-2.2946239453922495,-1.752694908249742,ok
30d8a037387ca5d3572817d56abeb86b6c132dd8d0a5293f9c8c71d9ce1e1451,legacy,ARMAX,0,571,2009-04-30,2009-03-31,1961-09-30,2009-03-31,-2.443587835277547,-1.9582508837470343,-2.3675881305158746,ok
30d8a037387ca5d3572817d56abeb86b6c132dd8d0a5293f9c8c71d9ce1e1451,legacy,ARMAX,0,571,2009-05-31,2009-04-30,1961-10-31,2009-04-30,-2.5321700284042636,-2.443587835277547,-2.5929465371651235,ok
30d8a037387ca5d3572817d56abeb86b6c132dd8d0a5293f9c8c71d9ce1e1451,legacy,ARMAX,0,571,2009-06-30,2009-05-31,1961-11-30,2009-05-31,-2.8287513462734335,-2.5321700284042636,-2.2813643992374706,ok
30d8a037387ca5d3572817d56abeb86b6c132dd8d0a5293f9c8c71d9ce1e1451,legacy,ARMAX,0,571,2009-07-31,2009-06-30,1961-12-31,2009-06-30,-2.793345786712595,-2.8287513462734335,-2.728877379214966,ok
30d8a037387ca5d3572817d56abeb86b6c132dd8d0a5293f9c8c71d9ce1e1451,legacy,ARMAX,0,571,2009-08-31,2009-07-31,1962-01-31,2009-07-31,-3.0644616714098785,-2.793345786712595,-2.9690652041333916,ok
30d8a037387ca5d3572817d56abeb86b6c132dd8d0a5293f9c8c71d9ce1e1451,legacy,ARMAX,0,571,2009-09-30,2009-08-31,1962-02-28,2009-08-31,-3.130025280604083,-3.0644616714098785,-2.9613836913286353,ok
30d8a037387ca5d3572817d56abeb86b6c132dd8d0a5293f9c8c71d9ce1e1451,legacy,ARMAX,0,571,2009-10-31,2009-09-30,1962-03-31,2009-09-30,-2.7700971285615434,-3.130025280604083,-2.922716727116471,ok
30d8a037387ca5d3572817d56abeb86b6c132dd8d0a5293f9c8c71d9ce1e1451,legacy,ARMAX,0,571,2009-11-30,2009-10-31,1962-04-30,2009-10-31,-3.1107964455907346,-2.7700971285615434,-2.915238268724076,ok
30d8a037387ca5d3572817d56abeb86b6c132dd8d0a5293f9c8c71d9ce1e1451,legacy,ARMAX,0,571,2009-12-31,2009-11-30,1962-05-31,2009-11-30,-3.4880632358514134,-3.1107964455907346,-3.1714336728690373,ok
30d8a037387ca5d3572817d56abeb86b6c132dd8d0a5293f9c8c71d9ce1e1451,legacy,ARMAX,0,571,2010-01-31,2009-12-31,1962-06-30,2009-12-31,-3.1051107340740467,-3.4880632358514134,-3.474764797417775,ok
30d8a037387ca5d3572817d56abeb86b6c132dd8d0a5293f9c8c71d9ce1e1451,legacy,ARMAX,0,571,2010-02-28,2010-01-31,1962-07-31,2010-01-31,-3.0178391591893847,-3.1051107340740467,-3.1273714462691853,ok
30d8a037387ca5d3572817d56abeb86b6c132dd8d0a5293f9c8c71d9ce1e1451,legacy,ARMAX,0,571,2010-03-31,2010-02-28,1962-08-31,2010-02-28,-3.6861498116127507,-3.0178391591893847,-3.26257836813423,ok
30d8a037387ca5d3572817d56abeb86b6c132dd8d0a5293f9c8c71d9ce1e1451,legacy,ARMAX,0,571,2010-04-30,2010-03-31,1962-09-30,2010-03-31,-3.1571807998960457,-3.6861498116127507,-3.519336570626563,ok
30d8a037387ca5d3572817d56abeb86b6c132dd8d0a5293f9c8c71d9ce1e1451,legacy,ARMAX,0,571,2010-05-31,2010-04-30,1962-10-31,2010-04-30,-2.407193011304442,-3.1571807998960457,-3.3300437989868445,ok
30d8a037387ca5d3572817d56abeb86b6c132dd8d0a5293f9c8c71d9ce1e1451,legacy,ARMAX,0,571,2010-06-30,2010-05-31,1962-11-30,2010-05-31,-2.590131684949471,-2.407193011304442,-2.8296726874206923,ok
30d8a037387ca5d3572817d56abeb86b6c132dd8d0a5293f9c8c71d9ce1e1451,legacy,ARMAX,0,571,2010-07-31,2010-06-30,1962-12-31,2010-06-30,-2.852932567849959,-2.590131684949471,-2.6064285401749157,ok
30d8a037387ca5d3572817d56abeb86b6c132dd8d0a5293f9c8c71d9ce1e1451,legacy,ARMAX,0,571,2010-08-31,2010-07-31,1963-01-31,2010-07-31,-2.9530416640092794,-2.852932567849959,-3.221274946915158,ok
30d8a037387ca5d3572817d56abeb86b6c132dd8d0a5293f9c8c71d9ce1e1451,legacy,ARMAX,0,571,2010-09-30,2010-08-31,1963-02-28,2010-08-31,-3.038118590021741,-2.9530416640092794,-2.973108608528101,ok
30d8a037387ca5d3572817d56abeb86b6c132dd8d0a5293f9c8c71d9ce1e1451,legacy,ARMAX,0,571,2010-10-31,2010-09-30,1963-03-31,2010-09-30,-3.418407956833649,-3.038118590021741,-3.2029752262309312,ok
30d8a037387ca5d3572817d56abeb86b6c132dd8d0a5293f9c8c71d9ce1e1451,legacy,ARMAX,0,571,2010-11-30,2010-10-31,1963-04-30,2010-10-31,-3.1787815912351842,-3.418407956833649,-3.2486508312668274,ok
30d8a037387ca5d3572817d56abeb86b6c132dd8d0a5293f9c8c71d9ce1e1451,legacy,ARMAX,0,571,2010-12-31,2010-11-30,1963-05-31,2010-11-30,-3.553444149972958,-3.1787815912351842,-3.1491237493322712,ok
30d8a037387ca5d3572817d56abeb86b6c132dd8d0a5293f9c8c71d9ce1e1451,legacy,ARMAX,0,571,2011-01-31,2010-12-31,1963-06-30,2010-12-31,-3.5254625792369607,-3.553444149972958,-3.502613755343212,ok
30d8a037387ca5d3572817d56abeb86b6c132dd8d0a5293f9c8c71d9ce1e1451,legacy,ARMAX,0,571,2011-02-28,2011-01-31,1963-07-31,2011-01-31,-3.421017028944507,-3.5254625792369607,-3.309687604799378,ok
30d8a037387ca5d3572817d56abeb86b6c132dd8d0a5293f9c8c71d9ce1e1451,legacy,ARMAX,0,571,2011-03-31,2011-02-28,1963-08-31,2011-02-28,-3.0256567272535344,-3.421017028944507,-3.4405368471688025,ok
30d8a037387ca5d3572817d56abeb86b6c132dd8d0a5293f9c8c71d9ce1e1451,legacy,ARMAX,0,571,2011-04-30,2011-03-31,1963-09-30,2011-03-31,-3.6813619979803685,-3.0256567272535344,-3.2023289298976136,ok
30d8a037387ca5d3572817d56abeb86b6c132dd8d0a5293f9c8c71d9ce1e1451,legacy,ARMAX,0,571,2011-05-31,2011-04-30,1963-10-31,2011-04-30,-3.4864984354795028,-3.6813619979803685,-3.319375472512295,ok
30d8a037387ca5d3572817d56abeb86b6c132dd8d0a5293f9c8c71d9ce1e1451,legacy,ARMAX,0,571,2011-06-30,2011-05-31,1963-11-30,2011-05-31,-3.0353184736868135,-3.4864984354795028,-3.3545823781981916,ok
30d8a037387ca5d3572817d56abeb86b6c132dd8d0a5293f9c8c71d9ce1e1451,legacy,ARMAX,0,571,2011-07-31,2011-06-30,1963-12-31,2011-06-30,-3.1500524848844638,-3.0353184736868135,-3.298849190213141,ok
30d8a037387ca5d3572817d56abeb86b6c132dd8d0a5293f9c8c71d9ce1e1451,legacy,ARMAX,0,571,2011-08-31,2011-07-31,1964-01-31,2011-07-31,-1.9665046707257416,-3.1500524848844638,-3.045706419662565,ok
30d8a037387ca5d3572817d56abeb86b6c132dd8d0a5293f9c8c71d9ce1e1451,legacy,ARMAX,0,571,2011-09-30,2011-08-31,1964-02-29,2011-08-31,-2.481306279652722,-1.9665046707257416,-2.740715027221085,ok
30d8a037387ca5d3572817d56abeb86b6c132dd8d0a5293f9c8c71d9ce1e1451,legacy,ARMAX,0,571,2011-10-31,2011-09-30,1964-03-31,2011-09-30,-2.457655436729706,-2.481306279652722,-2.407613284389807,ok
30d8a037387ca5d3572817d56abeb86b6c132dd8d0a5293f9c8c71d9ce1e1451,legacy,ARMAX,0,571,2011-11-30,2011-10-31,1964-04-30,2011-10-31,-2.4359863431041875,-2.457655436729706,-3.0221869064253593,ok
30d8a037387ca5d3572817d56abeb86b6c132dd8d0a5293f9c8c71d9ce1e1451,legacy,ARMAX,0,571,2011-12-31,2011-11-30,1964-05-31,2011-11-30,-2.9483163558607832,-2.4359863431041875,-2.90910554633099,ok
30d8a037387ca5d3572817d56abeb86b6c132dd8d0a5293f9c8c71d9ce1e1451,legacy,ARMAX,0,571,2012-01-31,2011-12-31,1964-06-30,2011-12-31,-3.6753549263674072,-2.9483163558607832,-2.671107608392364,ok
30d8a037387ca5d3572817d56abeb86b6c132dd8d0a5293f9c8c71d9ce1e1451,legacy,ARMAX,0,571,2012-02-29,2012-01-31,1964-07-31,2012-01-31,-3.6938984477186816,-3.6753549263674072,-3.427412807281369,ok
30d8a037387ca5d3572817d56abeb86b6c132dd8d0a5293f9c8c71d9ce1e1451,legacy,ARMAX,0,571,2012-03-31,2012-02-29,1964-08-31,2012-02-29,-3.3843465262657215,-3.6938984477186816,-3.5342124731443594,ok
30d8a037387ca5d3572817d56abeb86b6c132dd8d0a5293f9c8c71d9ce1e1451,legacy,ARMAX,0,571,2012-04-30,2012-03-31,1964-09-30,2012-03-31,-3.210146241345559,-3.3843465262657215,-3.3354707516050404,ok
30d8a037387ca5d3572817d56abeb86b6c132dd8d0a5293f9c8c71d9ce1e1451,legacy,ARMAX,0,571,2012-05-31,2012-04-30,1964-10-31,2012-04-30,-3.2497545069314553,-3.210146241345559,-3.205331213075845,ok
30d8a037387ca5d3572817d56abeb86b6c132dd8d0a5293f9c8c71d9ce1e1451,legacy,ARMAX,0,571,2012-06-30,2012-05-31,1964-11-30,2012-05-31,-2.8366615287918187,-3.2497545069314553,-3.1166089991786508,ok
30d8a037387ca5d3572817d56abeb86b6c132dd8d0a5293f9c8c71d9ce1e1451,legacy,ARMAX,0,571,2012-07-31,2012-06-30,1964-12-31,2012-06-30,-3.2378719180591355,-2.8366615287918187,-3.156373089602628,ok
30d8a037387ca5d3572817d56abeb86b6c132dd8d0a5293f9c8c71d9ce1e1451,legacy,ARMAX,0,571,2012-08-31,2012-07-31,1965-01-31,2012-07-31,-3.6166817154299276,-3.2378719180591355,-3.1418630150607134,ok
30d8a037387ca5d3572817d56abeb86b6c132dd8d0a5293f9c8c71d9ce1e1451,legacy,ARMAX,0,571,2012-09-30,2012-08-31,1965-02-28,2012-08-31,-3.4378098591980444,-3.6166817154299276,-3.336125116364193,ok
30d8a037387ca5d3572817d56abeb86b6c132dd8d0a5293f9c8c71d9ce1e1451,legacy,ARMAX,0,571,2012-10-31,2012-09-30,1965-03-31,2012-09-30,-3.4888694072163897,-3.4378098591980444,-3.3611218194366694,ok
30d8a037387ca5d3572817d56abeb86b6c132dd8d0a5293f9c8c71d9ce1e1451,legacy,ARMAX,0,571,2012-11-30,2012-10-31,1965-04-30,2012-10-31,-3.130457558392097,-3.4888694072163897,-3.3390296023653465,ok
30d8a037387ca5d3572817d56abeb86b6c132dd8d0a5293f9c8c71d9ce1e1451,legacy,ARMAX,0,571,2012-12-31,2012-11-30,1965-05-31,2012-11-30,-3.438879816972799,-3.130457558392097,-3.2724887345390163,ok
30d8a037387ca5d3572817d56abeb86b6c132dd8d0a5293f9c8c71d9ce1e1451,legacy,ARMAX,0,571,2013-01-31,2012-12-31,1965-06-30,2012-12-31,-3.5122743260836247,-3.438879816972799,-3.4096745204307304,ok
30d8a037387ca5d3572817d56abeb86b6c132dd8d0a5293f9c8c71d9ce1e1451,legacy,ARMAX,0,571,2013-02-28,2013-01-31,1965-07-31,2013-01-31,-3.3434701265797875,-3.5122743260836247,-3.41839662813636,ok
30d8a037387ca5d3572817d56abeb86b6c132dd8d0a5293f9c8c71d9ce1e1451,legacy,ARMAX,0,571,2013-03-31,2013-02-28,1965-08-31,2013-02-28,-3.8179084623195907,-3.3434701265797875,-3.4093247980911086,ok
30d8a037387ca5d3572817d56abeb86b6c132dd8d0a5293f9c8c71d9ce1e1451,legacy,ARMAX,0,571,2013-04-30,2013-03-31,1965-09-30,2013-03-31,-3.190861789295619,-3.8179084623195907,-3.543215326788083,ok
30d8a037387ca5d3572817d56abeb86b6c132dd8d0a5293f9c8c71d9ce1e1451,legacy,ARMAX,0,571,2013-05-31,2013-04-30,1965-10-31,2013-04-30,-3.446126454815234,-3.190861789295619,-3.4080089780743856,ok
30d8a037387ca5d3572817d56abeb86b6c132dd8d0a5293f9c8c71d9ce1e1451,legacy,ARMAX,0,571,2013-06-30,2013-05-31,1965-11-30,2013-05-31,-3.0453169802170232,-3.446126454815234,-3.4817331115433587,ok
30d8a037387ca5d3572817d56abeb86b6c132dd8d0a5293f9c8c71d9ce1e1451,legacy,ARMAX,0,571,2013-07-31,2013-06-30,1965-12-31,2013-06-30,-3.802623427578242,-3.0453169802170232,-3.1607758940984265,ok
30d8a037387ca5d3572817d56abeb86b6c132dd8d0a5293f9c8c71d9ce1e1451,legacy,ARMAX,0,571,2013-08-31,2013-07-31,1966-01-31,2013-07-31,-3.4765909912871975,-3.802623427578242,-3.6253392627225995,ok
30d8a037387ca5d3572817d56abeb86b6c132dd8d0a5293f9c8c71d9ce1e1451,legacy,ARMAX,0,571,2013-09-30,2013-08-31,1966-02-28,2013-08-31,-3.6937395473295953,-3.4765909912871975,-3.3868840918459595,ok
30d8a037387ca5d3572817d56abeb86b6c132dd8d0a5293f9c8c71d9ce1e1451,legacy,ARMAX,0,571,2013-10-31,2013-09-30,1966-03-31,2013-09-30,-3.2760200523947183,-3.6937395473295953,-3.6504483534665755,ok
30d8a037387ca5d3572817d56abeb86b6c132dd8d0a5293f9c8c71d9ce1e1451,legacy,ARMAX,0,571,2013-11-30,2013-10-31,1966-04-30,2013-10-31,-3.6747290764851526,-3.2760200523947183,-3.427004606604515,ok
30d8a037387ca5d3572817d56abeb86b6c132dd8d0a5293f9c8c71d9ce1e1451,legacy,ARMAX,0,571,2013-12-31,2013-11-30,1966-05-31,2013-11-30,-3.6040416781045184,-3.6747290764851526,-3.590844973088589,ok
30d8a037387ca5d3572817d56abeb86b6c132dd8d0a5293f9c8c71d9ce1e1451,legacy,ARMAX,0,571,2014-01-31,2013-12-31,1966-06-30,2013-12-31,-3.3171375685353466,-3.6040416781045184,-3.5586251245942853,ok
30d8a037387ca5d3572817d56abeb86b6c132dd8d0a5293f9c8c71d9ce1e1451,legacy,ARMAX,0,571,2014-02-28,2014-01-31,1966-07-31,2014-01-31,-3.3386797926341574,-3.3171375685353466,-3.3700550661675797,ok
30d8a037387ca5d3572817d56abeb86b6c132dd8d0a5293f9c8c71d9ce1e1451,legacy,ARMAX,0,571,2014-03-31,2014-02-28,1966-08-31,2014-02-28,-3.5256578627092043,-3.3386797926341574,-3.460086048672036,ok
30d8a037387ca5d3572817d56abeb86b6c132dd8d0a5293f9c8c71d9ce1e1451,legacy,ARMAX,0,571,2014-04-30,2014-03-31,1966-09-30,2014-03-31,-3.2955126404999024,-3.5256578627092043,-3.4893669817074553,ok
30d8a037387ca5d3572817d56abeb86b6c132dd8d0a5293f9c8c71d9ce1e1451,legacy,ARMAX,0,571,2014-05-31,2014-04-30,1966-10-31,2014-04-30,-3.7483017283266418,-3.2955126404999024,-3.3217477573326875,ok
30d8a037387ca5d3572817d56abeb86b6c132dd8d0a5293f9c8c71d9ce1e1451,legacy,ARMAX,0,571,2014-06-30,2014-05-31,1966-11-30,2014-05-31,-4.087403595110627,-3.7483017283266418,-3.541394387862147,ok
30d8a037387ca5d3572817d56abeb86b6c132dd8d0a5293f9c8c71d9ce1e1451,legacy,ARMAX,0,571,2014-07-31,2014-06-30,1966-12-31,2014-06-30,-3.4754874909402718,-4.087403595110627,-3.7547296906937198,ok
30d8a037387ca5d3572817d56abeb86b6c132dd8d0a5293f9c8c71d9ce1e1451,legacy,ARMAX,0,571,2014-08-31,2014-07-31,1967-01-31,2014-07-31,-3.758175341489735,-3.4754874909402718,-3.524822535935601,ok
30d8a037387ca5d3572817d56abeb86b6c132dd8d0a5293f9c8c71d9ce1e1451,legacy,ARMAX,0,571,2014-09-30,2014-08-31,1967-02-28,2014-08-31,-3.6148214505759886,-3.758175341489735,-3.731368688140407,ok
30d8a037387ca5d3572817d56abeb86b6c132dd8d0a5293f9c8c71d9ce1e1451,legacy,ARMAX,0,571,2014-10-31,2014-09-30,1967-03-31,2014-09-30,-2.9141171757759734,-3.6148214505759886,-3.502690921627887,ok
30d8a037387ca5d3572817d56abeb86b6c132dd8d0a5293f9c8c71d9ce1e1451,legacy,ARMAX,0,571,2014-11-30,2014-10-31,1967-04-30,2014-10-31,-4.403441476450015,-2.9141171757759734,-3.369999817363157,ok
30d8a037387ca5d3572817d56abeb86b6c132dd8d0a5293f9c8c71d9ce1e1451,legacy,ARMAX,0,571,2014-12-31,2014-11-30,1967-05-31,2014-11-30,-3.1118286510639352,-4.403441476450015,-3.6283982105482044,ok
30d8a037387ca5d3572817d56abeb86b6c132dd8d0a5293f9c8c71d9ce1e1451,legacy,ARMAX,0,571,2015-01-31,2014-12-31,1967-06-30,2014-12-31,-3.0531195840611964,-3.1118286510639352,-3.5273789797575192,ok
30d8a037387ca5d3572817d56abeb86b6c132dd8d0a5293f9c8c71d9ce1e1451,legacy,ARMAX,0,571,2015-02-28,2015-01-31,1967-07-31,2015-01-31,-3.562245097331633,-3.0531195840611964,-3.2906389017448836,ok
30d8a037387ca5d3572817d56abeb86b6c132dd8d0a5293f9c8c71d9ce1e1451,legacy,ARMAX,0,571,2015-03-31,2015-02-28,1967-08-31,2015-02-28,-3.1816129636323156,-3.562245097331633,-3.4291451936663564,ok
30d8a037387ca5d3572817d56abeb86b6c132dd8d0a5293f9c8c71d9ce1e1451,legacy,ARMAX,0,571,2015-04-30,2015-03-31,1967-09-30,2015-03-31,-3.7301577097521137,-3.1816129636323156,-3.3990039961371883,ok
30d8a037387ca5d3572817d56abeb86b6c132dd8d0a5293f9c8c71d9ce1e1451,legacy,ARMAX,0,571,2015-05-31,2015-04-30,1967-10-31,2015-04-30,-3.515261724921692,-3.7301577097521137,-3.4558690184083716,ok
30d8a037387ca5d3572817d56abeb86b6c132dd8d0a5293f9c8c71d9ce1e1451,legacy,ARMAX,0,571,2015-06-30,2015-05-31,1967-11-30,2015-05-31,-3.4246395604529183,-3.515261724921692,-3.5123457003227694,ok
30d8a037387ca5d3572817d56abeb86b6c132dd8d0a5293f9c8c71d9ce1e1451,legacy,ARMAX,0,571,2015-07-31,2015-06-30,1967-12-31,2015-06-30,-3.379834324533906,-3.4246395604529183,-3.4197831337357782,ok
30d8a037387ca5d3572817d56abeb86b6c132dd8d0a5293f9c8c71d9ce1e1451,legacy,ARMAX,0,571,2015-08-31,2015-07-31,1968-01-31,2015-07-31,-2.567702579344776,-3.379834324533906,-3.2541554557225005,ok
30d8a037387ca5d3572817d56abeb86b6c132dd8d0a5293f9c8c71d9ce1e1451,legacy,ARMAX,0,571,2015-09-30,2015-08-31,1968-02-29,2015-08-31,-2.7509836865610584,-2.567702579344776,-3.015164430355858,ok
30d8a037387ca5d3572817d56abeb86b6c132dd8d0a5293f9c8c71d9ce1e1451,legacy,ARMAX,0,571,2015-10-31,2015-09-30,1968-03-31,2015-09-30,-3.219259102962737,-2.7509836865610584,-2.8822611172667676,ok
30d8a037387ca5d3572817d56abeb86b6c132dd8d0a5293f9c8c71d9ce1e1451,legacy,ARMAX,0,571,2015-11-30,2015-10-31,1968-04-30,2015-10-31,-3.3994804010076436,-3.219259102962737,-3.2023977805158363,ok
30d8a037387ca5d3572817d56abeb86b6c132dd8d0a5293f9c8c71d9ce1e1451,legacy,ARMAX,0,571,2015-12-31,2015-11-30,1968-05-31,2015-11-30,-2.9313513610844177,-3.3994804010076436,-3.329976044545337,ok
30d8a037387ca5d3572817d56abeb86b6c132dd8d0a5293f9c8c71d9ce1e1451,legacy,ARMAX,0,571,2016-01-31,2015-12-31,1968-06-30,2015-12-31,-2.721796067769684,-2.9313513610844177,-3.0747483004637353,ok
30d8a037387ca5d3572817d56abeb86b6c132dd8d0a5293f9c8c71d9ce1e1451,legacy,ARMAX,0,571,2016-02-29,2016-01-31,1968-07-31,2016-01-31,-2.975885937336674,-2.721796067769684,-2.921663439067662,ok
30d8a037387ca5d3572817d56abeb86b6c132dd8d0a5293f9c8c71d9ce1e1451,legacy,ARMAX,0,571,2016-03-31,2016-02-29,1968-08-31,2016-02-29,-3.3396579653309333,-2.975885937336674,-2.931787149761213,ok
30d8a037387ca5d3572817d56abeb86b6c132dd8d0a5293f9c8c71d9ce1e1451,legacy,ARMAX,0,571,2016-04-30,2016-03-31,1968-09-30,2016-03-31,-3.5543031478531373,-3.3396579653309333,-3.331517109717816,ok
30d8a037387ca5d3572817d56abeb86b6c132dd8d0a5293f9c8c71d9ce1e1451,legacy,ARMAX,0,571,2016-05-31,2016-04-30,1968-10-31,2016-04-30,-3.457732751318138,-3.5543031478531373,-3.3463031672289874,ok
30d8a037387ca5d3572817d56abeb86b6c132dd8d0a5293f9c8c71d9ce1e1451,legacy,ARMAX,0,571,2016-06-30,2016-05-31,1968-11-30,2016-05-31,-2.9208097471793346,-3.457732751318138,-3.3163392360418555,ok
30d8a037387ca5d3572817d56abeb86b6c132dd8d0a5293f9c8c71d9ce1e1451,legacy,ARMAX,0,571,2016-07-31,2016-06-30,1968-12-31,2016-06-30,-3.82748206452236,-2.9208097471793346,-3.1753593211023636,ok
30d8a037387ca5d3572817d56abeb86b6c132dd8d0a5293f9c8c71d9ce1e1451,legacy,ARMAX,0,571,2016-08-31,2016-07-31,1969-01-31,2016-07-31,-4.092448513398336,-3.82748206452236,-3.4809011968072174,ok
30d8a037387ca5d3572817d56abeb86b6c132dd8d0a5293f9c8c71d9ce1e1451,legacy,ARMAX,0,571,2016-09-30,2016-08-31,1969-02-28,2016-08-31,-3.192551585892722,-4.092448513398336,-3.651031456812725,ok
30d8a037387ca5d3572817d56abeb86b6c132dd8d0a5293f9c8c71d9ce1e1451,legacy,ARMAX,0,571,2016-10-31,2016-09-30,1969-03-31,2016-09-30,-3.9566514163288296,-3.192551585892722,-3.4396740669701007,ok
30d8a037387ca5d3572817d56abeb86b6c132dd8d0a5293f9c8c71d9ce1e1451,legacy,ARMAX,0,571,2016-11-30,2016-10-31,1969-04-30,2016-10-31,-3.487974422258749,-3.9566514163288296,-3.480812303740188,ok
30d8a037387ca5d3572817d56abeb86b6c132dd8d0a5293f9c8c71d9ce1e1451,legacy,ARMAX,0,571,2016-12-31,2016-11-30,1969-05-31,2016-11-30,-3.7787223692336043,-3.487974422258749,-3.5920073145956923,ok
30d8a037387ca5d3572817d56abeb86b6c132dd8d0a5293f9c8c71d9ce1e1451,legacy,ARMAX,0,571,2017-01-31,2016-12-31,1969-06-30,2016-12-31,-4.001828361753411,-3.7787223692336043,-3.6647971514480386,ok
30d8a037387ca5d3572817d56abeb86b6c132dd8d0a5293f9c8c71d9ce1e1451,legacy,ARMAX,0,571,2017-02-28,2017-01-31,1969-07-31,2017-01-31,-4.204700139152802,-4.001828361753411,-3.5786011105437927,ok
30d8a037387ca5d3572817d56abeb86b6c132dd8d0a5293f9c8c71d9ce1e1451,legacy,ARMAX,0,571,2017-03-31,2017-02-28,1969-08-31,2017-02-28,-3.7314192152872128,-4.204700139152802,-3.9623130849773354,ok
30d8a037387ca5d3572817d56abeb86b6c132dd8d0a5293f9c8c71d9ce1e1451,legacy,ARMAX,0,571,2017-04-30,2017-03-31,1969-09-30,2017-03-31,-3.926652018374449,-3.7314192152872128,-3.718261262886127,ok
30d8a037387ca5d3572817d56abeb86b6c132dd8d0a5293f9c8c71d9ce1e1451,legacy,ARMAX,0,571,2017-05-31,2017-04-30,1969-10-31,2017-04-30,-3.7920847378875453,-3.926652018374449,-3.7680629819261364,ok
30d8a037387ca5d3572817d56abeb86b6c132dd8d0a5293f9c8c71d9ce1e1451,legacy,ARMAX,0,571,2017-06-30,2017-05-31,1969-11-30,2017-05-31,-3.856214910874562,-3.7920847378875453,-3.6158869783462304,ok
30d8a037387ca5d3572817d56abeb86b6c132dd8d0a5293f9c8c71d9ce1e1451,legacy,ARMAX,0,571,2017-07-31,2017-06-30,1969-12-31,2017-06-30,-4.129870024958818,-3.856214910874562,-3.8847973440849506,ok
30d8a037387ca5d3572817d56abeb86b6c132dd8d0a5293f9c8c71d9ce1e1451,legacy,ARMAX,0,571,2017-08-31,2017-07-31,1970-01-31,2017-07-31,-3.5924378123925567,-4.129870024958818,-3.885114576192141,ok
30d8a037387ca5d3572817d56abeb86b6c132dd8d0a5293f9c8c71d9ce1e1451,legacy,ARMAX,0,571,2017-09-30,2017-08-31,1970-02-28,2017-08-31,-4.134666486968067,-3.5924378123925567,-3.7274899482188646,ok
30d8a037387ca5d3572817d56abeb86b6c132dd8d0a5293f9c8c71d9ce1e1451,legacy,ARMAX,0,571,2017-10-31,2017-09-30,1970-03-31,2017-09-30,-4.216826264874244,-4.134666486968067,-3.902799787223956,ok
30d8a037387ca5d3572817d56abeb86b6c132dd8d0a5293f9c8c71d9ce1e1451,legacy,ARMAX,0,571,2017-11-30,2017-10-31,1970-04-30,2017-10-31,-3.974205538921206,-4.216826264874244,-3.88545841010923,ok
30d8a037387ca5d3572817d56abeb86b6c132dd8d0a5293f9c8c71d9ce1e1451,legacy,ARMAX,0,571,2017-12-31,2017-11-30,1970-05-31,2017-11-30,-4.1605958145165705,-3.974205538921206,-4.046728914221132,ok
30d8a037387ca5d3572817d56abeb86b6c132dd8d0a5293f9c8c71d9ce1e1451,legacy,LSTM,0,571,1997-08-31,1997-07-31,1950-01-31,1997-07-31,-2.997998940254238,-3.1084047309706033,-3.2041300100277503,ok
30d8a037387ca5d3572817d56abeb86b6c132dd8d0a5293f9c8c71d9ce1e1451,legacy,LSTM,0,571,1997-09-30,1997-08-31,1950-02-28,1997-08-31,-2.9805233450013167,-2.997998940254238,-3.212510963343999,ok
30d8a037387ca5d3572817d56abeb86b6c132dd8d0a5293f9c8c71d9ce1e1451,legacy,LSTM,0,571,1997-10-31,1997-09-30,1950-03-31,1997-09-30,-2.3238652771202104,-2.9805233450013167,-3.1537918685452992,ok
30d8a037387ca5d3572817d56abeb86b6c132dd8d0a5293f9c8c71d9ce1e1451,legacy,LSTM,0,571,1997-11-30,1997-10-31,1950-04-30,1997-10-31,-2.967779424466623,-2.3238652771202104,-3.0135066747338364,ok
30d8a037387ca5d3572817d56abeb86b6c132dd8d0a5293f9c8c71d9ce1e1451,legacy,LSTM,0,571,1997-12-31,1997-11-30,1950-05-31,1997-11-30,-3.0514972683227777,-2.967779424466623,-2.9463205503763907,ok
30d8a037387ca5d3572817d56abeb86b6c132dd8d0a5293f9c8c71d9ce1e1451,legacy,LSTM,0,571,1998-01-31,1997-12-31,1950-06-30,1997-12-31,-2.998809877493172,-3.0514972683227777,-2.9817955998765795,ok
30d8a037387ca5d3572817d56abeb86b6c132dd8d0a5293f9c8c71d9ce1e1451,legacy,LSTM,0,571,1998-02-28,1998-01-31,1950-07-31,1998-01-31,-3.4342451514940397,-2.998809877493172,-3.2012784854925433,ok
30d8a037387ca5d3572817d56abeb86b6c132dd8d0a5293f9c8c71d9ce1e1451,legacy,LSTM,0,571,1998-03-31,1998-02-28,1950-08-31,1998-02-28,-3.3950363195710853,-3.4342451514940397,-3.2652602880480357,ok
30d8a037387ca5d3572817d56abeb86b6c132dd8d0a5293f9c8c71d9ce1e1451,legacy,LSTM,0,571,1998-04-30,1998-03-31,1950-09-30,1998-03-31,-3.2134051996183786,-3.3950363195710853,-3.3982999800733724,ok
30d8a037387ca5d3572817d56abeb86b6c132dd8d0a5293f9c8c71d9ce1e1451,legacy,LSTM,0,571,1998-05-31,1998-04-30,1950-10-31,1998-04-30,-3.473595749393068,-3.2134051996183786,-3.3788628951174555,ok
30d8a037387ca5d3572817d56abeb86b6c132dd8d0a5293f9c8c71d9ce1e1451,legacy,LSTM,0,571,1998-06-30,1998-05-31,1950-11-30,1998-05-31,-3.084631870788053,-3.473595749393068,-3.3405106345054323,ok
30d8a037387ca5d3572817d56abeb86b6c132dd8d0a5293f9c8c71d9ce1e1451,legacy,LSTM,0,571,1998-07-31,1998-06-30,1950-12-31,1998-06-30,-3.0497952329188918,-3.084631870788053,-3.33309843207915,ok
30d8a037387ca5d3572817d56abeb86b6c132dd8d0a5293f9c8c71d9ce1e1451,legacy,LSTM,0,571,1998-08-31,1998-07-31,1951-01-31,1998-07-31,-2.314262503723685,-3.0497952329188918,-3.2880840170783787,ok
30d8a037387ca5d3572817d56abeb86b6c132dd8d0a5293f9c8c71d9ce1e1451,legacy,LSTM,0,571,1998-09-30,1998-08-31,1951-02-28,1998-08-31,-2.3129763371118237,-2.314262503723685,-3.036383035035474,ok
30d8a037387ca5d3572817d56abeb86b6c132dd8d0a5293f9c8c71d9ce1e1451,legacy,LSTM,0,571,1998-10-31,1998-09-30,1951-03-31,1998-09-30,-2.638868495322673,-2.3129763371118237,-2.8814770418074103,ok
30d8a037387ca5d3572817d56abeb86b6c132dd8d0a5293f9c8c71d9ce1e1451,legacy,LSTM,0,571,1998-11-30,1998-10-31,1951-04-30,1998-10-31,-3.1231521925257173,-2.638868495322673,-2.835341224261284,ok
30d8a037387ca5d3572817d56abeb86b6c132dd8d0a5293f9c8c71d9ce1e1451,legacy,LSTM,0,571,1998-12-31,1998-11-30,1951-05-31,1998-11-30,-2.8614581487687634,-3.1231521925257173,-2.942636256542591,ok
30d8a037387ca5d3572817d56abeb86b6c132dd8d0a5293f9c8c71d9ce1e1451,legacy,LSTM,0,571,1999-01-31,1998-12-31,1951-06-30,1998-12-31,-2.8546598491125996,-2.8614581487687634,-3.0209777990216082,ok
30d8a037387ca5d3572817d56abeb86b6c132dd8d0a5293f9c8c71d9ce1e1451,legacy,LSTM,0,571,1999-02-28,1999-01-31,1951-07-31,1999-01-31,-2.8306547199882983,-2.8546598491125996,-3.1315240180018176,ok
30d8a037387ca5d3572817d56abeb86b6c132dd8d0a5293f9c8c71d9ce1e1451,legacy,LSTM,0,571,1999-03-31,1999-02-28,1951-08-31,1999-02-28,-2.8717218927726718,-2.8306547199882983,-3.053626171817859,ok
30d8a037387ca5d3572817d56abeb86b6c132dd8d0a5293f9c8c71d9ce1e1451,legacy,LSTM,0,571,1999-04-30,1999-03-31,1951-09-30,1999-03-31,-2.9550032409961746,-2.8717218927726718,-3.006537434700422,ok
30d8a037387ca5d3572817d56abeb86b6c132dd8d0a5293f9c8c71d9ce1e1451,legacy,LSTM,0,571,1999-05-31,1999-04-30,1951-10-31,1999-04-30,-2.8875770664081015,-2.9550032409961746,-3.0947320334443926,ok
30d8a037387ca5d3572817d56abeb86b6c132dd8d0a5293f9c8c71d9ce1e1451,legacy,LSTM,0,571,1999-06-30,1999-05-31,1951-11-30,1999-05-31,-3.0191012625883085,-2.8875770664081015,-3.023134632712993,ok
30d8a037387ca5d3572817d56abeb86b6c132dd8d0a5293f9c8c71d9ce1e1451,legacy,LSTM,0,571,1999-07-31,1999-06-30,1951-12-31,1999-06-30,-3.2101509685854186,-3.0191012625883085,-3.0723832439737406,ok
30d8a037387ca5d3572817d56abeb86b6c132dd8d0a5293f9c8c71d9ce1e1451,legacy,LSTM,0,571,1999-08-31,1999-07-31,1952-01-31,1999-07-31,-2.9534789867089692,-3.2101509685854186,-3.1401614177116666,ok
30d8a037387ca5d3572817d56abeb86b6c132dd8d0a5293f9c8c71d9ce1e1451,legacy,LSTM,0,571,1999-09-30,1999-08-31,1952-02-29,1999-08-31,-2.9564823177564232,-2.9534789867089692,-3.1666060104580147,ok
30d8a037387ca5d3572817d56abeb86b6c132dd8d0a5293f9c8c71d9ce1e1451,legacy,LSTM,0,571,1999-10-31,1999-09-30,1952-03-31,1999-09-30,-2.6655450376900633,-2.9564823177564232,-3.086537491284243,ok
30d8a037387ca5d3572817d56abeb86b6c132dd8d0a5293f9c8c71d9ce1e1451,legacy,LSTM,0,571,1999-11-30,1999-10-31,1952-04-30,1999-10-31,-3.3039253672881648,-2.6655450376900633,-3.1082937071585643,ok
30d8a037387ca5d3572817d56abeb86b6c132dd8d0a5293f9c8c71d9ce1e1451,legacy,LSTM,0,571,1999-12-31,1999-11-30,1952-05-31,1999-11-30,-3.388665152890443,-3.3039253672881648,-3.109113580747259,ok
30d8a037387ca5d3572817d56abeb86b6c132dd8d0a5293f9c8c71d9ce1e1451,legacy,LSTM,0,571,2000-01-31,1999-12-31,1952-06-30,1999-12-31,-2.6226733886036615,-3.388665152890443,-3.296603363378909,ok
30d8a037387ca5d3572817d56abeb86b6c132dd8d0a5293f9c8c71d9ce1e1451,legacy,LSTM,0,571,2000-02-29,2000-01-31,1952-07-31,2000-01-31,-2.897488125745266,-2.6226733886036615,-3.1735480961104217,ok
30d8a037387ca5d3572817d56abeb86b6c132dd8d0a5293f9c8c71d9ce1e1451,legacy,LSTM,0,571,2000-03-31,2000-02-29,1952-08-31,2000-02-29,-2.51469776513013,-2.897488125745266,-3.0593713678425756,ok
30d8a037387ca5d3572817d56abeb86b6c132dd8d0a5293f9c8c71d9ce1e1451,legacy,LSTM,0,571,2000-04-30,2000-03-31,1952-09-30,2000-03-31,-2.4094082379010313,-2.51469776513013,-2.881223635865738,ok
30d8a037387ca5d3572817d56abeb86b6c132dd8d0a5293f9c8c71d9ce1e1451,legacy,LSTM,0,571,2000-05-31,2000-04-30,1952-10-31,2000-04-30,-2.632644632266094,-2.4094082379010313,-2.791811388546436,ok
30d8a037387ca5d3572817d56abeb86b6c132dd8d0a5293f9c8c71d9ce1e1451,legacy,LSTM,0,571,2000-06-30,2000-05-31,1952-11-30,2000-05-31,-3.0278251725128413,-2.632644632266094,-2.8022865841816333,ok
30d8a037387ca5d3572817d56abeb86b6c132dd8d0a5293f9c8c71d9ce1e1451,legacy,LSTM,0,571,2000-07-31,2000-06-30,1952-12-31,2000-06-30,-3.088181553822785,-3.0278251725128413,-2.9953390308791867,ok
30d8a037387ca5d3572817d56abeb86b6c132dd8d0a5293f9c8c71d9ce1e1451,legacy,LSTM,0,571,2000-08-31,2000-07-31,1953-01-31,2000-07-31,-3.438073668437876,-3.088181553822785,-3.0675296342659366,ok
30d8a037387ca5d3572817d56abeb86b6c132dd8d0a5293f9c8c71d9ce1e1451,legacy,LSTM,0,571,2000-09-30,2000-08-31,1953-02-28,2000-08-31,-3.2193963619434802,-3.438073668437876,-3.2487569246725343,ok
30d8a037387ca5d3572817d56abeb86b6c132dd8d0a5293f9c8c71d9ce1e1451,legacy,LSTM,0,571,2000-10-31,2000-09-30,1953-03-31,2000-09-30,-2.5991038256087786,-3.2193963619434802,-3.2943565742477423,ok
30d8a037387ca5d3572817d56abeb86b6c132dd8d0a5293f9c8c71d9ce1e1451,legacy,LSTM,0,571,2000-11-30,2000-10-31,1953-04-30,2000-10-31,-2.8568188775989833,-2.5991038256087786,-3.1582049272531423,ok
30d8a037387ca5d3572817d56abeb86b6c132dd8d0a5293f9c8c71d9ce1e1451,legacy,LSTM,0,571,2000-12-31,2000-11-30,1953-05-31,2000-11-30,-2.6226966266401908,-2.8568188775989833,-2.9802777853057956,ok
30d8a037387ca5d3572817d56abeb86b6c132dd8d0a5293f9c8c71d9ce1e1451,legacy,LSTM,0,571,2001-01-31,2000-12-31,1953-06-30,2000-12-31,-2.6642256902470183,-2.6226966266401908,-2.9056730630887024,ok
30d8a037387ca5d3572817d56abeb86b6c132dd8d0a5293f9c8c71d9ce1e1451,legacy,LSTM,0,571,2001-02-28,2001-01-31,1953-07-31,2001-01-31,-2.9853721170174463,-2.6642256902470183,-2.949442255760455,ok
30d8a037387ca5d3572817d56abeb86b6c132dd8d0a5293f9c8c71d9ce1e1451,legacy,LSTM,0,571,2001-03-31,2001-02-28,1953-08-31,2001-02-28,-2.462501150398544,-2.9853721170174463,-3.0523984582982147,ok
30d8a037387ca5d3572817d56abeb86b6c132dd8d0a5293f9c8c71d9ce1e1451,legacy,LSTM,0,571,2001-04-30,2001-03-31,1953-09-30,2001-03-31,-2.459030693452129,-2.462501150398544,-2.9337060298591844,ok
30d8a037387ca5d3572817d56abeb86b6c132dd8d0a5293f9c8c71d9ce1e1451,legacy,LSTM,0,571,2001-05-31,2001-04-30,1953-10-31,2001-04-30,-2.9922247396924284,-2.459030693452129,-2.8670336370342966,ok
30d8a037387ca5d3572817d56abeb86b6c132dd8d0a5293f9c8c71d9ce1e1451,legacy,LSTM,0,571,2001-06-30,2001-05-31,1953-11-30,2001-05-31,-3.246919804266744,-2.9922247396924284,-2.966701433547836,ok
30d8a037387ca5d3572817d56abeb86b6c132dd8d0a5293f9c8c71d9ce1e1451,legacy,LSTM,0,571,2001-07-31,2001-06-30,1953-12-31,2001-06-30,-2.9201817277563444,-3.246919804266744,-3.1096996540670547,ok
30d8a037387ca5d3572817d56abeb86b6c132dd8d0a5293f9c8c71d9ce1e1451,legacy,LSTM,0,571,2001-08-31,2001-07-31,1954-01-31,2001-07-31,-3.0514884107311104,-2.9201817277563444,-3.1298498822646983,ok
30d8a037387ca5d3572817d56abeb86b6c132dd8d0a5293f9c8c71d9ce1e1451,legacy,LSTM,0,571,2001-09-30,2001-08-31,1954-02-28,2001-08-31,-2.4611074485824003,-3.0514884107311104,-3.193973852158588,ok
30d8a037387ca5d3572817d56abeb86b6c132dd8d0a5293f9c8c71d9ce1e1451,legacy,LSTM,0,571,2001-10-31,2001-09-30,1954-03-31,2001-09-30,-2.8652673663392614,-2.4611074485824003,-3.030860106530966,ok
30d8a037387ca5d3572817d56abeb86b6c132dd8d0a5293f9c8c71d9ce1e1451,legacy,LSTM,0,571,2001-11-30,2001-10-31,1954-04-30,2001-10-31,-3.0669535317160372,-2.8652673663392614,-2.960526065996979,ok
30d8a037387ca5d3572817d56abeb86b6c132dd8d0a5293f9c8c71d9ce1e1451,legacy,LSTM,0,571,2001-12-31,2001-11-30,1954-05-31,2001-11-30,-3.161773107603656,-3.0669535317160372,-3.0340725012570022,ok
30d8a037387ca5d3572817d56abeb86b6c132dd8d0a5293f9c8c71d9ce1e1451,legacy,LSTM,0,571,2002-01-31,2001-12-31,1954-06-30,2001-12-31,-3.0579996618641534,-3.161773107603656,-3.2013036478533214,ok
30d8a037387ca5d3572817d56abeb86b6c132dd8d0a5293f9c8c71d9ce1e1451,legacy,LSTM,0,571,2002-02-28,2002-01-31,1954-07-31,2002-01-31,-2.9799350071903916,-3.0579996618641534,-3.0835058461831313,ok
30d8a037387ca5d3572817d56abeb86b6c132dd8d0a5293f9c8c71d9ce1e1451,legacy,LSTM,0,571,2002-03-31,2002-02-28,1954-08-31,2002-02-28,-3.10739363963361,-2.9799350071903916,-3.1159625656647867,ok
30d8a037387ca5d3572817d56abeb86b6c132dd8d0a5293f9c8c71d9ce1e1451,legacy,LSTM,0,571,2002-04-30,2002-03-31,1954-09-30,2002-03-31,-3.0313070929650197,-3.10739363963361,-3.1117248047370323,ok
30d8a037387ca5d3572817d56abeb86b6c132dd8d0a5293f9c8c71d9ce1e1451,legacy,LSTM,0,571,2002-05-31,2002-04-30,1954-10-31,2002-04-30,-2.7538487761487103,-3.0313070929650197,-3.0459482967990246,ok
30d8a037387ca5d3572817d56abeb86b6c132dd8d0a5293f9c8c71d9ce1e1451,legacy,LSTM,0,571,2002-06-30,2002-05-31,1954-11-30,2002-05-31,-2.7963899311292977,-2.7538487761487103,-3.0802838058854634,ok
30d8a037387ca5d3572817d56abeb86b6c132dd8d0a5293f9c8c71d9ce1e1451,legacy,LSTM,0,571,2002-07-31,2002-06-30,1954-12-31,2002-06-30,-2.0936717644219573,-2.7963899311292977,-2.98164389180972,ok
30d8a037387ca5d3572817d56abeb86b6c132dd8d0a5293f9c8c71d9ce1e1451,legacy,LSTM,0,571,2002-08-31,2002-07-31,1955-01-31,2002-07-31,-2.334965250310743,-2.0936717644219573,-2.81012455472092,ok
30d8a037387ca5d3572817d56abeb86b6c132dd8d0a5293f9c8c71d9ce1e1451,legacy,LSTM,0,571,2002-09-30,2002-08-31,1955-02-28,2002-08-31,-2.4457724947083546,-2.334965250310743,-2.7190832542275585,ok
30d8a037387ca5d3572817d56abeb86b6c132dd8d0a5293f9c8c71d9ce1e1451,legacy,LSTM,0,571,2002-10-31,2002-09-30,1955-03-31,2002-09-30,-2.2381485874590115,-2.4457724947083546,-2.672947751210942,ok
30d8a037387ca5d3572817d56abeb86b6c132dd8d0a5293f9c8c71d9ce1e1451,legacy,LSTM,0,571,2002-11-30,2002-10-31,1955-04-30,2002-10-31,-2.710705924175827,-2.2381485874590115,-2.6846960574583543,ok
30d8a037387ca5d3572817d56abeb86b6c132dd8d0a5293f9c8c71d9ce1e1451,legacy,LSTM,0,571,2002-12-31,2002-11-30,1955-05-31,2002-11-30,-2.9669397498106065,-2.710705924175827,-2.7459242589993353,ok
30d8a037387ca5d3572817d56abeb86b6c132dd8d0a5293f9c8c71d9ce1e1451,legacy,LSTM,0,571,2003-01-31,2002-12-31,1955-06-30,2002-12-31,-2.6330623630544365,-2.9669397498106065,-2.860256889060837,ok
30d8a037387ca5d3572817d56abeb86b6c132dd8d0a5293f9c8c71d9ce1e1451,legacy,LSTM,0,571,2003-02-28,2003-01-31,1955-07-31,2003-01-31,-2.9840745753000455,-2.6330623630544365,-2.9019068867392033,ok
30d8a037387ca5d3572817d56abeb86b6c132dd8d0a5293f9c8c71d9ce1e1451,legacy,LSTM,0,571,2003-03-31,2003-02-28,1955-08-31,2003-02-28,-2.548760188534542,-2.9840745753000455,-3.046919144552389,ok
30d8a037387ca5d3572817d56abeb86b6c132dd8d0a5293f9c8c71d9ce1e1451,legacy,LSTM,0,571,2003-04-30,2003-03-31,1955-09-30,2003-03-31,-2.9002583606826637,-2.548760188534542,-2.925917021080245,ok
30d8a037387ca5d3572817d56abeb86b6c132dd8d0a5293f9c8c71d9ce1e1451,legacy,LSTM,0,571,2003-05-31,2003-04-30,1955-10-31,2003-04-30,-3.054018052228417,-2.9002583606826637,-2.948452326550167,ok
30d8a037387ca5d3572817d56abeb86b6c132dd8d0a5293f9c8c71d9ce1e1451,legacy,LSTM,0,571,2003-06-30,2003-05-31,1955-11-30,2003-05-31,-3.1099359128331163,-3.054018052228417,-3.0410563144910334,ok
30d8a037387ca5d3572817d56abeb86b6c132dd8d0a5293f9c8c71d9ce1e1451,legacy,LSTM,0,571,2003-07-31,2003-06-30,1955-12-31,2003-06-30,-3.0977800803014732,-3.1099359128331163,-3.066120542062349,ok
30d8a037387ca5d3572817d56abeb86b6c132dd8d0a5293f9c8c71d9ce1e1451,legacy,LSTM,0,571,2003-08-31,2003-07-31,1956-01-31,2003-07-31,-3.468517511759465,-3.0977800803014732,-3.148016058314969,ok
30d8a037387ca5d3572817d56abeb86b6c132dd8d0a5293f9c8c71d9ce1e1451,legacy,LSTM,0,571,2003-09-30,2003-08-31,1956-02-29,2003-08-31,-3.140232437438156,-3.468517511759465,-3.2431155233860283,ok
30d8a037387ca5d3572817d56abeb86b6c132dd8d0a5293f9c8c71d9ce1e1451,legacy,LSTM,0,571,2003-10-31,2003-09-30,1956-03-31,2003-09-30,-3.2870041546527653,-3.140232437438156,-3.302873823684874,ok
30d8a037387ca5d3572817d56abeb86b6c132dd8d0a5293f9c8c71d9ce1e1451,legacy,LSTM,0,571,2003-11-30,2003-10-31,1956-04-30,2003-10-31,-3.4985470857007,-3.2870041546527653,-3.217562936329273,ok
30d8a037387ca5d3572817d56abeb86b6c132dd8d0a5293f9c8c71d9ce1e1451,legacy,LSTM,0,571,2003-12-31,2003-11-30,1956-05-31,2003-11-30,-3.513401310816597,-3.4985470857007,-3.370878458669805,ok
30d8a037387ca5d3572817d56abeb86b6c132dd8d0a5293f9c8c71d9ce1e1451,legacy,LSTM,0,571,2004-01-31,2003-12-31,1956-06-30,2003-12-31,-3.4650613410497333,-3.513401310816597,-3.4165234004944134,ok
30d8a037387ca5d3572817d56abeb86b6c132dd8d0a5293f9c8c71d9ce1e1451,legacy,LSTM,0,571,2004-02-29,2004-01-31,1956-07-31,2004-01-31,-3.7030672085876466,-3.4650613410497333,-3.471969920587549,ok
30d8a037387ca5d3572817d56abeb86b6c132dd8d0a5293f9c8c71d9ce1e1451,legacy,LSTM,0,571,2004-03-31,2004-02-29,1956-08-31,2004-02-29,-3.1111763767700684,-3.7030672085876466,-3.513696453779949,ok
30d8a037387ca5d3572817d56abeb86b6c132dd8d0a5293f9c8c71d9ce1e1451,legacy,LSTM,0,571,2004-04-30,2004-03-31,1956-09-30,2004-03-31,-3.3476570468612863,-3.1111763767700684,-3.345820731375024,ok
30d8a037387ca5d3572817d56abeb86b6c132dd8d0a5293f9c8c71d9ce1e1451,legacy,LSTM,0,571,2004-05-31,2004-04-30,1956-10-31,2004-04-30,-3.465504072923295,-3.3476570468612863,-3.338121678035868,ok
30d8a037387ca5d3572817d56abeb86b6c132dd8d0a5293f9c8c71d9ce1e1451,legacy,LSTM,0,571,2004-06-30,2004-05-31,1956-11-30,2004-05-31,-3.585854204402475,-3.465504072923295,-3.3245082117957603,ok
30d8a037387ca5d3572817d56abeb86b6c132dd8d0a5293f9c8c71d9ce1e1451,legacy,LSTM,0,571,2004-07-31,2004-06-30,1956-12-31,2004-06-30,-3.5773152908117005,-3.585854204402475,-3.50941822338861,ok
30d8a037387ca5d3572817d56abeb86b6c132dd8d0a5293f9c8c71d9ce1e1451,legacy,LSTM,0,571,2004-08-31,2004-07-31,1957-01-31,2004-07-31,-3.2695206621770985,-3.5773152908117005,-3.5522994992543966,ok
30d8a037387ca5d3572817d56abeb86b6c132dd8d0a5293f9c8c71d9ce1e1451,legacy,LSTM,0,571,2004-09-30,2004-08-31,1957-02-28,2004-08-31,-3.6272968251254625,-3.2695206621770985,-3.443288603654346,ok
30d8a037387ca5d3572817d56abeb86b6c132dd8d0a5293f9c8c71d9ce1e1451,legacy,LSTM,0,571,2004-10-31,2004-09-30,1957-03-31,2004-09-30,-3.35206685176624,-3.6272968251254625,-3.526342427248129,ok
30d8a037387ca5d3572817d56abeb86b6c132dd8d0a5293f9c8c71d9ce1e1451,legacy,LSTM,0,571,2004-11-30,2004-10-31,1957-04-30,2004-10-31,-3.5343348563403656,-3.35206685176624,-3.4247053614741745,ok
30d8a037387ca5d3572817d56abeb86b6c132dd8d0a5293f9c8c71d9ce1e1451,legacy,LSTM,0,571,2004-12-31,2004-11-30,1957-05-31,2004-11-30,-3.615011393242337,-3.5343348563403656,-3.459641621924196,ok
30d8a037387ca5d3572817d56abeb86b6c132dd8d0a5293f9c8c71d9ce1e1451,legacy,LSTM,0,571,2005-01-31,2004-12-31,1957-06-30,2004-12-31,-3.550604189909233,-3.615011393242337,-3.4962958425563597,ok
30d8a037387ca5d3572817d56abeb86b6c132dd8d0a5293f9c8c71d9ce1e1451,legacy,LSTM,0,571,2005-02-28,2005-01-31,1957-07-31,2005-01-31,-3.543820432764916,-3.550604189909233,-3.479437689893884,ok
30d8a037387ca5d3572817d56abeb86b6c132dd8d0a5293f9c8c71d9ce1e1451,legacy,LSTM,0,571,2005-03-31,2005-02-28,1957-08-31,2005-02-28,-3.5291465415700136,-3.543820432764916,-3.520075321923601,ok
30d8a037387ca5d3572817d56abeb86b6c132dd8d0a5293f9c8c71d9ce1e1451,legacy,LSTM,0,571,2005-04-30,2005-03-31,1957-09-30,2005-03-31,-3.152720424000165,-3.5291465415700136,-3.4653536875072217,ok
30d8a037387ca5d3572817d56abeb86b6c132dd8d0a5293f9c8c71d9ce1e1451,legacy,LSTM,0,571,2005-05-31,2005-04-30,1957-10-31,2005-04-30,-3.531069871409308,-3.152720424000165,-3.3471432231202662,ok
30d8a037387ca5d3572817d56abeb86b6c132dd8d0a5293f9c8c71d9ce1e1451,legacy,LSTM,0,571,2005-06-30,2005-05-31,1957-11-30,2005-05-31,-3.760011284416737,-3.531069871409308,-3.38405326108701,ok
30d8a037387ca5d3572817d56abeb86b6c132dd8d0a5293f9c8c71d9ce1e1451,legacy,LSTM,0,571,2005-07-31,2005-06-30,1957-12-31,2005-06-30,-3.670772300891824,-3.760011284416737,-3.5557597432340993,ok
30d8a037387ca5d3572817d56abeb86b6c132dd8d0a5293f9c8c71d9ce1e1451,legacy,LSTM,0,571,2005-08-31,2005-07-31,1958-01-31,2005-07-31,-3.63388825571129,-3.670772300891824,-3.5986691170694214,ok
30d8a037387ca5d3572817d56abeb86b6c132dd8d0a5293f9c8c71d9ce1e1451,legacy,LSTM,0,571,2005-09-30,2005-08-31,1958-02-28,2005-08-31,-3.6631012230129896,-3.63388825571129,-3.649481778738884,ok
30d8a037387ca5d3572817d56abeb86b6c132dd8d0a5293f9c8c71d9ce1e1451,legacy,LSTM,0,571,2005-10-31,2005-09-30,1958-03-31,2005-09-30,-3.1557527692250877,-3.6631012230129896,-3.63959464844371,ok
30d8a037387ca5d3572817d56abeb86b6c132dd8d0a5293f9c8c71d9ce1e1451,legacy,LSTM,0,571,2005-11-30,2005-10-31,1958-04-30,2005-10-31,-3.7638501534181033,-3.1557527692250877,-3.41607446204086,ok
30d8a037387ca5d3572817d56abeb86b6c132dd8d0a5293f9c8c71d9ce1e1451,legacy,LSTM,0,571,2005-12-31,2005-11-30,1958-05-31,2005-11-30,-3.873253742668005,-3.7638501534181033,-3.525883633536604,ok
30d8a037387ca5d3572817d56abeb86b6c132dd8d0a5293f9c8c71d9ce1e1451,legacy,LSTM,0,571,2006-01-31,2005-12-31,1958-06-30,2005-12-31,-3.4661978775292708,-3.873253742668005,-3.647957988107415,ok
30d8a037387ca5d3572817d56abeb86b6c132dd8d0a5293f9c8c71d9ce1e1451,legacy,LSTM,0,571,2006-02-28,2006-01-31,1958-07-31,2006-01-31,-3.670294829123373,-3.4661978775292708,-3.6468261012450687,ok
30d8a037387ca5d3572817d56abeb86b6c132dd8d0a5293f9c8c71d9ce1e1451,legacy,LSTM,0,571,2006-03-31,2006-02-28,1958-08-31,2006-02-28,-3.7601645367414083,-3.670294829123373,-3.6495606208026556,ok
30d8a037387ca5d3572817d56abeb86b6c132dd8d0a5293f9c8c71d9ce1e1451,legacy,LSTM,0,571,2006-04-30,2006-03-31,1958-09-30,2006-03-31,-3.7197949446689256,-3.7601645367414083,-3.507050654925707,ok
30d8a037387ca5d3572817d56abeb86b6c132dd8d0a5293f9c8c71d9ce1e1451,legacy,LSTM,0,571,2006-05-31,2006-04-30,1958-10-31,2006-04-30,-3.2999604149500312,-3.7197949446689256,-3.553412933718838,ok
30d8a037387ca5d3572817d56abeb86b6c132dd8d0a5293f9c8c71d9ce1e1451,legacy,LSTM,0,571,2006-06-30,2006-05-31,1958-11-30,2006-05-31,-3.085582461863455,-3.2999604149500312,-3.5780556917471165,ok
30d8a037387ca5d3572817d56abeb86b6c132dd8d0a5293f9c8c71d9ce1e1451,legacy,LSTM,0,571,2006-07-31,2006-06-30,1958-12-31,2006-06-30,-3.2709844618608197,-3.085582461863455,-3.331716599099739,ok
30d8a037387ca5d3572817d56abeb86b6c132dd8d0a5293f9c8c71d9ce1e1451,legacy,LSTM,0,571,2006-08-31,2006-07-31,1959-01-31,2006-07-31,-3.8405365199338846,-3.2709844618608197,-3.236295265497056,ok
30d8a037387ca5d3572817d56abeb86b6c132dd8d0a5293f9c8c71d9ce1e1451,legacy,LSTM,0,571,2006-09-30,2006-08-31,1959-02-28,2006-08-31,-3.783882481202963,-3.8405365199338846,-3.4295799398159605,ok
30d8a037387ca5d3572817d56abeb86b6c132dd8d0a5293f9c8c71d9ce1e1451,legacy,LSTM,0,571,2006-10-31,2006-09-30,1959-03-31,2006-09-30,-3.8554878543326674,-3.783882481202963,-3.5394444685054163,ok
30d8a037387ca5d3572817d56abeb86b6c132dd8d0a5293f9c8c71d9ce1e1451,legacy,LSTM,0,571,2006-11-30,2006-10-31,1959-04-30,2006-10-31,-3.716627101662895,-3.8554878543326674,-3.6882471214403516,ok
30d8a037387ca5d3572817d56abeb86b6c132dd8d0a5293f9c8c71d9ce1e1451,legacy,LSTM,0,571,2006-12-31,2006-11-30,1959-05-31,2006-11-30,-3.9701695128147905,-3.716627101662895,-3.695162996300281,ok
30d8a037387ca5d3572817d56abeb86b6c132dd8d0a5293f9c8c71d9ce1e1451,legacy,LSTM,0,571,2007-01-31,2006-12-31,1959-06-30,2006-12-31,-3.8522491840295054,-3.9701695128147905,-3.6655204771853445,ok
30d8a037387ca5d3572817d56abeb86b6c132dd8d0a5293f9c8c71d9ce1e1451,legacy,LSTM,0,571,2007-02-28,2007-01-31,1959-07-31,2007-01-31,-3.2447480356532115,-3.8522491840295054,-3.7375919787310767,ok
30d8a037387ca5d3572817d56abeb86b6c132dd8d0a5293f9c8c71d9ce1e1451,legacy,LSTM,0,571,2007-03-31,2007-02-28,1959-08-31,2007-02-28,-3.222494860521297,-3.2447480356532115,-3.6037577851641633,ok
30d8a037387ca5d3572817d56abeb86b6c132dd8d0a5293f9c8c71d9ce1e1451,legacy,LSTM,0,571,2007-04-30,2007-03-31,1959-09-30,2007-03-31,-3.7287460922933597,-3.222494860521297,-3.4674029521062786,ok
30d8a037387ca5d3572817d56abeb86b6c132dd8d0a5293f9c8c71d9ce1e1451,legacy,LSTM,0,571,2007-05-31,2007-04-30,1959-10-31,2007-04-30,-3.6341144694358256,-3.7287460922933597,-3.3544667282248053,ok
30d8a037387ca5d3572817d56abeb86b6c132dd8d0a5293f9c8c71d9ce1e1451,legacy,LSTM,0,571,2007-06-30,2007-05-31,1959-11-30,2007-05-31,-3.258361421759635,-3.6341144694358256,-3.5279962234102857,ok
30d8a037387ca5d3572817d56abeb86b6c132dd8d0a5293f9c8c71d9ce1e1451,legacy,LSTM,0,571,2007-07-31,2007-06-30,1959-12-31,2007-06-30,-3.0061550064305833,-3.258361421759635,-3.487420239164476,ok
30d8a037387ca5d3572817d56abeb86b6c132dd8d0a5293f9c8c71d9ce1e1451,legacy,LSTM,0,571,2007-08-31,2007-07-31,1960-01-31,2007-07-31,-2.633783081660371,-3.0061550064305833,-3.2354607138645743,ok
30d8a037387ca5d3572817d56abeb86b6c132dd8d0a5293f9c8c71d9ce1e1451,legacy,LSTM,0,571,2007-09-30,2007-08-31,1960-02-29,2007-08-31,-3.1472509000198614,-2.633783081660371,-3.049997130334601,ok
30d8a037387ca5d3572817d56abeb86b6c132dd8d0a5293f9c8c71d9ce1e1451,legacy,LSTM,0,571,2007-10-31,2007-09-30,1960-03-31,2007-09-30,-3.190739924075638,-3.1472509000198614,-3.030503220380593,ok
30d8a037387ca5d3572817d56abeb86b6c132dd8d0a5293f9c8c71d9ce1e1451,legacy,LSTM,0,571,2007-11-30,2007-10-31,1960-04-30,2007-10-31,-2.587719024765528,-3.190739924075638,-3.1027372288396853,ok
30d8a037387ca5d3572817d56abeb86b6c132dd8d0a5293f9c8c71d9ce1e1451,legacy,LSTM,0,571,2007-12-31,2007-11-30,1960-05-31,2007-11-30,-3.02436059658321,-2.587719024765528,-3.023888874477324,ok
30d8a037387ca5d3572817d56abeb86b6c132dd8d0a5293f9c8c71d9ce1e1451,legacy,LSTM,0,571,2008-01-31,2007-12-31,1960-06-30,2007-12-31,-2.661249374022387,-3.02436059658321,-3.0456866082469296,ok
30d8a037387ca5d3572817d56abeb86b6c132dd8d0a5293f9c8c71d9ce1e1451,legacy,LSTM,0,571,2008-02-29,2008-01-31,1960-07-31,2008-01-31,-2.8603506881048415,-2.661249374022387,-2.8780937527144212,ok
30d8a037387ca5d3572817d56abeb86b6c132dd8d0a5293f9c8c71d9ce1e1451,legacy,LSTM,0,571,2008-03-31,2008-02-29,1960-08-31,2008-02-29,-2.538344113377069,-2.8603506881048415,-2.9469543273384957,ok
30d8a037387ca5d3572817d56abeb86b6c132dd8d0a5293f9c8c71d9ce1e1451,legacy,LSTM,0,571,2008-04-30,2008-03-31,1960-09-30,2008-03-31,-2.9300382779186895,-2.538344113377069,-2.8900955697466753,ok
30d8a037387ca5d3572817d56abeb86b6c132dd8d0a5293f9c8c71d9ce1e1451,legacy,LSTM,0,571,2008-05-31,2008-04-30,1960-10-31,2008-04-30,-3.204756024564677,-2.9300382779186895,-2.9150111297030588,ok
30d8a037387ca5d3572817d56abeb86b6c132dd8d0a5293f9c8c71d9ce1e1451,legacy,LSTM,0,571,2008-06-30,2008-05-31,1960-11-30,2008-05-31,-2.8296817644581433,-3.204756024564677,-3.048618862022967,ok
30d8a037387ca5d3572817d56abeb86b6c132dd8d0a5293f9c8c71d9ce1e1451,legacy,LSTM,0,571,2008-07-31,2008-06-30,1960-12-31,2008-06-30,-2.705460207716502,-2.8296817644581433,-3.061766614902335,ok
30d8a037387ca5d3572817d56abeb86b6c132dd8d0a5293f9c8c71d9ce1e1451,legacy,LSTM,0,571,2008-08-31,2008-07-31,1961-01-31,2008-07-31,-2.837812391125573,-2.705460207716502,-3.004491525082803,ok
30d8a037387ca5d3572817d56abeb86b6c132dd8d0a5293f9c8c71d9ce1e1451,legacy,LSTM,0,571,2008-09-30,2008-08-31,1961-02-28,2008-08-31,-1.8529192183645744,-2.837812391125573,-2.957902680199496,ok
30d8a037387ca5d3572817d56abeb86b6c132dd8d0a5293f9c8c71d9ce1e1451,legacy,LSTM,0,571,2008-10-31,2008-09-30,1961-03-31,2008-09-30,-1.42971613203937,-1.8529192183645744,-2.75594946774928,ok
30d8a037387ca5d3572817d56abeb86b6c132dd8d0a5293f9c8c71d9ce1e1451,legacy,LSTM,0,571,2008-11-30,2008-10-31,1961-04-30,2008-10-31,-1.656316012106184,-1.42971613203937,-2.3089393946196832,ok
30d8a037387ca5d3572817d56abeb86b6c132dd8d0a5293f9c8c71d9ce1e1451,legacy,LSTM,0,571,2008-12-31,2008-11-30,1961-05-31,2008-11-30,-1.94077400987452,-1.656316012106184,-2.2056796711050346,ok
30d8a037387ca5d3572817d56abeb86b6c132dd8d0a5293f9c8c71d9ce1e1451,legacy,LSTM,0,571,2009-01-31,2008-12-31,1961-06-30,2008-12-31,-2.206526753661318,-1.94077400987452,-2.2385712800554756,ok
30d8a037387ca5d3572817d56abeb86b6c132dd8d0a5293f9c8c71d9ce1e1451,legacy,LSTM,0,571,2009-02-28,2009-01-31,1961-07-31,2009-01-31,-2.2946239453922495,-2.206526753661318,-2.3253148493278943,ok
30d8a037387ca5d3572817d56abeb86b6c132dd8d0a5293f9c8c71d9ce1e1451,legacy,LSTM,0,571,2009-03-31,2009-02-28,1961-08-31,2009-02-28,-1.9582508837470343,-2.2946239453922495,-2.521001061296752,ok
30d8a037387ca5d3572817d56abeb86b6c132dd8d0a5293f9c8c71d9ce1e1451,legacy,LSTM,0,571,2009-04-30,2009-03-31,1961-09-30,2009-03-31,-2.443587835277547,-1.9582508837470343,-2.4902237197107118,ok
30d8a037387ca5d3572817d56abeb86b6c132dd8d0a5293f9c8c71d9ce1e1451,legacy,LSTM,0,571,2009-05-31,2009-04-30,1961-10-31,2009-04-30,-2.5321700284042636,-2.443587835277547,-2.484372841770726,ok
30d8a037387ca5d3572817d56abeb86b6c132dd8d0a5293f9c8c71d9ce1e1451,legacy,LSTM,0,571,2009-06-30,2009-05-31,1961-11-30,2009-05-31,-2.8287513462734335,-2.5321700284042636,-2.632435930985117,ok
30d8a037387ca5d3572817d56abeb86b6c132dd8d0a5293f9c8c71d9ce1e1451,legacy,LSTM,0,571,2009-07-31,2009-06-30,1961-12-31,2009-06-30,-2.793345786712595,-2.8287513462734335,-2.8065469912340877,ok
30d8a037387ca5d3572817d56abeb86b6c132dd8d0a5293f9c8c71d9ce1e1451,legacy,LSTM,0,571,2009-08-31,2009-07-31,1962-01-31,2009-07-31,-3.0644616714098785,-2.793345786712595,-2.9293312389083583,ok
30d8a037387ca5d3572817d56abeb86b6c132dd8d0a5293f9c8c71d9ce1e1451,legacy,LSTM,0,571,2009-09-30,2009-08-31,1962-02-28,2009-08-31,-3.130025280604083,-3.0644616714098785,-2.9881392407151415,ok
30d8a037387ca5d3572817d56abeb86b6c132dd8d0a5293f9c8c71d9ce1e1451,legacy,LSTM,0,571,2009-10-31,2009-09-30,1962-03-31,2009-09-30,-2.7700971285615434,-3.130025280604083,-3.082593500918576,ok
30d8a037387ca5d3572817d56abeb86b6c132dd8d0a5293f9c8c71d9ce1e1451,legacy,LSTM,0,571,2009-11-30,2009-10-31,1962-04-30,2009-10-31,-3.1107964455907346,-2.7700971285615434,-3.0745669175166217,ok
30d8a037387ca5d3572817d56abeb86b6c132dd8d0a5293f9c8c71d9ce1e1451,legacy,LSTM,0,571,2009-12-31,2009-11-30,1962-05-31,2009-11-30,-3.4880632358514134,-3.1107964455907346,-3.03574894354386,ok
30d8a037387ca5d3572817d56abeb86b6c132dd8d0a5293f9c8c71d9ce1e1451,legacy,LSTM,0,571,2010-01-31,2009-12-31,1962-06-30,2009-12-31,-3.1051107340740467,-3.4880632358514134,-3.188383404652658,ok
30d8a037387ca5d3572817d56abeb86b6c132dd8d0a5293f9c8c71d9ce1e1451,legacy,LSTM,0,571,2010-02-28,2010-01-31,1962-07-31,2010-01-31,-3.0178391591893847,-3.1051107340740467,-3.2908428602513853,ok
30d8a037387ca5d3572817d56abeb86b6c132dd8d0a5293f9c8c71d9ce1e1451,legacy,LSTM,0,571,2010-03-31,2010-02-28,1962-08-31,2010-02-28,-3.6861498116127507,-3.0178391591893847,-3.2757376853898013,ok
30d8a037387ca5d3572817d56abeb86b6c132dd8d0a5293f9c8c71d9ce1e1451,legacy,LSTM,0,571,2010-04-30,2010-03-31,1962-09-30,2010-03-31,-3.1571807998960457,-3.6861498116127507,-3.334181252337978,ok
30d8a037387ca5d3572817d56abeb86b6c132dd8d0a5293f9c8c71d9ce1e1451,legacy,LSTM,0,571,2010-05-31,2010-04-30,1962-10-31,2010-04-30,-2.407193011304442,-3.1571807998960457,-3.3256407277171265,ok
30d8a037387ca5d3572817d56abeb86b6c132dd8d0a5293f9c8c71d9ce1e1451,legacy,LSTM,0,571,2010-06-30,2010-05-31,1962-11-30,2010-05-31,-2.590131684949471,-2.407193011304442,-3.075132441575115,ok
30d8a037387ca5d3572817d56abeb86b6c132dd8d0a5293f9c8c71d9ce1e1451,legacy,LSTM,0,571,2010-07-31,2010-06-30,1962-12-31,2010-06-30,-2.852932567849959,-2.590131684949471,-2.8385885317629,ok
30d8a037387ca5d3572817d56abeb86b6c132dd8d0a5293f9c8c71d9ce1e1451,legacy,LSTM,0,571,2010-08-31,2010-07-31,1963-01-31,2010-07-31,-2.9530416640092794,-2.852932567849959,-2.8279774593794995,ok
30d8a037387ca5d3572817d56abeb86b6c132dd8d0a5293f9c8c71d9ce1e1451,legacy,LSTM,0,571,2010-09-30,2010-08-31,1963-02-28,2010-08-31,-3.038118590021741,-2.9530416640092794,-2.9949317151640873,ok
30d8a037387ca5d3572817d56abeb86b6c132dd8d0a5293f9c8c71d9ce1e1451,legacy,LSTM,0,571,2010-10-31,2010-09-30,1963-03-31,2010-09-30,-3.418407956833649,-3.038118590021741,-3.077860880228848,ok
30d8a037387ca5d3572817d56abeb86b6c132dd8d0a5293f9c8c71d9ce1e1451,legacy,LSTM,0,571,2010-11-30,2010-10-31,1963-04-30,2010-10-31,-3.1787815912351842,-3.418407956833649,-3.2714997147757074,ok
30d8a037387ca5d3572817d56abeb86b6c132dd8d0a5293f9c8c71d9ce1e1451,legacy,LSTM,0,571,2010-12-31,2010-11-30,1963-05-31,2010-11-30,-3.553444149972958,-3.1787815912351842,-3.2227166071893585,ok
30d8a037387ca5d3572817d56abeb86b6c132dd8d0a5293f9c8c71d9ce1e1451,legacy,LSTM,0,571,2011-01-31,2010-12-31,1963-06-30,2010-12-31,-3.5254625792369607,-3.553444149972958,-3.471608001965021,ok
30d8a037387ca5d3572817d56abeb86b6c132dd8d0a5293f9c8c71d9ce1e1451,legacy,LSTM,0,571,2011-02-28,2011-01-31,1963-07-31,2011-01-31,-3.421017028944507,-3.5254625792369607,-3.4165504500322506,ok
30d8a037387ca5d3572817d56abeb86b6c132dd8d0a5293f9c8c71d9ce1e1451,legacy,LSTM,0,571,2011-03-31,2011-02-28,1963-08-31,2011-02-28,-3.0256567272535344,-3.421017028944507,-3.5230348349238145,ok
30d8a037387ca5d3572817d56abeb86b6c132dd8d0a5293f9c8c71d9ce1e1451,legacy,LSTM,0,571,2011-04-30,2011-03-31,1963-09-30,2011-03-31,-3.6813619979803685,-3.0256567272535344,-3.2316628748777614,ok
30d8a037387ca5d3572817d56abeb86b6c132dd8d0a5293f9c8c71d9ce1e1451,legacy,LSTM,0,571,2011-05-31,2011-04-30,1963-10-31,2011-04-30,-3.4864984354795028,-3.6813619979803685,-3.3593821954028558,ok
30d8a037387ca5d3572817d56abeb86b6c132dd8d0a5293f9c8c71d9ce1e1451,legacy,LSTM,0,571,2011-06-30,2011-05-31,1963-11-30,2011-05-31,-3.0353184736868135,-3.4864984354795028,-3.3742833454557957,ok
30d8a037387ca5d3572817d56abeb86b6c132dd8d0a5293f9c8c71d9ce1e1451,legacy,LSTM,0,571,2011-07-31,2011-06-30,1963-12-31,2011-06-30,-3.1500524848844638,-3.0353184736868135,-3.3934367247939368,ok
30d8a037387ca5d3572817d56abeb86b6c132dd8d0a5293f9c8c71d9ce1e1451,legacy,LSTM,0,571,2011-08-31,2011-07-31,1964-01-31,2011-07-31,-1.9665046707257416,-3.1500524848844638,-3.193709437684076,ok
30d8a037387ca5d3572817d56abeb86b6c132dd8d0a5293f9c8c71d9ce1e1451,legacy,LSTM,0,571,2011-09-30,2011-08-31,1964-02-29,2011-08-31,-2.481306279652722,-1.9665046707257416,-2.871083938374252,ok
30d8a037387ca5d3572817d56abeb86b6c132dd8d0a5293f9c8c71d9ce1e1451,legacy,LSTM,0,571,2011-10-31,2011-09-30,1964-03-31,2011-09-30,-2.457655436729706,-2.481306279652722,-2.6262110774580627,ok
30d8a037387ca5d3572817d56abeb86b6c132dd8d0a5293f9c8c71d9ce1e1451,legacy,LSTM,0,571,2011-11-30,2011-10-31,1964-04-30,2011-10-31,-2.4359863431041875,-2.457655436729706,-2.57518998756682,ok
30d8a037387ca5d3572817d56abeb86b6c132dd8d0a5293f9c8c71d9ce1e1451,legacy,LSTM,0,571,2011-12-31,2011-11-30,1964-05-31,2011-11-30,-2.9483163558607832,-2.4359863431041875,-2.6298590955550742,ok
30d8a037387ca5d3572817d56abeb86b6c132dd8d0a5293f9c8c71d9ce1e1451,legacy,LSTM,0,571,2012-01-31,2011-12-31,1964-06-30,2011-12-31,-3.6753549263674072,-2.9483163558607832,-2.7122784082845635,ok
30d8a037387ca5d3572817d56abeb86b6c132dd8d0a5293f9c8c71d9ce1e1451,legacy,LSTM,0,571,2012-02-29,2012-01-31,1964-07-31,2012-01-31,-3.6938984477186816,-3.6753549263674072,-3.109732784508746,ok
30d8a037387ca5d3572817d56abeb86b6c132dd8d0a5293f9c8c71d9ce1e1451,legacy,LSTM,0,571,2012-03-31,2012-02-29,1964-08-31,2012-02-29,-3.3843465262657215,-3.6938984477186816,-3.521897705902973,ok
30d8a037387ca5d3572817d56abeb86b6c132dd8d0a5293f9c8c71d9ce1e1451,legacy,LSTM,0,571,2012-04-30,2012-03-31,1964-09-30,2012-03-31,-3.210146241345559,-3.3843465262657215,-3.5743698252657676,ok
30d8a037387ca5d3572817d56abeb86b6c132dd8d0a5293f9c8c71d9ce1e1451,legacy,LSTM,0,571,2012-05-31,2012-04-30,1964-10-31,2012-04-30,-3.2497545069314553,-3.210146241345559,-3.3259791614695953,ok
30d8a037387ca5d3572817d56abeb86b6c132dd8d0a5293f9c8c71d9ce1e1451,legacy,LSTM,0,571,2012-06-30,2012-05-31,1964-11-30,2012-05-31,-2.8366615287918187,-3.2497545069314553,-3.239194388831402,ok
30d8a037387ca5d3572817d56abeb86b6c132dd8d0a5293f9c8c71d9ce1e1451,legacy,LSTM,0,571,2012-07-31,2012-06-30,1964-12-31,2012-06-30,-3.2378719180591355,-2.8366615287918187,-3.043659989772573,ok
30d8a037387ca5d3572817d56abeb86b6c132dd8d0a5293f9c8c71d9ce1e1451,legacy,LSTM,0,571,2012-08-31,2012-07-31,1965-01-31,2012-07-31,-3.6166817154299276,-3.2378719180591355,-3.186906583761308,ok
30d8a037387ca5d3572817d56abeb86b6c132dd8d0a5293f9c8c71d9ce1e1451,legacy,LSTM,0,571,2012-09-30,2012-08-31,1965-02-28,2012-08-31,-3.4378098591980444,-3.6166817154299276,-3.2902312051981313,ok
30d8a037387ca5d3572817d56abeb86b6c132dd8d0a5293f9c8c71d9ce1e1451,legacy,LSTM,0,571,2012-10-31,2012-09-30,1965-03-31,2012-09-30,-3.4888694072163897,-3.4378098591980444,-3.3122990149734246,ok
30d8a037387ca5d3572817d56abeb86b6c132dd8d0a5293f9c8c71d9ce1e1451,legacy,LSTM,0,571,2012-11-30,2012-10-31,1965-04-30,2012-10-31,-3.130457558392097,-3.4888694072163897,-3.477895656550851,ok
30d8a037387ca5d3572817d56abeb86b6c132dd8d0a5293f9c8c71d9ce1e1451,legacy,LSTM,0,571,2012-12-31,2012-11-30,1965-05-31,2012-11-30,-3.438879816972799,-3.130457558392097,-3.3201138151721614,ok
30d8a037387ca5d3572817d56abeb86b6c132dd8d0a5293f9c8c71d9ce1e1451,legacy,LSTM,0,571,2013-01-31,2012-12-31,1965-06-30,2012-12-31,-3.5122743260836247,-3.438879816972799,-3.335570214652943,ok
30d8a037387ca5d3572817d56abeb86b6c132dd8d0a5293f9c8c71d9ce1e1451,legacy,LSTM,0,571,2013-02-28,2013-01-31,1965-07-31,2013-01-31,-3.3434701265797875,-3.5122743260836247,-3.3806490033600385,ok
30d8a037387ca5d3572817d56abeb86b6c132dd8d0a5293f9c8c71d9ce1e1451,legacy,LSTM,0,571,2013-03-31,2013-02-28,1965-08-31,2013-02-28,-3.8179084623195907,-3.3434701265797875,-3.338214149711728,ok
30d8a037387ca5d3572817d56abeb86b6c132dd8d0a5293f9c8c71d9ce1e1451,legacy,LSTM,0,571,2013-04-30,2013-03-31,1965-09-30,2013-03-31,-3.190861789295619,-3.8179084623195907,-3.470622895540548,ok
30d8a037387ca5d3572817d56abeb86b6c132dd8d0a5293f9c8c71d9ce1e1451,legacy,LSTM,0,571,2013-05-31,2013-04-30,1965-10-31,2013-04-30,-3.446126454815234,-3.190861789295619,-3.4148528294250706,ok
30d8a037387ca5d3572817d56abeb86b6c132dd8d0a5293f9c8c71d9ce1e1451,legacy,LSTM,0,571,2013-06-30,2013-05-31,1965-11-30,2013-05-31,-3.0453169802170232,-3.446126454815234,-3.422456685165949,ok
30d8a037387ca5d3572817d56abeb86b6c132dd8d0a5293f9c8c71d9ce1e1451,legacy,LSTM,0,571,2013-07-31,2013-06-30,1965-12-31,2013-06-30,-3.802623427578242,-3.0453169802170232,-3.2075061697851854,ok
30d8a037387ca5d3572817d56abeb86b6c132dd8d0a5293f9c8c71d9ce1e1451,legacy,LSTM,0,571,2013-08-31,2013-07-31,1966-01-31,2013-07-31,-3.4765909912871975,-3.802623427578242,-3.4335650287042316,ok
30d8a037387ca5d3572817d56abeb86b6c132dd8d0a5293f9c8c71d9ce1e1451,legacy,LSTM,0,571,2013-09-30,2013-08-31,1966-02-28,2013-08-31,-3.6937395473295953,-3.4765909912871975,-3.457387074398456,ok
30d8a037387ca5d3572817d56abeb86b6c132dd8d0a5293f9c8c71d9ce1e1451,legacy,LSTM,0,571,2013-10-31,2013-09-30,1966-03-31,2013-09-30,-3.2760200523947183,-3.6937395473295953,-3.5183361834211375,ok
30d8a037387ca5d3572817d56abeb86b6c132dd8d0a5293f9c8c71d9ce1e1451,legacy,LSTM,0,571,2013-11-30,2013-10-31,1966-04-30,2013-10-31,-3.6747290764851526,-3.2760200523947183,-3.4149220259172113,ok
30d8a037387ca5d3572817d56abeb86b6c132dd8d0a5293f9c8c71d9ce1e1451,legacy,LSTM,0,571,2013-12-31,2013-11-30,1966-05-31,2013-11-30,-3.6040416781045184,-3.6747290764851526,-3.522937959834818,ok
30d8a037387ca5d3572817d56abeb86b6c132dd8d0a5293f9c8c71d9ce1e1451,legacy,LSTM,0,571,2014-01-31,2013-12-31,1966-06-30,2013-12-31,-3.3171375685353466,-3.6040416781045184,-3.5895299379483845,ok
30d8a037387ca5d3572817d56abeb86b6c132dd8d0a5293f9c8c71d9ce1e1451,legacy,LSTM,0,571,2014-02-28,2014-01-31,1966-07-31,2014-01-31,-3.3386797926341574,-3.3171375685353466,-3.452567014505023,ok
30d8a037387ca5d3572817d56abeb86b6c132dd8d0a5293f9c8c71d9ce1e1451,legacy,LSTM,0,571,2014-03-31,2014-02-28,1966-08-31,2014-02-28,-3.5256578627092043,-3.3386797926341574,-3.3841537008437834,ok
30d8a037387ca5d3572817d56abeb86b6c132dd8d0a5293f9c8c71d9ce1e1451,legacy,LSTM,0,571,2014-04-30,2014-03-31,1966-09-30,2014-03-31,-3.2955126404999024,-3.5256578627092043,-3.3114812382481285,ok
30d8a037387ca5d3572817d56abeb86b6c132dd8d0a5293f9c8c71d9ce1e1451,legacy,LSTM,0,571,2014-05-31,2014-04-30,1966-10-31,2014-04-30,-3.7483017283266418,-3.2955126404999024,-3.439095505916973,ok
30d8a037387ca5d3572817d56abeb86b6c132dd8d0a5293f9c8c71d9ce1e1451,legacy,LSTM,0,571,2014-06-30,2014-05-31,1966-11-30,2014-05-31,-4.087403595110627,-3.7483017283266418,-3.418792626063941,ok
30d8a037387ca5d3572817d56abeb86b6c132dd8d0a5293f9c8c71d9ce1e1451,legacy,LSTM,0,571,2014-07-31,2014-06-30,1966-12-31,2014-06-30,-3.4754874909402718,-4.087403595110627,-3.6558851801842946,ok
30d8a037387ca5d3572817d56abeb86b6c132dd8d0a5293f9c8c71d9ce1e1451,legacy,LSTM,0,571,2014-08-31,2014-07-31,1967-01-31,2014-07-31,-3.758175341489735,-3.4754874909402718,-3.7939156167836776,ok
30d8a037387ca5d3572817d56abeb86b6c132dd8d0a5293f9c8c71d9ce1e1451,legacy,LSTM,0,571,2014-09-30,2014-08-31,1967-02-28,2014-08-31,-3.6148214505759886,-3.758175341489735,-3.598582306924736,ok
30d8a037387ca5d3572817d56abeb86b6c132dd8d0a5293f9c8c71d9ce1e1451,legacy,LSTM,0,571,2014-10-31,2014-09-30,1967-03-31,2014-09-30,-2.9141171757759734,-3.6148214505759886,-3.5176978982027265,ok
30d8a037387ca5d3572817d56abeb86b6c132dd8d0a5293f9c8c71d9ce1e1451,legacy,LSTM,0,571,2014-11-30,2014-10-31,1967-04-30,2014-10-31,-4.403441476450015,-2.9141171757759734,-3.377953904834338,ok
30d8a037387ca5d3572817d56abeb86b6c132dd8d0a5293f9c8c71d9ce1e1451,legacy,LSTM,0,571,2014-12-31,2014-11-30,1967-05-31,2014-11-30,-3.1118286510639352,-4.403441476450015,-3.652455969782885,ok
30d8a037387ca5d3572817d56abeb86b6c132dd8d0a5293f9c8c71d9ce1e1451,legacy,LSTM,0,571,2015-01-31,2014-12-31,1967-06-30,2014-12-31,-3.0531195840611964,-3.1118286510639352,-3.4812810425072382,ok
30d8a037387ca5d3572817d56abeb86b6c132dd8d0a5293f9c8c71d9ce1e1451,legacy,LSTM,0,571,2015-02-28,2015-01-31,1967-07-31,2015-01-31,-3.562245097331633,-3.0531195840611964,-3.5166704351376104,ok
30d8a037387ca5d3572817d56abeb86b6c132dd8d0a5293f9c8c71d9ce1e1451,legacy,LSTM,0,571,2015-03-31,2015-02-28,1967-08-31,2015-02-28,-3.1816129636323156,-3.562245097331633,-3.3262022677351633,ok
30d8a037387ca5d3572817d56abeb86b6c132dd8d0a5293f9c8c71d9ce1e1451,legacy,LSTM,0,571,2015-04-30,2015-03-31,1967-09-30,2015-03-31,-3.7301577097521137,-3.1816129636323156,-3.2490578245701753,ok
30d8a037387ca5d3572817d56abeb86b6c132dd8d0a5293f9c8c71d9ce1e1451,legacy,LSTM,0,571,2015-05-31,2015-04-30,1967-10-31,2015-04-30,-3.515261724921692,-3.7301577097521137,-3.3869437872814228,ok
30d8a037387ca5d3572817d56abeb86b6c132dd8d0a5293f9c8c71d9ce1e1451,legacy,LSTM,0,571,2015-06-30,2015-05-31,1967-11-30,2015-05-31,-3.4246395604529183,-3.515261724921692,-3.3748344011568414,ok
30d8a037387ca5d3572817d56abeb86b6c132dd8d0a5293f9c8c71d9ce1e1451,legacy,LSTM,0,571,2015-07-31,2015-06-30,1967-12-31,2015-06-30,-3.379834324533906,-3.4246395604529183,-3.4458622937892915,ok
30d8a037387ca5d3572817d56abeb86b6c132dd8d0a5293f9c8c71d9ce1e1451,legacy,LSTM,0,571,2015-08-31,2015-07-31,1968-01-31,2015-07-31,-2.567702579344776,-3.379834324533906,-3.3483652751087347,ok
30d8a037387ca5d3572817d56abeb86b6c132dd8d0a5293f9c8c71d9ce1e1451,legacy,LSTM,0,571,2015-09-30,2015-08-31,1968-02-29,2015-08-31,-2.7509836865610584,-2.567702579344776,-3.1031268260590696,ok
30d8a037387ca5d3572817d56abeb86b6c132dd8d0a5293f9c8c71d9ce1e1451,legacy,LSTM,0,571,2015-10-31,2015-09-30,1968-03-31,2015-09-30,-3.219259102962737,-2.7509836865610584,-2.959221816963301,ok
30d8a037387ca5d3572817d56abeb86b6c132dd8d0a5293f9c8c71d9ce1e1451,legacy,LSTM,0,571,2015-11-30,2015-10-31,1968-04-30,2015-10-31,-3.3994804010076436,-3.219259102962737,-2.930710660494861,ok
30d8a037387ca5d3572817d56abeb86b6c132dd8d0a5293f9c8c71d9ce1e1451,legacy,LSTM,0,571,2015-12-31,2015-11-30,1968-05-31,2015-11-30,-2.9313513610844177,-3.3994804010076436,-3.172892197239466,ok
30d8a037387ca5d3572817d56abeb86b6c132dd8d0a5293f9c8c71d9ce1e1451,legacy,LSTM,0,571,2016-01-31,2015-12-31,1968-06-30,2015-12-31,-2.721796067769684,-2.9313513610844177,-3.1871722563538603,ok
30d8a037387ca5d3572817d56abeb86b6c132dd8d0a5293f9c8c71d9ce1e1451,legacy,LSTM,0,571,2016-02-29,2016-01-31,1968-07-31,2016-01-31,-2.975885937336674,-2.721796067769684,-3.0447897797715213,ok
30d8a037387ca5d3572817d56abeb86b6c132dd8d0a5293f9c8c71d9ce1e1451,legacy,LSTM,0,571,2016-03-31,2016-02-29,1968-08-31,2016-02-29,-3.3396579653309333,-2.975885937336674,-2.9746354404307596,ok
30d8a037387ca5d3572817d56abeb86b6c132dd8d0a5293f9c8c71d9ce1e1451,legacy,LSTM,0,571,2016-04-30,2016-03-31,1968-09-30,2016-03-31,-3.5543031478531373,-3.3396579653309333,-3.162051623157133,ok
30d8a037387ca5d3572817d56abeb86b6c132dd8d0a5293f9c8c71d9ce1e1451,legacy,LSTM,0,571,2016-05-31,2016-04-30,1968-10-31,2016-04-30,-3.457732751318138,-3.5543031478531373,-3.3635450983072945,ok
30d8a037387ca5d3572817d56abeb86b6c132dd8d0a5293f9c8c71d9ce1e1451,legacy,LSTM,0,571,2016-06-30,2016-05-31,1968-11-30,2016-05-31,-2.9208097471793346,-3.457732751318138,-3.4988347247588956,ok
30d8a037387ca5d3572817d56abeb86b6c132dd8d0a5293f9c8c71d9ce1e1451,legacy,LSTM,0,571,2016-07-31,2016-06-30,1968-12-31,2016-06-30,-3.82748206452236,-2.9208097471793346,-3.28335202544767,ok
30d8a037387ca5d3572817d56abeb86b6c132dd8d0a5293f9c8c71d9ce1e1451,legacy,LSTM,0,571,2016-08-31,2016-07-31,1969-01-31,2016-07-31,-4.092448513398336,-3.82748206452236,-3.3788102638461606,ok
30d8a037387ca5d3572817d56abeb86b6c132dd8d0a5293f9c8c71d9ce1e1451,legacy,LSTM,0,571,2016-09-30,2016-08-31,1969-02-28,2016-08-31,-3.192551585892722,-4.092448513398336,-3.581024850318962,ok
30d8a037387ca5d3572817d56abeb86b6c132dd8d0a5293f9c8c71d9ce1e1451,legacy,LSTM,0,571,2016-10-31,2016-09-30,1969-03-31,2016-09-30,-3.9566514163288296,-3.192551585892722,-3.5495513500847204,ok
30d8a037387ca5d3572817d56abeb86b6c132dd8d0a5293f9c8c71d9ce1e1451,legacy,LSTM,0,571,2016-11-30,2016-10-31,1969-04-30,2016-10-31,-3.487974422258749,-3.9566514163288296,-3.643880427543283,ok
30d8a037387ca5d3572817d56abeb86b6c132dd8d0a5293f9c8c71d9ce1e1451,legacy,LSTM,0,571,2016-12-31,2016-11-30,1969-05-31,2016-11-30,-3.7787223692336043,-3.487974422258749,-3.5016709421912955,ok
30d8a037387ca5d3572817d56abeb86b6c132dd8d0a5293f9c8c71d9ce1e1451,legacy,LSTM,0,571,2017-01-31,2016-12-31,1969-06-30,2016-12-31,-4.001828361753411,-3.7787223692336043,-3.607012326844503,ok
30d8a037387ca5d3572817d56abeb86b6c132dd8d0a5293f9c8c71d9ce1e1451,legacy,LSTM,0,571,2017-02-28,2017-01-31,1969-07-31,2017-01-31,-4.204700139152802,-4.001828361753411,-3.6307764991089373,ok
30d8a037387ca5d3572817d56abeb86b6c132dd8d0a5293f9c8c71d9ce1e1451,legacy,LSTM,0,571,2017-03-31,2017-02-28,1969-08-31,2017-02-28,-3.7314192152872128,-4.204700139152802,-3.970852305304887,ok
30d8a037387ca5d3572817d56abeb86b6c132dd8d0a5293f9c8c71d9ce1e1451,legacy,LSTM,0,571,2017-04-30,2017-03-31,1969-09-30,2017-03-31,-3.926652018374449,-3.7314192152872128,-3.7466028298121437,ok
30d8a037387ca5d3572817d56abeb86b6c132dd8d0a5293f9c8c71d9ce1e1451,legacy,LSTM,0,571,2017-05-31,2017-04-30,1969-10-31,2017-04-30,-3.7920847378875453,-3.926652018374449,-3.729454051882678,ok
30d8a037387ca5d3572817d56abeb86b6c132dd8d0a5293f9c8c71d9ce1e1451,legacy,LSTM,0,571,2017-06-30,2017-05-31,1969-11-30,2017-05-31,-3.856214910874562,-3.7920847378875453,-3.7268438763246037,ok
30d8a037387ca5d3572817d56abeb86b6c132dd8d0a5293f9c8c71d9ce1e1451,legacy,LSTM,0,571,2017-07-31,2017-06-30,1969-12-31,2017-06-30,-4.129870024958818,-3.856214910874562,-3.8499035470062273,ok
30d8a037387ca5d3572817d56abeb86b6c132dd8d0a5293f9c8c71d9ce1e1451,legacy,LSTM,0,571,2017-08-31,2017-07-31,1970-01-31,2017-07-31,-3.5924378123925567,-4.129870024958818,-3.8908267718307785,ok
30d8a037387ca5d3572817d56abeb86b6c132dd8d0a5293f9c8c71d9ce1e1451,legacy,LSTM,0,571,2017-09-30,2017-08-31,1970-02-28,2017-08-31,-4.134666486968067,-3.5924378123925567,-3.6429802440864374,ok
30d8a037387ca5d3572817d56abeb86b6c132dd8d0a5293f9c8c71d9ce1e1451,legacy,LSTM,0,571,2017-10-31,2017-09-30,1970-03-31,2017-09-30,-4.216826264874244,-4.134666486968067,-3.7666918295985603,ok
30d8a037387ca5d3572817d56abeb86b6c132dd8d0a5293f9c8c71d9ce1e1451,legacy,LSTM,0,571,2017-11-30,2017-10-31,1970-04-30,2017-10-31,-3.974205538921206,-4.216826264874244,-3.889932878964127,ok
30d8a037387ca5d3572817d56abeb86b6c132dd8d0a5293f9c8c71d9ce1e1451,legacy,LSTM,0,571,2017-12-31,2017-11-30,1970-05-31,2017-11-30,-4.1605958145165705,-3.974205538921206,-3.9939547074808504,ok
30d8a037387ca5d3572817d56abeb86b6c132dd8d0a5293f9c8c71d9ce1e1451,legacy,LSTMX,0,571,1997-08-31,1997-07-31,1950-01-31,1997-07-31,-2.997998940254238,-3.1084047309706033,-3.2886507992549108,ok
30d8a037387ca5d3572817d56abeb86b6c132dd8d0a5293f9c8c71d9ce1e1451,legacy,LSTMX,0,571,1997-09-30,1997-08-31,1950-02-28,1997-08-31,-2.9805233450013167,-2.997998940254238,-3.252258267174842,ok
30d8a037387ca5d3572817d56abeb86b6c132dd8d0a5293f9c8c71d9ce1e1451,legacy,LSTMX,0,571,1997-10-31,1997-09-30,1950-03-31,1997-09-30,-2.3238652771202104,-2.9805233450013167,-3.355896789062375,ok
30d8a037387ca5d3572817d56abeb86b6c132dd8d0a5293f9c8c71d9ce1e1451,legacy,LSTMX,0,571,1997-11-30,1997-10-31,1950-04-30,1997-10-31,-2.967779424466623,-2.3238652771202104,-3.040454934068431,ok
30d8a037387ca5d3572817d56abeb86b6c132dd8d0a5293f9c8c71d9ce1e1451,legacy,LSTMX,0,571,1997-12-31,1997-11-30,1950-05-31,1997-11-30,-3.0514972683227777,-2.967779424466623,-2.9094518206185915,ok
30d8a037387ca5d3572817d56abeb86b6c132dd8d0a5293f9c8c71d9ce1e1451,legacy,LSTMX,0,571,1998-01-31,1997-12-31,1950-06-30,1997-12-31,-2.998809877493172,-3.0514972683227777,-3.0555053807953216,ok
30d8a037387ca5d3572817d56abeb86b6c132dd8d0a5293f9c8c71d9ce1e1451,legacy,LSTMX,0,571,1998-02-28,1998-01-31,1950-07-31,1998-01-31,-3.4342451514940397,-2.998809877493172,-3.1927635426051495,ok
30d8a037387ca5d3572817d56abeb86b6c132dd8d0a5293f9c8c71d9ce1e1451,legacy,LSTMX,0,571,1998-03-31,1998-02-28,1950-08-31,1998-02-28,-3.3950363195710853,-3.4342451514940397,-3.4127907739592853,ok
30d8a037387ca5d3572817d56abeb86b6c132dd8d0a5293f9c8c71d9ce1e1451,legacy,LSTMX,0,571,1998-04-30,1998-03-31,1950-09-30,1998-03-31,-3.2134051996183786,-3.3950363195710853,-3.3999240007752753,ok
30d8a037387ca5d3572817d56abeb86b6c132dd8d0a5293f9c8c71d9ce1e1451,legacy,LSTMX,0,571,1998-05-31,1998-04-30,1950-10-31,1998-04-30,-3.473595749393068,-3.2134051996183786,-3.4449627393914657,ok
30d8a037387ca5d3572817d56abeb86b6c132dd8d0a5293f9c8c71d9ce1e1451,legacy,LSTMX,0,571,1998-06-30,1998-05-31,1950-11-30,1998-05-31,-3.084631870788053,-3.473595749393068,-3.2998010800611577,ok
30d8a037387ca5d3572817d56abeb86b6c132dd8d0a5293f9c8c71d9ce1e1451,legacy,LSTMX,0,571,1998-07-31,1998-06-30,1950-12-31,1998-06-30,-3.0497952329188918,-3.084631870788053,-3.3564419735459055,ok
30d8a037387ca5d3572817d56abeb86b6c132dd8d0a5293f9c8c71d9ce1e1451,legacy,LSTMX,0,571,1998-08-31,1998-07-31,1951-01-31,1998-07-31,-2.314262503723685,-3.0497952329188918,-3.164998135604278,ok
30d8a037387ca5d3572817d56abeb86b6c132dd8d0a5293f9c8c71d9ce1e1451,legacy,LSTMX,0,571,1998-09-30,1998-08-31,1951-02-28,1998-08-31,-2.3129763371118237,-2.314262503723685,-2.6633493590057,ok
30d8a037387ca5d3572817d56abeb86b6c132dd8d0a5293f9c8c71d9ce1e1451,legacy,LSTMX,0,571,1998-10-31,1998-09-30,1951-03-31,1998-09-30,-2.638868495322673,-2.3129763371118237,-2.928454959694252,ok
30d8a037387ca5d3572817d56abeb86b6c132dd8d0a5293f9c8c71d9ce1e1451,legacy,LSTMX,0,571,1998-11-30,1998-10-31,1951-04-30,1998-10-31,-3.1231521925257173,-2.638868495322673,-3.1369649591474564,ok
30d8a037387ca5d3572817d56abeb86b6c132dd8d0a5293f9c8c71d9ce1e1451,legacy,LSTMX,0,571,1998-12-31,1998-11-30,1951-05-31,1998-11-30,-2.8614581487687634,-3.1231521925257173,-3.0027594110727227,ok
30d8a037387ca5d3572817d56abeb86b6c132dd8d0a5293f9c8c71d9ce1e1451,legacy,LSTMX,0,571,1999-01-31,1998-12-31,1951-06-30,1998-12-31,-2.8546598491125996,-2.8614581487687634,-2.937490763449758,ok
30d8a037387ca5d3572817d56abeb86b6c132dd8d0a5293f9c8c71d9ce1e1451,legacy,LSTMX,0,571,1999-02-28,1999-01-31,1951-07-31,1999-01-31,-2.8306547199882983,-2.8546598491125996,-3.0211499515066,ok
30d8a037387ca5d3572817d56abeb86b6c132dd8d0a5293f9c8c71d9ce1e1451,legacy,LSTMX,0,571,1999-03-31,1999-02-28,1951-08-31,1999-02-28,-2.8717218927726718,-2.8306547199882983,-2.8214500284640858,ok
30d8a037387ca5d3572817d56abeb86b6c132dd8d0a5293f9c8c71d9ce1e1451,legacy,LSTMX,0,571,1999-04-30,1999-03-31,1951-09-30,1999-03-31,-2.9550032409961746,-2.8717218927726718,-3.0307741351316397,ok
30d8a037387ca5d3572817d56abeb86b6c132dd8d0a5293f9c8c71d9ce1e1451,legacy,LSTMX,0,571,1999-05-31,1999-04-30,1951-10-31,1999-04-30,-2.8875770664081015,-2.9550032409961746,-3.2008282889209507,ok
30d8a037387ca5d3572817d56abeb86b6c132dd8d0a5293f9c8c71d9ce1e1451,legacy,LSTMX,0,571,1999-06-30,1999-05-31,1951-11-30,1999-05-31,-3.0191012625883085,-2.8875770664081015,-3.210096005768297,ok
30d8a037387ca5d3572817d56abeb86b6c132dd8d0a5293f9c8c71d9ce1e1451,legacy,LSTMX,0,571,1999-07-31,1999-06-30,1951-12-31,1999-06-30,-3.2101509685854186,-3.0191012625883085,-3.22529512011012,ok
30d8a037387ca5d3572817d56abeb86b6c132dd8d0a5293f9c8c71d9ce1e1451,legacy,LSTMX,0,571,1999-08-31,1999-07-31,1952-01-31,1999-07-31,-2.9534789867089692,-3.2101509685854186,-3.221144798386071,ok
30d8a037387ca5d3572817d56abeb86b6c132dd8d0a5293f9c8c71d9ce1e1451,legacy,LSTMX,0,571,1999-09-30,1999-08-31,1952-02-29,1999-08-31,-2.9564823177564232,-2.9534789867089692,-3.0917576327140517,ok
30d8a037387ca5d3572817d56abeb86b6c132dd8d0a5293f9c8c71d9ce1e1451,legacy,LSTMX,0,571,1999-10-31,1999-09-30,1952-03-31,1999-09-30,-2.6655450376900633,-2.9564823177564232,-3.1509868943775325,ok
30d8a037387ca5d3572817d56abeb86b6c132dd8d0a5293f9c8c71d9ce1e1451,legacy,LSTMX,0,571,1999-11-30,1999-10-31,1952-04-30,1999-10-31,-3.3039253672881648,-2.6655450376900633,-3.1004575189531662,ok
30d8a037387ca5d3572817d56abeb86b6c132dd8d0a5293f9c8c71d9ce1e1451,legacy,LSTMX,0,571,1999-12-31,1999-11-30,1952-05-31,1999-11-30,-3.388665152890443,-3.3039253672881648,-3.210861989967658,ok
30d8a037387ca5d3572817d56abeb86b6c132dd8d0a5293f9c8c71d9ce1e1451,legacy,LSTMX,0,571,2000-01-31,1999-12-31,1952-06-30,1999-12-31,-2.6226733886036615,-3.388665152890443,-3.035320554351608,ok
30d8a037387ca5d3572817d56abeb86b6c132dd8d0a5293f9c8c71d9ce1e1451,legacy,LSTMX,0,571,2000-02-29,2000-01-31,1952-07-31,2000-01-31,-2.897488125745266,-2.6226733886036615,-3.1369859277814385,ok
30d8a037387ca5d3572817d56abeb86b6c132dd8d0a5293f9c8c71d9ce1e1451,legacy,LSTMX,0,571,2000-03-31,2000-02-29,1952-08-31,2000-02-29,-2.51469776513013,-2.897488125745266,-3.035919418538133,ok
30d8a037387ca5d3572817d56abeb86b6c132dd8d0a5293f9c8c71d9ce1e1451,legacy,LSTMX,0,571,2000-04-30,2000-03-31,1952-09-30,2000-03-31,-2.4094082379010313,-2.51469776513013,-2.9413012884601293,ok
30d8a037387ca5d3572817d56abeb86b6c132dd8d0a5293f9c8c71d9ce1e1451,legacy,LSTMX,0,571,2000-05-31,2000-04-30,1952-10-31,2000-04-30,-2.632644632266094,-2.4094082379010313,-2.642901795578193,ok
30d8a037387ca5d3572817d56abeb86b6c132dd8d0a5293f9c8c71d9ce1e1451,legacy,LSTMX,0,571,2000-06-30,2000-05-31,1952-11-30,2000-05-31,-3.0278251725128413,-2.632644632266094,-2.3557152797181087,ok
30d8a037387ca5d3572817d56abeb86b6c132dd8d0a5293f9c8c71d9ce1e1451,legacy,LSTMX,0,571,2000-07-31,2000-06-30,1952-12-31,2000-06-30,-3.088181553822785,-3.0278251725128413,-3.231944483632139,ok
30d8a037387ca5d3572817d56abeb86b6c132dd8d0a5293f9c8c71d9ce1e1451,legacy,LSTMX,0,571,2000-08-31,2000-07-31,1953-01-31,2000-07-31,-3.438073668437876,-3.088181553822785,-3.33063419821359,ok
30d8a037387ca5d3572817d56abeb86b6c132dd8d0a5293f9c8c71d9ce1e1451,legacy,LSTMX,0,571,2000-09-30,2000-08-31,1953-02-28,2000-08-31,-3.2193963619434802,-3.438073668437876,-3.490907113309336,ok
30d8a037387ca5d3572817d56abeb86b6c132dd8d0a5293f9c8c71d9ce1e1451,legacy,LSTMX,0,571,2000-10-31,2000-09-30,1953-03-31,2000-09-30,-2.5991038256087786,-3.2193963619434802,-3.1983619581919926,ok
30d8a037387ca5d3572817d56abeb86b6c132dd8d0a5293f9c8c71d9ce1e1451,legacy,LSTMX,0,571,2000-11-30,2000-10-31,1953-04-30,2000-10-31,-2.8568188775989833,-2.5991038256087786,-2.986750697772856,ok
30d8a037387ca5d3572817d56abeb86b6c132dd8d0a5293f9c8c71d9ce1e1451,legacy,LSTMX,0,571,2000-12-31,2000-11-30,1953-05-31,2000-11-30,-2.6226966266401908,-2.8568188775989833,-2.628254156310095,ok
30d8a037387ca5d3572817d56abeb86b6c132dd8d0a5293f9c8c71d9ce1e1451,legacy,LSTMX,0,571,2001-01-31,2000-12-31,1953-06-30,2000-12-31,-2.6642256902470183,-2.6226966266401908,-2.899684735752965,ok
30d8a037387ca5d3572817d56abeb86b6c132dd8d0a5293f9c8c71d9ce1e1451,legacy,LSTMX,0,571,2001-02-28,2001-01-31,1953-07-31,2001-01-31,-2.9853721170174463,-2.6642256902470183,-3.355354749873941,ok
30d8a037387ca5d3572817d56abeb86b6c132dd8d0a5293f9c8c71d9ce1e1451,legacy,LSTMX,0,571,2001-03-31,2001-02-28,1953-08-31,2001-02-28,-2.462501150398544,-2.9853721170174463,-3.0114668460200713,ok
30d8a037387ca5d3572817d56abeb86b6c132dd8d0a5293f9c8c71d9ce1e1451,legacy,LSTMX,0,571,2001-04-30,2001-03-31,1953-09-30,2001-03-31,-2.459030693452129,-2.462501150398544,-2.554961126991744,ok
30d8a037387ca5d3572817d56abeb86b6c132dd8d0a5293f9c8c71d9ce1e1451,legacy,LSTMX,0,571,2001-05-31,2001-04-30,1953-10-31,2001-04-30,-2.9922247396924284,-2.459030693452129,-2.84675979873933,ok
30d8a037387ca5d3572817d56abeb86b6c132dd8d0a5293f9c8c71d9ce1e1451,legacy,LSTMX,0,571,2001-06-30,2001-05-31,1953-11-30,2001-05-31,-3.246919804266744,-2.9922247396924284,-3.1009871866475507,ok
30d8a037387ca5d3572817d56abeb86b6c132dd8d0a5293f9c8c71d9ce1e1451,legacy,LSTMX,0,571,2001-07-31,2001-06-30,1953-12-31,2001-06-30,-2.9201817277563444,-3.246919804266744,-3.094539122011758,ok
30d8a037387ca5d3572817d56abeb86b6c132dd8d0a5293f9c8c71d9ce1e1451,legacy,LSTMX,0,571,2001-08-31,2001-07-31,1954-01-31,2001-07-31,-3.0514884107311104,-2.9201817277563444,-3.117892938109166,ok
30d8a037387ca5d3572817d56abeb86b6c132dd8d0a5293f9c8c71d9ce1e1451,legacy,LSTMX,0,571,2001-09-30,2001-08-31,1954-02-28,2001-08-31,-2.4611074485824003,-3.0514884107311104,-3.0947731319669973,ok
30d8a037387ca5d3572817d56abeb86b6c132dd8d0a5293f9c8c71d9ce1e1451,legacy,LSTMX,0,571,2001-10-31,2001-09-30,1954-03-31,2001-09-30,-2.8652673663392614,-2.4611074485824003,-2.7350843139760217,ok
30d8a037387ca5d3572817d56abeb86b6c132dd8d0a5293f9c8c71d9ce1e1451,legacy,LSTMX,0,571,2001-11-30,2001-10-31,1954-04-30,2001-10-31,-3.0669535317160372,-2.8652673663392614,-3.1721968773366243,ok
30d8a037387ca5d3572817d56abeb86b6c132dd8d0a5293f9c8c71d9ce1e1451,legacy,LSTMX,0,571,2001-12-31,2001-11-30,1954-05-31,2001-11-30,-3.161773107603656,-3.0669535317160372,-3.2093402961995876,ok
30d8a037387ca5d3572817d56abeb86b6c132dd8d0a5293f9c8c71d9ce1e1451,legacy,LSTMX,0,571,2002-01-31,2001-12-31,1954-06-30,2001-12-31,-3.0579996618641534,-3.161773107603656,-3.140443236152384,ok
30d8a037387ca5d3572817d56abeb86b6c132dd8d0a5293f9c8c71d9ce1e1451,legacy,LSTMX,0,571,2002-02-28,2002-01-31,1954-07-31,2002-01-31,-2.9799350071903916,-3.0579996618641534,-3.1984609301443876,ok
30d8a037387ca5d3572817d56abeb86b6c132dd8d0a5293f9c8c71d9ce1e1451,legacy,LSTMX,0,571,2002-03-31,2002-02-28,1954-08-31,2002-02-28,-3.10739363963361,-2.9799350071903916,-3.147148166554455,ok
30d8a037387ca5d3572817d56abeb86b6c132dd8d0a5293f9c8c71d9ce1e1451,legacy,LSTMX,0,571,2002-04-30,2002-03-31,1954-09-30,2002-03-31,-3.0313070929650197,-3.10739363963361,-3.293156958697634,ok
30d8a037387ca5d3572817d56abeb86b6c132dd8d0a5293f9c8c71d9ce1e1451,legacy,LSTMX,0,571,2002-05-31,2002-04-30,1954-10-31,2002-04-30,-2.7538487761487103,-3.0313070929650197,-3.2371711253384827,ok
30d8a037387ca5d3572817d56abeb86b6c132dd8d0a5293f9c8c71d9ce1e1451,legacy,LSTMX,0,571,2002-06-30,2002-05-31,1954-11-30,2002-05-31,-2.7963899311292977,-2.7538487761487103,-3.0048988407979023,ok
30d8a037387ca5d3572817d56abeb86b6c132dd8d0a5293f9c8c71d9ce1e1451,legacy,LSTMX,0,571,2002-07-31,2002-06-30,1954-12-31,2002-06-30,-2.0936717644219573,-2.7963899311292977,-2.832408026896718,ok
30d8a037387ca5d3572817d56abeb86b6c132dd8d0a5293f9c8c71d9ce1e1451,legacy,LSTMX,0,571,2002-08-31,2002-07-31,1955-01-31,2002-07-31,-2.334965250310743,-2.0936717644219573,-2.640881258007691,ok
30d8a037387ca5d3572817d56abeb86b6c132dd8d0a5293f9c8c71d9ce1e1451,legacy,LSTMX,0,571,2002-09-30,2002-08-31,1955-02-28,2002-08-31,-2.4457724947083546,-2.334965250310743,-2.7532383282185826,ok
30d8a037387ca5d3572817d56abeb86b6c132dd8d0a5293f9c8c71d9ce1e1451,legacy,LSTMX,0,571,2002-10-31,2002-09-30,1955-03-31,2002-09-30,-2.2381485874590115,-2.4457724947083546,-2.502947277124625,ok
30d8a037387ca5d3572817d56abeb86b6c132dd8d0a5293f9c8c71d9ce1e1451,legacy,LSTMX,0,571,2002-11-30,2002-10-31,1955-04-30,2002-10-31,-2.710705924175827,-2.2381485874590115,-2.8156804039807795,ok
30d8a037387ca5d3572817d56abeb86b6c132dd8d0a5293f9c8c71d9ce1e1451,legacy,LSTMX,0,571,2002-12-31,2002-11-30,1955-05-31,2002-11-30,-2.9669397498106065,-2.710705924175827,-2.9322143212377076,ok
30d8a037387ca5d3572817d56abeb86b6c132dd8d0a5293f9c8c71d9ce1e1451,legacy,LSTMX,0,571,2003-01-31,2002-12-31,1955-06-30,2002-12-31,-2.6330623630544365,-2.9669397498106065,-2.772472751327064,ok
30d8a037387ca5d3572817d56abeb86b6c132dd8d0a5293f9c8c71d9ce1e1451,legacy,LSTMX,0,571,2003-02-28,2003-01-31,1955-07-31,2003-01-31,-2.9840745753000455,-2.6330623630544365,-2.8280143641753077,ok
30d8a037387ca5d3572817d56abeb86b6c132dd8d0a5293f9c8c71d9ce1e1451,legacy,LSTMX,0,571,2003-03-31,2003-02-28,1955-08-31,2003-02-28,-2.548760188534542,-2.9840745753000455,-2.847988351004333,ok
30d8a037387ca5d3572817d56abeb86b6c132dd8d0a5293f9c8c71d9ce1e1451,legacy,LSTMX,0,571,2003-04-30,2003-03-31,1955-09-30,2003-03-31,-2.9002583606826637,-2.548760188534542,-2.9533390666996624,ok
30d8a037387ca5d3572817d56abeb86b6c132dd8d0a5293f9c8c71d9ce1e1451,legacy,LSTMX,0,571,2003-05-31,2003-04-30,1955-10-31,2003-04-30,-3.054018052228417,-2.9002583606826637,-3.1487853974957667,ok
30d8a037387ca5d3572817d56abeb86b6c132dd8d0a5293f9c8c71d9ce1e1451,legacy,LSTMX,0,571,2003-06-30,2003-05-31,1955-11-30,2003-05-31,-3.1099359128331163,-3.054018052228417,-3.1712377720182894,ok
30d8a037387ca5d3572817d56abeb86b6c132dd8d0a5293f9c8c71d9ce1e1451,legacy,LSTMX,0,571,2003-07-31,2003-06-30,1955-12-31,2003-06-30,-3.0977800803014732,-3.1099359128331163,-3.0783146414682174,ok
30d8a037387ca5d3572817d56abeb86b6c132dd8d0a5293f9c8c71d9ce1e1451,legacy,LSTMX,0,571,2003-08-31,2003-07-31,1956-01-31,2003-07-31,-3.468517511759465,-3.0977800803014732,-3.1418525380423117,ok
30d8a037387ca5d3572817d56abeb86b6c132dd8d0a5293f9c8c71d9ce1e1451,legacy,LSTMX,0,571,2003-09-30,2003-08-31,1956-02-29,2003-08-31,-3.140232437438156,-3.468517511759465,-3.2476990570881448,ok
30d8a037387ca5d3572817d56abeb86b6c132dd8d0a5293f9c8c71d9ce1e1451,legacy,LSTMX,0,571,2003-10-31,2003-09-30,1956-03-31,2003-09-30,-3.2870041546527653,-3.140232437438156,-3.1810936590488295,ok
30d8a037387ca5d3572817d56abeb86b6c132dd8d0a5293f9c8c71d9ce1e1451,legacy,LSTMX,0,571,2003-11-30,2003-10-31,1956-04-30,2003-10-31,-3.4985470857007,-3.2870041546527653,-3.474707166067554,ok
30d8a037387ca5d3572817d56abeb86b6c132dd8d0a5293f9c8c71d9ce1e1451,legacy,LSTMX,0,571,2003-12-31,2003-11-30,1956-05-31,2003-11-30,-3.513401310816597,-3.4985470857007,-3.310524020106852,ok
30d8a037387ca5d3572817d56abeb86b6c132dd8d0a5293f9c8c71d9ce1e1451,legacy,LSTMX,0,571,2004-01-31,2003-12-31,1956-06-30,2003-12-31,-3.4650613410497333,-3.513401310816597,-3.4573904293798927,ok
30d8a037387ca5d3572817d56abeb86b6c132dd8d0a5293f9c8c71d9ce1e1451,legacy,LSTMX,0,571,2004-02-29,2004-01-31,1956-07-31,2004-01-31,-3.7030672085876466,-3.4650613410497333,-3.6351383943498643,ok
30d8a037387ca5d3572817d56abeb86b6c132dd8d0a5293f9c8c71d9ce1e1451,legacy,LSTMX,0,571,2004-03-31,2004-02-29,1956-08-31,2004-02-29,-3.1111763767700684,-3.7030672085876466,-3.5623755569417472,ok
30d8a037387ca5d3572817d56abeb86b6c132dd8d0a5293f9c8c71d9ce1e1451,legacy,LSTMX,0,571,2004-04-30,2004-03-31,1956-09-30,2004-03-31,-3.3476570468612863,-3.1111763767700684,-3.3491497117059996,ok
30d8a037387ca5d3572817d56abeb86b6c132dd8d0a5293f9c8c71d9ce1e1451,legacy,LSTMX,0,571,2004-05-31,2004-04-30,1956-10-31,2004-04-30,-3.465504072923295,-3.3476570468612863,-3.2717108689199055,ok
30d8a037387ca5d3572817d56abeb86b6c132dd8d0a5293f9c8c71d9ce1e1451,legacy,LSTMX,0,571,2004-06-30,2004-05-31,1956-11-30,2004-05-31,-3.585854204402475,-3.465504072923295,-3.4065435888370397,ok
30d8a037387ca5d3572817d56abeb86b6c132dd8d0a5293f9c8c71d9ce1e1451,legacy,LSTMX,0,571,2004-07-31,2004-06-30,1956-12-31,2004-06-30,-3.5773152908117005,-3.585854204402475,-3.5810204469058258,ok
30d8a037387ca5d3572817d56abeb86b6c132dd8d0a5293f9c8c71d9ce1e1451,legacy,LSTMX,0,571,2004-08-31,2004-07-31,1957-01-31,2004-07-31,-3.2695206621770985,-3.5773152908117005,-3.381114716720778,ok
30d8a037387ca5d3572817d56abeb86b6c132dd8d0a5293f9c8c71d9ce1e1451,legacy,LSTMX,0,571,2004-09-30,2004-08-31,1957-02-28,2004-08-31,-3.6272968251254625,-3.2695206621770985,-3.3441023518202027,ok
30d8a037387ca5d3572817d56abeb86b6c132dd8d0a5293f9c8c71d9ce1e1451,legacy,LSTMX,0,571,2004-10-31,2004-09-30,1957-03-31,2004-09-30,-3.35206685176624,-3.6272968251254625,-3.5687827327412744,ok
30d8a037387ca5d3572817d56abeb86b6c132dd8d0a5293f9c8c71d9ce1e1451,legacy,LSTMX,0,571,2004-11-30,2004-10-31,1957-04-30,2004-10-31,-3.5343348563403656,-3.35206685176624,-3.4982964599245787,ok
30d8a037387ca5d3572817d56abeb86b6c132dd8d0a5293f9c8c71d9ce1e1451,legacy,LSTMX,0,571,2004-12-31,2004-11-30,1957-05-31,2004-11-30,-3.615011393242337,-3.5343348563403656,-3.6802417163587187,ok
30d8a037387ca5d3572817d56abeb86b6c132dd8d0a5293f9c8c71d9ce1e1451,legacy,LSTMX,0,571,2005-01-31,2004-12-31,1957-06-30,2004-12-31,-3.550604189909233,-3.615011393242337,-3.5931908517552946,ok
30d8a037387ca5d3572817d56abeb86b6c132dd8d0a5293f9c8c71d9ce1e1451,legacy,LSTMX,0,571,2005-02-28,2005-01-31,1957-07-31,2005-01-31,-3.543820432764916,-3.550604189909233,-3.3827074941580477,ok
30d8a037387ca5d3572817d56abeb86b6c132dd8d0a5293f9c8c71d9ce1e1451,legacy,LSTMX,0,571,2005-03-31,2005-02-28,1957-08-31,2005-02-28,-3.5291465415700136,-3.543820432764916,-3.5536649766993014,ok
30d8a037387ca5d3572817d56abeb86b6c132dd8d0a5293f9c8c71d9ce1e1451,legacy,LSTMX,0,571,2005-04-30,2005-03-31,1957-09-30,2005-03-31,-3.152720424000165,-3.5291465415700136,-3.4408679845474683,ok
30d8a037387ca5d3572817d56abeb86b6c132dd8d0a5293f9c8c71d9ce1e1451,legacy,LSTMX,0,571,2005-05-31,2005-04-30,1957-10-31,2005-04-30,-3.531069871409308,-3.152720424000165,-3.317257258164799,ok
30d8a037387ca5d3572817d56abeb86b6c132dd8d0a5293f9c8c71d9ce1e1451,legacy,LSTMX,0,571,2005-06-30,2005-05-31,1957-11-30,2005-05-31,-3.760011284416737,-3.531069871409308,-3.5399045203349804,ok
30d8a037387ca5d3572817d56abeb86b6c132dd8d0a5293f9c8c71d9ce1e1451,legacy,LSTMX,0,571,2005-07-31,2005-06-30,1957-12-31,2005-06-30,-3.670772300891824,-3.760011284416737,-3.673831395264094,ok
30d8a037387ca5d3572817d56abeb86b6c132dd8d0a5293f9c8c71d9ce1e1451,legacy,LSTMX,0,571,2005-08-31,2005-07-31,1958-01-31,2005-07-31,-3.63388825571129,-3.670772300891824,-3.7435768462422074,ok
30d8a037387ca5d3572817d56abeb86b6c132dd8d0a5293f9c8c71d9ce1e1451,legacy,LSTMX,0,571,2005-09-30,2005-08-31,1958-02-28,2005-08-31,-3.6631012230129896,-3.63388825571129,-3.4375088093835586,ok
30d8a037387ca5d3572817d56abeb86b6c132dd8d0a5293f9c8c71d9ce1e1451,legacy,LSTMX,0,571,2005-10-31,2005-09-30,1958-03-31,2005-09-30,-3.1557527692250877,-3.6631012230129896,-3.477098429086857,ok
30d8a037387ca5d3572817d56abeb86b6c132dd8d0a5293f9c8c71d9ce1e1451,legacy,LSTMX,0,571,2005-11-30,2005-10-31,1958-04-30,2005-10-31,-3.7638501534181033,-3.1557527692250877,-3.422551882764227,ok
30d8a037387ca5d3572817d56abeb86b6c132dd8d0a5293f9c8c71d9ce1e1451,legacy,LSTMX,0,571,2005-12-31,2005-11-30,1958-05-31,2005-11-30,-3.873253742668005,-3.7638501534181033,-3.628423608689822,ok
30d8a037387ca5d3572817d56abeb86b6c132dd8d0a5293f9c8c71d9ce1e1451,legacy,LSTMX,0,571,2006-01-31,2005-12-31,1958-06-30,2005-12-31,-3.4661978775292708,-3.873253742668005,-3.582412554515888,ok
30d8a037387ca5d3572817d56abeb86b6c132dd8d0a5293f9c8c71d9ce1e1451,legacy,LSTMX,0,571,2006-02-28,2006-01-31,1958-07-31,2006-01-31,-3.670294829123373,-3.4661978775292708,-3.62378786308909,ok
30d8a037387ca5d3572817d56abeb86b6c132dd8d0a5293f9c8c71d9ce1e1451,legacy,LSTMX,0,571,2006-03-31,2006-02-28,1958-08-31,2006-02-28,-3.7601645367414083,-3.670294829123373,-3.568423120668484,ok
30d8a037387ca5d3572817d56abeb86b6c132dd8d0a5293f9c8c71d9ce1e1451,legacy,LSTMX,0,571,2006-04-30,2006-03-31,1958-09-30,2006-03-31,-3.7197949446689256,-3.7601645367414083,-3.6233376665174974,ok
30d8a037387ca5d3572817d56abeb86b6c132dd8d0a5293f9c8c71d9ce1e1451,legacy,LSTMX,0,571,2006-05-31,2006-04-30,1958-10-31,2006-04-30,-3.2999604149500312,-3.7197949446689256,-3.706788216666219,ok
30d8a037387ca5d3572817d56abeb86b6c132dd8d0a5293f9c8c71d9ce1e1451,legacy,LSTMX,0,571,2006-06-30,2006-05-31,1958-11-30,2006-05-31,-3.085582461863455,-3.2999604149500312,-3.4398528929764014,ok
30d8a037387ca5d3572817d56abeb86b6c132dd8d0a5293f9c8c71d9ce1e1451,legacy,LSTMX,0,571,2006-07-31,2006-06-30,1958-12-31,2006-06-30,-3.2709844618608197,-3.085582461863455,-3.2945884873395825,ok
30d8a037387ca5d3572817d56abeb86b6c132dd8d0a5293f9c8c71d9ce1e1451,legacy,LSTMX,0,571,2006-08-31,2006-07-31,1959-01-31,2006-07-31,-3.8405365199338846,-3.2709844618608197,-3.2688251655113083,ok
30d8a037387ca5d3572817d56abeb86b6c132dd8d0a5293f9c8c71d9ce1e1451,legacy,LSTMX,0,571,2006-09-30,2006-08-31,1959-02-28,2006-08-31,-3.783882481202963,-3.8405365199338846,-3.4658078681192706,ok
30d8a037387ca5d3572817d56abeb86b6c132dd8d0a5293f9c8c71d9ce1e1451,legacy,LSTMX,0,571,2006-10-31,2006-09-30,1959-03-31,2006-09-30,-3.8554878543326674,-3.783882481202963,-3.6755566944681295,ok
30d8a037387ca5d3572817d56abeb86b6c132dd8d0a5293f9c8c71d9ce1e1451,legacy,LSTMX,0,571,2006-11-30,2006-10-31,1959-04-30,2006-10-31,-3.716627101662895,-3.8554878543326674,-3.79337819069472,ok
30d8a037387ca5d3572817d56abeb86b6c132dd8d0a5293f9c8c71d9ce1e1451,legacy,LSTMX,0,571,2006-12-31,2006-11-30,1959-05-31,2006-11-30,-3.9701695128147905,-3.716627101662895,-3.7003235868095814,ok
30d8a037387ca5d3572817d56abeb86b6c132dd8d0a5293f9c8c71d9ce1e1451,legacy,LSTMX,0,571,2007-01-31,2006-12-31,1959-06-30,2006-12-31,-3.8522491840295054,-3.9701695128147905,-3.7400518091835,ok
30d8a037387ca5d3572817d56abeb86b6c132dd8d0a5293f9c8c71d9ce1e1451,legacy,LSTMX,0,571,2007-02-28,2007-01-31,1959-07-31,2007-01-31,-3.2447480356532115,-3.8522491840295054,-3.82544552264333,ok
30d8a037387ca5d3572817d56abeb86b6c132dd8d0a5293f9c8c71d9ce1e1451,legacy,LSTMX,0,571,2007-03-31,2007-02-28,1959-08-31,2007-02-28,-3.222494860521297,-3.2447480356532115,-3.5867182538177436,ok
30d8a037387ca5d3572817d56abeb86b6c132dd8d0a5293f9c8c71d9ce1e1451,legacy,LSTMX,0,571,2007-04-30,2007-03-31,1959-09-30,2007-03-31,-3.7287460922933597,-3.222494860521297,-3.4153332208295977,ok
30d8a037387ca5d3572817d56abeb86b6c132dd8d0a5293f9c8c71d9ce1e1451,legacy,LSTMX,0,571,2007-05-31,2007-04-30,1959-10-31,2007-04-30,-3.6341144694358256,-3.7287460922933597,-3.3755188173700126,ok
30d8a037387ca5d3572817d56abeb86b6c132dd8d0a5293f9c8c71d9ce1e1451,legacy,LSTMX,0,571,2007-06-30,2007-05-31,1959-11-30,2007-05-31,-3.258361421759635,-3.6341144694358256,-3.5455195011426697,ok
30d8a037387ca5d3572817d56abeb86b6c132dd8d0a5293f9c8c71d9ce1e1451,legacy,LSTMX,0,571,2007-07-31,2007-06-30,1959-12-31,2007-06-30,-3.0061550064305833,-3.258361421759635,-3.407550502640854,ok
30d8a037387ca5d3572817d56abeb86b6c132dd8d0a5293f9c8c71d9ce1e1451,legacy,LSTMX,0,571,2007-08-31,2007-07-31,1960-01-31,2007-07-31,-2.633783081660371,-3.0061550064305833,-3.147918134794273,ok
30d8a037387ca5d3572817d56abeb86b6c132dd8d0a5293f9c8c71d9ce1e1451,legacy,LSTMX,0,571,2007-09-30,2007-08-31,1960-02-29,2007-08-31,-3.1472509000198614,-2.633783081660371,-3.0691521871634606,ok
30d8a037387ca5d3572817d56abeb86b6c132dd8d0a5293f9c8c71d9ce1e1451,legacy,LSTMX,0,571,2007-10-31,2007-09-30,1960-03-31,2007-09-30,-3.190739924075638,-3.1472509000198614,-3.0878864035083025,ok
30d8a037387ca5d3572817d56abeb86b6c132dd8d0a5293f9c8c71d9ce1e1451,legacy,LSTMX,0,571,2007-11-30,2007-10-31,1960-04-30,2007-10-31,-2.587719024765528,-3.190739924075638,-3.06634008366014,ok
30d8a037387ca5d3572817d56abeb86b6c132dd8d0a5293f9c8c71d9ce1e1451,legacy,LSTMX,0,571,2007-12-31,2007-11-30,1960-05-31,2007-11-30,-3.02436059658321,-2.587719024765528,-2.872909572491891,ok
30d8a037387ca5d3572817d56abeb86b6c132dd8d0a5293f9c8c71d9ce1e1451,legacy,LSTMX,0,571,2008-01-31,2007-12-31,1960-06-30,2007-12-31,-2.661249374022387,-3.02436059658321,-2.980745490686763,ok
30d8a037387ca5d3572817d56abeb86b6c132dd8d0a5293f9c8c71d9ce1e1451,legacy,LSTMX,0,571,2008-02-29,2008-01-31,1960-07-31,2008-01-31,-2.8603506881048415,-2.661249374022387,-2.8812396768707345,ok
30d8a037387ca5d3572817d56abeb86b6c132dd8d0a5293f9c8c71d9ce1e1451,legacy,LSTMX,0,571,2008-03-31,2008-02-29,1960-08-31,2008-02-29,-2.538344113377069,-2.8603506881048415,-2.9466151596838372,ok
30d8a037387ca5d3572817d56abeb86b6c132dd8d0a5293f9c8c71d9ce1e1451,legacy,LSTMX,0,571,2008-04-30,2008-03-31,1960-09-30,2008-03-31,-2.9300382779186895,-2.538344113377069,-2.772960062380805,ok
30d8a037387ca5d3572817d56abeb86b6c132dd8d0a5293f9c8c71d9ce1e1451,legacy,LSTMX,0,571,2008-05-31,2008-04-30,1960-10-31,2008-04-30,-3.204756024564677,-2.9300382779186895,-2.9812455926072325,ok
30d8a037387ca5d3572817d56abeb86b6c132dd8d0a5293f9c8c71d9ce1e1451,legacy,LSTMX,0,571,2008-06-30,2008-05-31,1960-11-30,2008-05-31,-2.8296817644581433,-3.204756024564677,-3.033401714655919,ok
30d8a037387ca5d3572817d56abeb86b6c132dd8d0a5293f9c8c71d9ce1e1451,legacy,LSTMX,0,571,2008-07-31,2008-06-30,1960-12-31,2008-06-30,-2.705460207716502,-2.8296817644581433,-2.68236476473224,ok
30d8a037387ca5d3572817d56abeb86b6c132dd8d0a5293f9c8c71d9ce1e1451,legacy,LSTMX,0,571,2008-08-31,2008-07-31,1961-01-31,2008-07-31,-2.837812391125573,-2.705460207716502,-2.9348598289440413,ok
30d8a037387ca5d3572817d56abeb86b6c132dd8d0a5293f9c8c71d9ce1e1451,legacy,LSTMX,0,571,2008-09-30,2008-08-31,1961-02-28,2008-08-31,-1.8529192183645744,-2.837812391125573,-2.985311096206825,ok
30d8a037387ca5d3572817d56abeb86b6c132dd8d0a5293f9c8c71d9ce1e1451,legacy,LSTMX,0,571,2008-10-31,2008-09-30,1961-03-31,2008-09-30,-1.42971613203937,-1.8529192183645744,-2.383355189444598,ok
30d8a037387ca5d3572817d56abeb86b6c132dd8d0a5293f9c8c71d9ce1e1451,legacy,LSTMX,0,571,2008-11-30,2008-10-31,1961-04-30,2008-10-31,-1.656316012106184,-1.42971613203937,-1.8713040307923254,ok
30d8a037387ca5d3572817d56abeb86b6c132dd8d0a5293f9c8c71d9ce1e1451,legacy,LSTMX,0,571,2008-12-31,2008-11-30,1961-05-31,2008-11-30,-1.94077400987452,-1.656316012106184,-1.7717001886124315,ok
30d8a037387ca5d3572817d56abeb86b6c132dd8d0a5293f9c8c71d9ce1e1451,legacy,LSTMX,0,571,2009-01-31,2008-12-31,1961-06-30,2008-12-31,-2.206526753661318,-1.94077400987452,-2.142648900943794,ok
30d8a037387ca5d3572817d56abeb86b6c132dd8d0a5293f9c8c71d9ce1e1451,legacy,LSTMX,0,571,2009-02-28,2009-01-31,1961-07-31,2009-01-31,-2.2946239453922495,-2.206526753661318,-1.9663088749025412,ok
30d8a037387ca5d3572817d56abeb86b6c132dd8d0a5293f9c8c71d9ce1e1451,legacy,LSTMX,0,571,2009-03-31,2009-02-28,1961-08-31,2009-02-28,-1.9582508837470343,-2.2946239453922495,-1.9494727917273313,ok
30d8a037387ca5d3572817d56abeb86b6c132dd8d0a5293f9c8c71d9ce1e1451,legacy,LSTMX,0,571,2009-04-30,2009-03-31,1961-09-30,2009-03-31,-2.443587835277547,-1.9582508837470343,-2.432630535713673,ok
30d8a037387ca5d3572817d56abeb86b6c132dd8d0a5293f9c8c71d9ce1e1451,legacy,LSTMX,0,571,2009-05-31,2009-04-30,1961-10-31,2009-04-30,-2.5321700284042636,-2.443587835277547,-2.5242260372031775,ok
30d8a037387ca5d3572817d56abeb86b6c132dd8d0a5293f9c8c71d9ce1e1451,legacy,LSTMX,0,571,2009-06-30,2009-05-31,1961-11-30,2009-05-31,-2.8287513462734335,-2.5321700284042636,-2.4099781204229624,ok
30d8a037387ca5d3572817d56abeb86b6c132dd8d0a5293f9c8c71d9ce1e1451,legacy,LSTMX,0,571,2009-07-31,2009-06-30,1961-12-31,2009-06-30,-2.793345786712595,-2.8287513462734335,-2.720066368631803,ok
30d8a037387ca5d3572817d56abeb86b6c132dd8d0a5293f9c8c71d9ce1e1451,legacy,LSTMX,0,571,2009-08-31,2009-07-31,1962-01-31,2009-07-31,-3.0644616714098785,-2.793345786712595,-3.0079971661550764,ok
30d8a037387ca5d3572817d56abeb86b6c132dd8d0a5293f9c8c71d9ce1e1451,legacy,LSTMX,0,571,2009-09-30,2009-08-31,1962-02-28,2009-08-31,-3.130025280604083,-3.0644616714098785,-3.024897256085516,ok
30d8a037387ca5d3572817d56abeb86b6c132dd8d0a5293f9c8c71d9ce1e1451,legacy,LSTMX,0,571,2009-10-31,2009-09-30,1962-03-31,2009-09-30,-2.7700971285615434,-3.130025280604083,-3.0576924093196403,ok
30d8a037387ca5d3572817d56abeb86b6c132dd8d0a5293f9c8c71d9ce1e1451,legacy,LSTMX,0,571,2009-11-30,2009-10-31,1962-04-30,2009-10-31,-3.1107964455907346,-2.7700971285615434,-2.844724373438701,ok
30d8a037387ca5d3572817d56abeb86b6c132dd8d0a5293f9c8c71d9ce1e1451,legacy,LSTMX,0,571,2009-12-31,2009-11-30,1962-05-31,2009-11-30,-3.4880632358514134,-3.1107964455907346,-3.1398949063737556,ok
30d8a037387ca5d3572817d56abeb86b6c132dd8d0a5293f9c8c71d9ce1e1451,legacy,LSTMX,0,571,2010-01-31,2009-12-31,1962-06-30,2009-12-31,-3.1051107340740467,-3.4880632358514134,-3.2903708563004512,ok
30d8a037387ca5d3572817d56abeb86b6c132dd8d0a5293f9c8c71d9ce1e1451,legacy,LSTMX,0,571,2010-02-28,2010-01-31,1962-07-31,2010-01-31,-3.0178391591893847,-3.1051107340740467,-3.2445573266586276,ok
30d8a037387ca5d3572817d56abeb86b6c132dd8d0a5293f9c8c71d9ce1e1451,legacy,LSTMX,0,571,2010-03-31,2010-02-28,1962-08-31,2010-02-28,-3.6861498116127507,-3.0178391591893847,-3.336919755936022,ok
30d8a037387ca5d3572817d56abeb86b6c132dd8d0a5293f9c8c71d9ce1e1451,legacy,LSTMX,0,571,2010-04-30,2010-03-31,1962-09-30,2010-03-31,-3.1571807998960457,-3.6861498116127507,-3.481153762898968,ok
30d8a037387ca5d3572817d56abeb86b6c132dd8d0a5293f9c8c71d9ce1e1451,legacy,LSTMX,0,571,2010-05-31,2010-04-30,1962-10-31,2010-04-30,-2.407193011304442,-3.1571807998960457,-3.3190561572741113,ok
30d8a037387ca5d3572817d56abeb86b6c132dd8d0a5293f9c8c71d9ce1e1451,legacy,LSTMX,0,571,2010-06-30,2010-05-31,1962-11-30,2010-05-31,-2.590131684949471,-2.407193011304442,-2.9545416178585278,ok
30d8a037387ca5d3572817d56abeb86b6c132dd8d0a5293f9c8c71d9ce1e1451,legacy,LSTMX,0,571,2010-07-31,2010-06-30,1962-12-31,2010-06-30,-2.852932567849959,-2.590131684949471,-2.6212544069142374,ok
30d8a037387ca5d3572817d56abeb86b6c132dd8d0a5293f9c8c71d9ce1e1451,legacy,LSTMX,0,571,2010-08-31,2010-07-31,1963-01-31,2010-07-31,-2.9530416640092794,-2.852932567849959,-2.967390777389993,ok
30d8a037387ca5d3572817d56abeb86b6c132dd8d0a5293f9c8c71d9ce1e1451,legacy,LSTMX,0,571,2010-09-30,2010-08-31,1963-02-28,2010-08-31,-3.038118590021741,-2.9530416640092794,-2.9125610496654364,ok
30d8a037387ca5d3572817d56abeb86b6c132dd8d0a5293f9c8c71d9ce1e1451,legacy,LSTMX,0,571,2010-10-31,2010-09-30,1963-03-31,2010-09-30,-3.418407956833649,-3.038118590021741,-3.1884177932123885,ok
30d8a037387ca5d3572817d56abeb86b6c132dd8d0a5293f9c8c71d9ce1e1451,legacy,LSTMX,0,571,2010-11-30,2010-10-31,1963-04-30,2010-10-31,-3.1787815912351842,-3.418407956833649,-3.2884629202944327,ok
30d8a037387ca5d3572817d56abeb86b6c132dd8d0a5293f9c8c71d9ce1e1451,legacy,LSTMX,0,571,2010-12-31,2010-11-30,1963-05-31,2010-11-30,-3.553444149972958,-3.1787815912351842,-3.1034730182061123,ok
30d8a037387ca5d3572817d56abeb86b6c132dd8d0a5293f9c8c71d9ce1e1451,legacy,LSTMX,0,571,2011-01-31,2010-12-31,1963-06-30,2010-12-31,-3.5254625792369607,-3.553444149972958,-3.519502039470534,ok
30d8a037387ca5d3572817d56abeb86b6c132dd8d0a5293f9c8c71d9ce1e1451,legacy,LSTMX,0,571,2011-02-28,2011-01-31,1963-07-31,2011-01-31,-3.421017028944507,-3.5254625792369607,-3.4593073818985234,ok
30d8a037387ca5d3572817d56abeb86b6c132dd8d0a5293f9c8c71d9ce1e1451,legacy,LSTMX,0,571,2011-03-31,2011-02-28,1963-08-31,2011-02-28,-3.0256567272535344,-3.421017028944507,-3.4019508289359717,ok
30d8a037387ca5d3572817d56abeb86b6c132dd8d0a5293f9c8c71d9ce1e1451,legacy,LSTMX,0,571,2011-04-30,2011-03-31,1963-09-30,2011-03-31,-3.6813619979803685,-3.0256567272535344,-3.237572884365577,ok
30d8a037387ca5d3572817d56abeb86b6c132dd8d0a5293f9c8c71d9ce1e1451,legacy,LSTMX,0,571,2011-05-31,2011-04-30,1963-10-31,2011-04-30,-3.4864984354795028,-3.6813619979803685,-3.378820119104132,ok
30d8a037387ca5d3572817d56abeb86b6c132dd8d0a5293f9c8c71d9ce1e1451,legacy,LSTMX,0,571,2011-06-30,2011-05-31,1963-11-30,2011-05-31,-3.0353184736868135,-3.4864984354795028,-3.3993798647234437,ok
30d8a037387ca5d3572817d56abeb86b6c132dd8d0a5293f9c8c71d9ce1e1451,legacy,LSTMX,0,571,2011-07-31,2011-06-30,1963-12-31,2011-06-30,-3.1500524848844638,-3.0353184736868135,-3.309260659909439,ok
30d8a037387ca5d3572817d56abeb86b6c132dd8d0a5293f9c8c71d9ce1e1451,legacy,LSTMX,0,571,2011-08-31,2011-07-31,1964-01-31,2011-07-31,-1.9665046707257416,-3.1500524848844638,-3.215792344875836,ok
30d8a037387ca5d3572817d56abeb86b6c132dd8d0a5293f9c8c71d9ce1e1451,legacy,LSTMX,0,571,2011-09-30,2011-08-31,1964-02-29,2011-08-31,-2.481306279652722,-1.9665046707257416,-2.7499711005146836,ok
30d8a037387ca5d3572817d56abeb86b6c132dd8d0a5293f9c8c71d9ce1e1451,legacy,LSTMX,0,571,2011-10-31,2011-09-30,1964-03-31,2011-09-30,-2.457655436729706,-2.481306279652722,-2.4545278704946933,ok
30d8a037387ca5d3572817d56abeb86b6c132dd8d0a5293f9c8c71d9ce1e1451,legacy,LSTMX,0,571,2011-11-30,2011-10-31,1964-04-30,2011-10-31,-2.4359863431041875,-2.457655436729706,-2.9524940307501897,ok
30d8a037387ca5d3572817d56abeb86b6c132dd8d0a5293f9c8c71d9ce1e1451,legacy,LSTMX,0,571,2011-12-31,2011-11-30,1964-05-31,2011-11-30,-2.9483163558607832,-2.4359863431041875,-2.849352675174369,ok
30d8a037387ca5d3572817d56abeb86b6c132dd8d0a5293f9c8c71d9ce1e1451,legacy,LSTMX,0,571,2012-01-31,2011-12-31,1964-06-30,2011-12-31,-3.6753549263674072,-2.9483163558607832,-2.752401050663683,ok
30d8a037387ca5d3572817d56abeb86b6c132dd8d0a5293f9c8c71d9ce1e1451,legacy,LSTMX,0,571,2012-02-29,2012-01-31,1964-07-31,2012-01-31,-3.6938984477186816,-3.6753549263674072,-3.286678489542568,ok
30d8a037387ca5d3572817d56abeb86b6c132dd8d0a5293f9c8c71d9ce1e1451,legacy,LSTMX,0,571,2012-03-31,2012-02-29,1964-08-31,2012-02-29,-3.3843465262657215,-3.6938984477186816,-3.4642238975082735,ok
30d8a037387ca5d3572817d56abeb86b6c132dd8d0a5293f9c8c71d9ce1e1451,legacy,LSTMX,0,571,2012-04-30,2012-03-31,1964-09-30,2012-03-31,-3.210146241345559,-3.3843465262657215,-3.4919178014672667,ok
30d8a037387ca5d3572817d56abeb86b6c132dd8d0a5293f9c8c71d9ce1e1451,legacy,LSTMX,0,571,2012-05-31,2012-04-30,1964-10-31,2012-04-30,-3.2497545069314553,-3.210146241345559,-3.2763174681194025,ok
30d8a037387ca5d3572817d56abeb86b6c132dd8d0a5293f9c8c71d9ce1e1451,legacy,LSTMX,0,571,2012-06-30,2012-05-31,1964-11-30,2012-05-31,-2.8366615287918187,-3.2497545069314553,-3.035915853870356,ok
30d8a037387ca5d3572817d56abeb86b6c132dd8d0a5293f9c8c71d9ce1e1451,legacy,LSTMX,0,571,2012-07-31,2012-06-30,1964-12-31,2012-06-30,-3.2378719180591355,-2.8366615287918187,-3.2546249968923857,ok
30d8a037387ca5d3572817d56abeb86b6c132dd8d0a5293f9c8c71d9ce1e1451,legacy,LSTMX,0,571,2012-08-31,2012-07-31,1965-01-31,2012-07-31,-3.6166817154299276,-3.2378719180591355,-3.206113223429764,ok
30d8a037387ca5d3572817d56abeb86b6c132dd8d0a5293f9c8c71d9ce1e1451,legacy,LSTMX,0,571,2012-09-30,2012-08-31,1965-02-28,2012-08-31,-3.4378098591980444,-3.6166817154299276,-3.332944941678402,ok
30d8a037387ca5d3572817d56abeb86b6c132dd8d0a5293f9c8c71d9ce1e1451,legacy,LSTMX,0,571,2012-10-31,2012-09-30,1965-03-31,2012-09-30,-3.4888694072163897,-3.4378098591980444,-3.4174684568279803,ok
30d8a037387ca5d3572817d56abeb86b6c132dd8d0a5293f9c8c71d9ce1e1451,legacy,LSTMX,0,571,2012-11-30,2012-10-31,1965-04-30,2012-10-31,-3.130457558392097,-3.4888694072163897,-3.407972181870231,ok
30d8a037387ca5d3572817d56abeb86b6c132dd8d0a5293f9c8c71d9ce1e1451,legacy,LSTMX,0,571,2012-12-31,2012-11-30,1965-05-31,2012-11-30,-3.438879816972799,-3.130457558392097,-3.3416414729360797,ok
30d8a037387ca5d3572817d56abeb86b6c132dd8d0a5293f9c8c71d9ce1e1451,legacy,LSTMX,0,571,2013-01-31,2012-12-31,1965-06-30,2012-12-31,-3.5122743260836247,-3.438879816972799,-3.3598208592257586,ok
30d8a037387ca5d3572817d56abeb86b6c132dd8d0a5293f9c8c71d9ce1e1451,legacy,LSTMX,0,571,2013-02-28,2013-01-31,1965-07-31,2013-01-31,-3.3434701265797875,-3.5122743260836247,-3.4435584699736936,ok
30d8a037387ca5d3572817d56abeb86b6c132dd8d0a5293f9c8c71d9ce1e1451,legacy,LSTMX,0,571,2013-03-31,2013-02-28,1965-08-31,2013-02-28,-3.8179084623195907,-3.3434701265797875,-3.420559862535941,ok
30d8a037387ca5d3572817d56abeb86b6c132dd8d0a5293f9c8c71d9ce1e1451,legacy,LSTMX,0,571,2013-04-30,2013-03-31,1965-09-30,2013-03-31,-3.190861789295619,-3.8179084623195907,-3.479432238049049,ok
30d8a037387ca5d3572817d56abeb86b6c132dd8d0a5293f9c8c71d9ce1e1451,legacy,LSTMX,0,571,2013-05-31,2013-04-30,1965-10-31,2013-04-30,-3.446126454815234,-3.190861789295619,-3.4514061909277816,ok
30d8a037387ca5d3572817d56abeb86b6c132dd8d0a5293f9c8c71d9ce1e1451,legacy,LSTMX,0,571,2013-06-30,2013-05-31,1965-11-30,2013-05-31,-3.0453169802170232,-3.446126454815234,-3.5016537479114302,ok
30d8a037387ca5d3572817d56abeb86b6c132dd8d0a5293f9c8c71d9ce1e1451,legacy,LSTMX,0,571,2013-07-31,2013-06-30,1965-12-31,2013-06-30,-3.802623427578242,-3.0453169802170232,-3.2293674385157565,ok
30d8a037387ca5d3572817d56abeb86b6c132dd8d0a5293f9c8c71d9ce1e1451,legacy,LSTMX,0,571,2013-08-31,2013-07-31,1966-01-31,2013-07-31,-3.4765909912871975,-3.802623427578242,-3.5869879104507514,ok
30d8a037387ca5d3572817d56abeb86b6c132dd8d0a5293f9c8c71d9ce1e1451,legacy,LSTMX,0,571,2013-09-30,2013-08-31,1966-02-28,2013-08-31,-3.6937395473295953,-3.4765909912871975,-3.2862618427853465,ok
30d8a037387ca5d3572817d56abeb86b6c132dd8d0a5293f9c8c71d9ce1e1451,legacy,LSTMX,0,571,2013-10-31,2013-09-30,1966-03-31,2013-09-30,-3.2760200523947183,-3.6937395473295953,-3.4680894651828478,ok
30d8a037387ca5d3572817d56abeb86b6c132dd8d0a5293f9c8c71d9ce1e1451,legacy,LSTMX,0,571,2013-11-30,2013-10-31,1966-04-30,2013-10-31,-3.6747290764851526,-3.2760200523947183,-3.63603794874769,ok
30d8a037387ca5d3572817d56abeb86b6c132dd8d0a5293f9c8c71d9ce1e1451,legacy,LSTMX,0,571,2013-12-31,2013-11-30,1966-05-31,2013-11-30,-3.6040416781045184,-3.6747290764851526,-3.598327747708195,ok
30d8a037387ca5d3572817d56abeb86b6c132dd8d0a5293f9c8c71d9ce1e1451,legacy,LSTMX,0,571,2014-01-31,2013-12-31,1966-06-30,2013-12-31,-3.3171375685353466,-3.6040416781045184,-3.55542151916797,ok
30d8a037387ca5d3572817d56abeb86b6c132dd8d0a5293f9c8c71d9ce1e1451,legacy,LSTMX,0,571,2014-02-28,2014-01-31,1966-07-31,2014-01-31,-3.3386797926341574,-3.3171375685353466,-3.3543119797060186,ok
30d8a037387ca5d3572817d56abeb86b6c132dd8d0a5293f9c8c71d9ce1e1451,legacy,LSTMX,0,571,2014-03-31,2014-02-28,1966-08-31,2014-02-28,-3.5256578627092043,-3.3386797926341574,-3.4229043655014637,ok
30d8a037387ca5d3572817d56abeb86b6c132dd8d0a5293f9c8c71d9ce1e1451,legacy,LSTMX,0,571,2014-04-30,2014-03-31,1966-09-30,2014-03-31,-3.2955126404999024,-3.5256578627092043,-3.4307665548129993,ok
30d8a037387ca5d3572817d56abeb86b6c132dd8d0a5293f9c8c71d9ce1e1451,legacy,LSTMX,0,571,2014-05-31,2014-04-30,1966-10-31,2014-04-30,-3.7483017283266418,-3.2955126404999024,-3.2719100709427344,ok
30d8a037387ca5d3572817d56abeb86b6c132dd8d0a5293f9c8c71d9ce1e1451,legacy,LSTMX,0,571,2014-06-30,2014-05-31,1966-11-30,2014-05-31,-4.087403595110627,-3.7483017283266418,-3.466124913865078,ok
30d8a037387ca5d3572817d56abeb86b6c132dd8d0a5293f9c8c71d9ce1e1451,legacy,LSTMX,0,571,2014-07-31,2014-06-30,1966-12-31,2014-06-30,-3.4754874909402718,-4.087403595110627,-3.6535792595052987,ok
30d8a037387ca5d3572817d56abeb86b6c132dd8d0a5293f9c8c71d9ce1e1451,legacy,LSTMX,0,571,2014-08-31,2014-07-31,1967-01-31,2014-07-31,-3.758175341489735,-3.4754874909402718,-3.592930211634899,ok
30d8a037387ca5d3572817d56abeb86b6c132dd8d0a5293f9c8c71d9ce1e1451,legacy,LSTMX,0,571,2014-09-30,2014-08-31,1967-02-28,2014-08-31,-3.6148214505759886,-3.758175341489735,-3.835500821383039,ok
30d8a037387ca5d3572817d56abeb86b6c132dd8d0a5293f9c8c71d9ce1e1451,legacy,LSTMX,0,571,2014-10-31,2014-09-30,1967-03-31,2014-09-30,-2.9141171757759734,-3.6148214505759886,-3.4540398513559154,ok
30d8a037387ca5d3572817d56abeb86b6c132dd8d0a5293f9c8c71d9ce1e1451,legacy,LSTMX,0,571,2014-11-30,2014-10-31,1967-04-30,2014-10-31,-4.403441476450015,-2.9141171757759734,-3.407807787779812,ok
30d8a037387ca5d3572817d56abeb86b6c132dd8d0a5293f9c8c71d9ce1e1451,legacy,LSTMX,0,571,2014-12-31,2014-11-30,1967-05-31,2014-11-30,-3.1118286510639352,-4.403441476450015,-3.526268198283833,ok
30d8a037387ca5d3572817d56abeb86b6c132dd8d0a5293f9c8c71d9ce1e1451,legacy,LSTMX,0,571,2015-01-31,2014-12-31,1967-06-30,2014-12-31,-3.0531195840611964,-3.1118286510639352,-3.43644905462211,ok
30d8a037387ca5d3572817d56abeb86b6c132dd8d0a5293f9c8c71d9ce1e1451,legacy,LSTMX,0,571,2015-02-28,2015-01-31,1967-07-31,2015-01-31,-3.562245097331633,-3.0531195840611964,-3.3381833258197746,ok
30d8a037387ca5d3572817d56abeb86b6c132dd8d0a5293f9c8c71d9ce1e1451,legacy,LSTMX,0,571,2015-03-31,2015-02-28,1967-08-31,2015-02-28,-3.1816129636323156,-3.562245097331633,-3.388340717677301,ok
30d8a037387ca5d3572817d56abeb86b6c132dd8d0a5293f9c8c71d9ce1e1451,legacy,LSTMX,0,571,2015-04-30,2015-03-31,1967-09-30,2015-03-31,-3.7301577097521137,-3.1816129636323156,-3.2650789093640915,ok
30d8a037387ca5d3572817d56abeb86b6c132dd8d0a5293f9c8c71d9ce1e1451,legacy,LSTMX,0,571,2015-05-31,2015-04-30,1967-10-31,2015-04-30,-3.515261724921692,-3.7301577097521137,-3.365441082191943,ok
30d8a037387ca5d3572817d56abeb86b6c132dd8d0a5293f9c8c71d9ce1e1451,legacy,LSTMX,0,571,2015-06-30,2015-05-31,1967-11-30,2015-05-31,-3.4246395604529183,-3.515261724921692,-3.4404498699858683,ok
30d8a037387ca5d3572817d56abeb86b6c132dd8d0a5293f9c8c71d9ce1e1451,legacy,LSTMX,0,571,2015-07-31,2015-06-30,1967-12-31,2015-06-30,-3.379834324533906,-3.4246395604529183,-3.4117429713192067,ok
30d8a037387ca5d3572817d56abeb86b6c132dd8d0a5293f9c8c71d9ce1e1451,legacy,LSTMX,0,571,2015-08-31,2015-07-31,1968-01-31,2015-07-31,-2.567702579344776,-3.379834324533906,-3.2079932711525863,ok
30d8a037387ca5d3572817d56abeb86b6c132dd8d0a5293f9c8c71d9ce1e1451,legacy,LSTMX,0,571,2015-09-30,2015-08-31,1968-02-29,2015-08-31,-2.7509836865610584,-2.567702579344776,-3.065687749456961,ok
30d8a037387ca5d3572817d56abeb86b6c132dd8d0a5293f9c8c71d9ce1e1451,legacy,LSTMX,0,571,2015-10-31,2015-09-30,1968-03-31,2015-09-30,-3.219259102962737,-2.7509836865610584,-2.8035398794347346,ok
30d8a037387ca5d3572817d56abeb86b6c132dd8d0a5293f9c8c71d9ce1e1451,legacy,LSTMX,0,571,2015-11-30,2015-10-31,1968-04-30,2015-10-31,-3.3994804010076436,-3.219259102962737,-3.0516354097076115,ok
30d8a037387ca5d3572817d56abeb86b6c132dd8d0a5293f9c8c71d9ce1e1451,legacy,LSTMX,0,571,2015-12-31,2015-11-30,1968-05-31,2015-11-30,-2.9313513610844177,-3.3994804010076436,-3.1339316365556265,ok
30d8a037387ca5d3572817d56abeb86b6c132dd8d0a5293f9c8c71d9ce1e1451,legacy,LSTMX,0,571,2016-01-31,2015-12-31,1968-06-30,2015-12-31,-2.721796067769684,-2.9313513610844177,-3.0485555367483412,ok
30d8a037387ca5d3572817d56abeb86b6c132dd8d0a5293f9c8c71d9ce1e1451,legacy,LSTMX,0,571,2016-02-29,2016-01-31,1968-07-31,2016-01-31,-2.975885937336674,-2.721796067769684,-2.8480352159012825,ok
30d8a037387ca5d3572817d56abeb86b6c132dd8d0a5293f9c8c71d9ce1e1451,legacy,LSTMX,0,571,2016-03-31,2016-02-29,1968-08-31,2016-02-29,-3.3396579653309333,-2.975885937336674,-2.9292992617415354,ok
30d8a037387ca5d3572817d56abeb86b6c132dd8d0a5293f9c8c71d9ce1e1451,legacy,LSTMX,0,571,2016-04-30,2016-03-31,1968-09-30,2016-03-31,-3.5543031478531373,-3.3396579653309333,-3.220279003488956,ok
30d8a037387ca5d3572817d56abeb86b6c132dd8d0a5293f9c8c71d9ce1e1451,legacy,LSTMX,0,571,2016-05-31,2016-04-30,1968-10-31,2016-04-30,-3.457732751318138,-3.5543031478531373,-3.3030973493231217,ok
30d8a037387ca5d3572817d56abeb86b6c132dd8d0a5293f9c8c71d9ce1e1451,legacy,LSTMX,0,571,2016-06-30,2016-05-31,1968-11-30,2016-05-31,-2.9208097471793346,-3.457732751318138,-3.405998194667169,ok
30d8a037387ca5d3572817d56abeb86b6c132dd8d0a5293f9c8c71d9ce1e1451,legacy,LSTMX,0,571,2016-07-31,2016-06-30,1968-12-31,2016-06-30,-3.82748206452236,-2.9208097471793346,-3.325431880122666,ok
30d8a037387ca5d3572817d56abeb86b6c132dd8d0a5293f9c8c71d9ce1e1451,legacy,LSTMX,0,571,2016-08-31,2016-07-31,1969-01-31,2016-07-31,-4.092448513398336,-3.82748206452236,-3.4999708053480383,ok
30d8a037387ca5d3572817d56abeb86b6c132dd8d0a5293f9c8c71d9ce1e1451,legacy,LSTMX,0,571,2016-09-30,2016-08-31,1969-02-28,2016-08-31,-3.192551585892722,-4.092448513398336,-3.497668239650479,ok
30d8a037387ca5d3572817d56abeb86b6c132dd8d0a5293f9c8c71d9ce1e1451,legacy,LSTMX,0,571,2016-10-31,2016-09-30,1969-03-31,2016-09-30,-3.9566514163288296,-3.192551585892722,-3.5430254918168553,ok
30d8a037387ca5d3572817d56abeb86b6c132dd8d0a5293f9c8c71d9ce1e1451,legacy,LSTMX,0,571,2016-11-30,2016-10-31,1969-04-30,2016-10-31,-3.487974422258749,-3.9566514163288296,-3.4971972841312446,ok
30d8a037387ca5d3572817d56abeb86b6c132dd8d0a5293f9c8c71d9ce1e1451,legacy,LSTMX,0,571,2016-12-31,2016-11-30,1969-05-31,2016-11-30,-3.7787223692336043,-3.487974422258749,-3.6088254846249233,ok
30d8a037387ca5d3572817d56abeb86b6c132dd8d0a5293f9c8c71d9ce1e1451,legacy,LSTMX,0,571,2017-01-31,2016-12-31,1969-06-30,2016-12-31,-4.001828361753411,-3.7787223692336043,-3.509064692219674,ok
30d8a037387ca5d3572817d56abeb86b6c132dd8d0a5293f9c8c71d9ce1e1451,legacy,LSTMX,0,571,2017-02-28,2017-01-31,1969-07-31,2017-01-31,-4.204700139152802,-4.001828361753411,-3.6759496466689514,ok
30d8a037387ca5d3572817d56abeb86b6c132dd8d0a5293f9c8c71d9ce1e1451,legacy,LSTMX,0,571,2017-03-31,2017-02-28,1969-08-31,2017-02-28,-3.7314192152872128,-4.204700139152802,-3.8568569557209846,ok
30d8a037387ca5d3572817d56abeb86b6c132dd8d0a5293f9c8c71d9ce1e1451,legacy,LSTMX,0,571,2017-04-30,2017-03-31,1969-09-30,2017-03-31,-3.926652018374449,-3.7314192152872128,-3.6884989547344746,ok
30d8a037387ca5d3572817d56abeb86b6c132dd8d0a5293f9c8c71d9ce1e1451,legacy,LSTMX,0,571,2017-05-31,2017-04-30,1969-10-31,2017-04-30,-3.7920847378875453,-3.926652018374449,-3.7202458859558405,ok
30d8a037387ca5d3572817d56abeb86b6c132dd8d0a5293f9c8c71d9ce1e1451,legacy,LSTMX,0,571,2017-06-30,2017-05-31,1969-11-30,2017-05-31,-3.856214910874562,-3.7920847378875453,-3.6090234285297127,ok
30d8a037387ca5d3572817d56abeb86b6c132dd8d0a5293f9c8c71d9ce1e1451,legacy,LSTMX,0,571,2017-07-31,2017-06-30,1969-12-31,2017-06-30,-4.129870024958818,-3.856214910874562,-3.699231120979121,ok
30d8a037387ca5d3572817d56abeb86b6c132dd8d0a5293f9c8c71d9ce1e1451,legacy,LSTMX,0,571,2017-08-31,2017-07-31,1970-01-31,2017-07-31,-3.5924378123925567,-4.129870024958818,-3.9672926700001097,ok
30d8a037387ca5d3572817d56abeb86b6c132dd8d0a5293f9c8c71d9ce1e1451,legacy,LSTMX,0,571,2017-09-30,2017-08-31,1970-02-28,2017-08-31,-4.134666486968067,-3.5924378123925567,-3.7874987954125183,ok
30d8a037387ca5d3572817d56abeb86b6c132dd8d0a5293f9c8c71d9ce1e1451,legacy,LSTMX,0,571,2017-10-31,2017-09-30,1970-03-31,2017-09-30,-4.216826264874244,-4.134666486968067,-3.9577571836968137,ok
30d8a037387ca5d3572817d56abeb86b6c132dd8d0a5293f9c8c71d9ce1e1451,legacy,LSTMX,0,571,2017-11-30,2017-10-31,1970-04-30,2017-10-31,-3.974205538921206,-4.216826264874244,-3.8727367119218625,ok
30d8a037387ca5d3572817d56abeb86b6c132dd8d0a5293f9c8c71d9ce1e1451,legacy,LSTMX,0,571,2017-12-31,2017-11-30,1970-05-31,2017-11-30,-4.1605958145165705,-3.974205538921206,-3.9869855722906067,ok
30d8a037387ca5d3572817d56abeb86b6c132dd8d0a5293f9c8c71d9ce1e1451,legacy,CRL,0,571,1997-08-31,1997-07-31,1950-01-31,1997-07-31,-2.997998940254238,-3.1084047309706033,-3.2050643779926444,ok
30d8a037387ca5d3572817d56abeb86b6c132dd8d0a5293f9c8c71d9ce1e1451,legacy,CRL,0,571,1997-09-30,1997-08-31,1950-02-28,1997-08-31,-2.9805233450013167,-2.997998940254238,-3.1505561038358274,ok
30d8a037387ca5d3572817d56abeb86b6c132dd8d0a5293f9c8c71d9ce1e1451,legacy,CRL,0,571,1997-10-31,1997-09-30,1950-03-31,1997-09-30,-2.3238652771202104,-2.9805233450013167,-3.124333043167682,ok
30d8a037387ca5d3572817d56abeb86b6c132dd8d0a5293f9c8c71d9ce1e1451,legacy,CRL,0,571,1997-11-30,1997-10-31,1950-04-30,1997-10-31,-2.967779424466623,-2.3238652771202104,-2.78925024956386,ok
30d8a037387ca5d3572817d56abeb86b6c132dd8d0a5293f9c8c71d9ce1e1451,legacy,CRL,0,571,1997-12-31,1997-11-30,1950-05-31,1997-11-30,-3.0514972683227777,-2.967779424466623,-3.0022414344221025,ok
30d8a037387ca5d3572817d56abeb86b6c132dd8d0a5293f9c8c71d9ce1e1451,legacy,CRL,0,571,1998-01-31,1997-12-31,1950-06-30,1997-12-31,-2.998809877493172,-3.0514972683227777,-3.079229686297413,ok
30d8a037387ca5d3572817d56abeb86b6c132dd8d0a5293f9c8c71d9ce1e1451,legacy,CRL,0,571,1998-02-28,1998-01-31,1950-07-31,1998-01-31,-3.4342451514940397,-2.998809877493172,-3.1243945892343605,ok
30d8a037387ca5d3572817d56abeb86b6c132dd8d0a5293f9c8c71d9ce1e1451,legacy,CRL,0,571,1998-03-31,1998-02-28,1950-08-31,1998-02-28,-3.3950363195710853,-3.4342451514940397,-3.335259217073311,ok
30d8a037387ca5d3572817d56abeb86b6c132dd8d0a5293f9c8c71d9ce1e1451,legacy,CRL,0,571,1998-04-30,1998-03-31,1950-09-30,1998-03-31,-3.2134051996183786,-3.3950363195710853,-3.3825827693679544,ok
30d8a037387ca5d3572817d56abeb86b6c132dd8d0a5293f9c8c71d9ce1e1451,legacy,CRL,0,571,1998-05-31,1998-04-30,1950-10-31,1998-04-30,-3.473595749393068,-3.2134051996183786,-3.3297155226398782,ok
30d8a037387ca5d3572817d56abeb86b6c132dd8d0a5293f9c8c71d9ce1e1451,legacy,CRL,0,571,1998-06-30,1998-05-31,1950-11-30,1998-05-31,-3.084631870788053,-3.473595749393068,-3.422087969469672,ok
30d8a037387ca5d3572817d56abeb86b6c132dd8d0a5293f9c8c71d9ce1e1451,legacy,CRL,0,571,1998-07-31,1998-06-30,1950-12-31,1998-06-30,-3.0497952329188918,-3.084631870788053,-3.258809328595239,ok
30d8a037387ca5d3572817d56abeb86b6c132dd8d0a5293f9c8c71d9ce1e1451,legacy,CRL,0,571,1998-08-31,1998-07-31,1951-01-31,1998-07-31,-2.314262503723685,-3.0497952329188918,-3.2022048716767957,ok
30d8a037387ca5d3572817d56abeb86b6c132dd8d0a5293f9c8c71d9ce1e1451,legacy,CRL,0,571,1998-09-30,1998-08-31,1951-02-28,1998-08-31,-2.3129763371118237,-2.314262503723685,-2.804342316444794,ok
30d8a037387ca5d3572817d56abeb86b6c132dd8d0a5293f9c8c71d9ce1e1451,legacy,CRL,0,571,1998-10-31,1998-09-30,1951-03-31,1998-09-30,-2.638868495322673,-2.3129763371118237,-2.6705156228754237,ok
30d8a037387ca5d3572817d56abeb86b6c132dd8d0a5293f9c8c71d9ce1e1451,legacy,CRL,0,571,1998-11-30,1998-10-31,1951-04-30,1998-10-31,-3.1231521925257173,-2.638868495322673,-2.7614658916983017,ok
30d8a037387ca5d3572817d56abeb86b6c132dd8d0a5293f9c8c71d9ce1e1451,legacy,CRL,0,571,1998-12-31,1998-11-30,1951-05-31,1998-11-30,-2.8614581487687634,-3.1231521925257173,-3.061363608372363,ok
30d8a037387ca5d3572817d56abeb86b6c132dd8d0a5293f9c8c71d9ce1e1451,legacy,CRL,0,571,1999-01-31,1998-12-31,1951-06-30,1998-12-31,-2.8546598491125996,-2.8614581487687634,-3.033255892367136,ok
30d8a037387ca5d3572817d56abeb86b6c132dd8d0a5293f9c8c71d9ce1e1451,legacy,CRL,0,571,1999-02-28,1999-01-31,1951-07-31,1999-01-31,-2.8306547199882983,-2.8546598491125996,-3.031450946793668,ok
30d8a037387ca5d3572817d56abeb86b6c132dd8d0a5293f9c8c71d9ce1e1451,legacy,CRL,0,571,1999-03-31,1999-02-28,1951-08-31,1999-02-28,-2.8717218927726718,-2.8306547199882983,-2.9928284163639276,ok
30d8a037387ca5d3572817d56abeb86b6c132dd8d0a5293f9c8c71d9ce1e1451,legacy,CRL,0,571,1999-04-30,1999-03-31,1951-09-30,1999-03-31,-2.9550032409961746,-2.8717218927726718,-3.007509583544544,ok
30d8a037387ca5d3572817d56abeb86b6c132dd8d0a5293f9c8c71d9ce1e1451,legacy,CRL,0,571,1999-05-31,1999-04-30,1951-10-31,1999-04-30,-2.8875770664081015,-2.9550032409961746,-3.0530347772721447,ok
30d8a037387ca5d3572817d56abeb86b6c132dd8d0a5293f9c8c71d9ce1e1451,legacy,CRL,0,571,1999-06-30,1999-05-31,1951-11-30,1999-05-31,-3.0191012625883085,-2.8875770664081015,-3.035862895425787,ok
30d8a037387ca5d3572817d56abeb86b6c132dd8d0a5293f9c8c71d9ce1e1451,legacy,CRL,0,571,1999-07-31,1999-06-30,1951-12-31,1999-06-30,-3.2101509685854186,-3.0191012625883085,-3.096177831195141,ok
30d8a037387ca5d3572817d56abeb86b6c132dd8d0a5293f9c8c71d9ce1e1451,legacy,CRL,0,571,1999-08-31,1999-07-31,1952-01-31,1999-07-31,-2.9534789867089692,-3.2101509685854186,-3.2072654123733875,ok
30d8a037387ca5d3572817d56abeb86b6c132dd8d0a5293f9c8c71d9ce1e1451,legacy,CRL,0,571,1999-09-30,1999-08-31,1952-02-29,1999-08-31,-2.9564823177564232,-2.9534789867089692,-3.1226685481705183,ok
30d8a037387ca5d3572817d56abeb86b6c132dd8d0a5293f9c8c71d9ce1e1451,legacy,CRL,0,571,1999-10-31,1999-09-30,1952-03-31,1999-09-30,-2.6655450376900633,-2.9564823177564232,-3.096755886796042,ok
30d8a037387ca5d3572817d56abeb86b6c132dd8d0a5293f9c8c71d9ce1e1451,legacy,CRL,0,571,1999-11-30,1999-10-31,1952-04-30,1999-10-31,-3.3039253672881648,-2.6655450376900633,-2.9305906619481465,ok
30d8a037387ca5d3572817d56abeb86b6c132dd8d0a5293f9c8c71d9ce1e1451,legacy,CRL,0,571,1999-12-31,1999-11-30,1952-05-31,1999-11-30,-3.388665152890443,-3.3039253672881648,-3.1967512753682827,ok
30d8a037387ca5d3572817d56abeb86b6c132dd8d0a5293f9c8c71d9ce1e1451,legacy,CRL,0,571,2000-01-31,1999-12-31,1952-06-30,1999-12-31,-2.6226733886036615,-3.388665152890443,-3.32190849661903,ok
30d8a037387ca5d3572817d56abeb86b6c132dd8d0a5293f9c8c71d9ce1e1451,legacy,CRL,0,571,2000-02-29,2000-01-31,1952-07-31,2000-01-31,-2.897488125745266,-2.6226733886036615,-3.014171553558641,ok
30d8a037387ca5d3572817d56abeb86b6c132dd8d0a5293f9c8c71d9ce1e1451,legacy,CRL,0,571,2000-03-31,2000-02-29,1952-08-31,2000-02-29,-2.51469776513013,-2.897488125745266,-3.030971405939046,ok
30d8a037387ca5d3572817d56abeb86b6c132dd8d0a5293f9c8c71d9ce1e1451,legacy,CRL,0,571,2000-04-30,2000-03-31,1952-09-30,2000-03-31,-2.4094082379010313,-2.51469776513013,-2.8186005742991282,ok
30d8a037387ca5d3572817d56abeb86b6c132dd8d0a5293f9c8c71d9ce1e1451,legacy,CRL,0,571,2000-05-31,2000-04-30,1952-10-31,2000-04-30,-2.632644632266094,-2.4094082379010313,-2.720971832730603,ok
30d8a037387ca5d3572817d56abeb86b6c132dd8d0a5293f9c8c71d9ce1e1451,legacy,CRL,0,571,2000-06-30,2000-05-31,1952-11-30,2000-05-31,-3.0278251725128413,-2.632644632266094,-2.777979354019376,ok
30d8a037387ca5d3572817d56abeb86b6c132dd8d0a5293f9c8c71d9ce1e1451,legacy,CRL,0,571,2000-07-31,2000-06-30,1952-12-31,2000-06-30,-3.088181553822785,-3.0278251725128413,-3.0044553010815025,ok
30d8a037387ca5d3572817d56abeb86b6c132dd8d0a5293f9c8c71d9ce1e1451,legacy,CRL,0,571,2000-08-31,2000-07-31,1953-01-31,2000-07-31,-3.438073668437876,-3.088181553822785,-3.1205830757801047,ok
30d8a037387ca5d3572817d56abeb86b6c132dd8d0a5293f9c8c71d9ce1e1451,legacy,CRL,0,571,2000-09-30,2000-08-31,1953-02-28,2000-08-31,-3.2193963619434802,-3.438073668437876,-3.3382301814641036,ok
30d8a037387ca5d3572817d56abeb86b6c132dd8d0a5293f9c8c71d9ce1e1451,legacy,CRL,0,571,2000-10-31,2000-09-30,1953-03-31,2000-09-30,-2.5991038256087786,-3.2193963619434802,-3.2922364838371196,ok
30d8a037387ca5d3572817d56abeb86b6c132dd8d0a5293f9c8c71d9ce1e1451,legacy,CRL,0,571,2000-11-30,2000-10-31,1953-04-30,2000-10-31,-2.8568188775989833,-2.5991038256087786,-2.9749677665372234,ok
30d8a037387ca5d3572817d56abeb86b6c132dd8d0a5293f9c8c71d9ce1e1451,legacy,CRL,0,571,2000-12-31,2000-11-30,1953-05-31,2000-11-30,-2.6226966266401908,-2.8568188775989833,-2.9856418770158,ok
30d8a037387ca5d3572817d56abeb86b6c132dd8d0a5293f9c8c71d9ce1e1451,legacy,CRL,0,571,2001-01-31,2000-12-31,1953-06-30,2000-12-31,-2.6642256902470183,-2.6226966266401908,-2.855998475855449,ok
30d8a037387ca5d3572817d56abeb86b6c132dd8d0a5293f9c8c71d9ce1e1451,legacy,CRL,0,571,2001-02-28,2001-01-31,1953-07-31,2001-01-31,-2.9853721170174463,-2.6642256902470183,-2.8577187155487156,ok
30d8a037387ca5d3572817d56abeb86b6c132dd8d0a5293f9c8c71d9ce1e1451,legacy,CRL,0,571,2001-03-31,2001-02-28,1953-08-31,2001-02-28,-2.462501150398544,-2.9853721170174463,-3.0064639619917726,ok
30d8a037387ca5d3572817d56abeb86b6c132dd8d0a5293f9c8c71d9ce1e1451,legacy,CRL,0,571,2001-04-30,2001-03-31,1953-09-30,2001-03-31,-2.459030693452129,-2.462501150398544,-2.7968378353098533,ok
30d8a037387ca5d3572817d56abeb86b6c132dd8d0a5293f9c8c71d9ce1e1451,legacy,CRL,0,571,2001-05-31,2001-04-30,1953-10-31,2001-04-30,-2.9922247396924284,-2.459030693452129,-2.7340208297273416,ok
30d8a037387ca5d3572817d56abeb86b6c132dd8d0a5293f9c8c71d9ce1e1451,legacy,CRL,0,571,2001-06-30,2001-05-31,1953-11-30,2001-05-31,-3.246919804266744,-2.9922247396924284,-2.956217055280201,ok
30d8a037387ca5d3572817d56abeb86b6c132dd8d0a5293f9c8c71d9ce1e1451,legacy,CRL,0,571,2001-07-31,2001-06-30,1953-12-31,2001-06-30,-2.9201817277563444,-3.246919804266744,-3.1705985938149235,ok
30d8a037387ca5d3572817d56abeb86b6c132dd8d0a5293f9c8c71d9ce1e1451,legacy,CRL,0,571,2001-08-31,2001-07-31,1954-01-31,2001-07-31,-3.0514884107311104,-2.9201817277563444,-3.0933917222705194,ok
30d8a037387ca5d3572817d56abeb86b6c132dd8d0a5293f9c8c71d9ce1e1451,legacy,CRL,0,571,2001-09-30,2001-08-31,1954-02-28,2001-08-31,-2.4611074485824003,-3.0514884107311104,-3.1305630419020645,ok
30d8a037387ca5d3572817d56abeb86b6c132dd8d0a5293f9c8c71d9ce1e1451,legacy,CRL,0,571,2001-10-31,2001-09-30,1954-03-31,2001-09-30,-2.8652673663392614,-2.4611074485824003,-2.8252929156447815,ok
30d8a037387ca5d3572817d56abeb86b6c132dd8d0a5293f9c8c71d9ce1e1451,legacy,CRL,0,571,2001-11-30,2001-10-31,1954-04-30,2001-10-31,-3.0669535317160372,-2.8652673663392614,-2.94520156815355,ok
30d8a037387ca5d3572817d56abeb86b6c132dd8d0a5293f9c8c71d9ce1e1451,legacy,CRL,0,571,2001-12-31,2001-11-30,1954-05-31,2001-11-30,-3.161773107603656,-3.0669535317160372,-3.057671236530908,ok
30d8a037387ca5d3572817d56abeb86b6c132dd8d0a5293f9c8c71d9ce1e1451,legacy,CRL,0,571,2002-01-31,2001-12-31,1954-06-30,2001-12-31,-3.0579996618641534,-3.161773107603656,-3.173287192676451,ok
30d8a037387ca5d3572817d56abeb86b6c132dd8d0a5293f9c8c71d9ce1e1451,legacy,CRL,0,571,2002-02-28,2002-01-31,1954-07-31,2002-01-31,-2.9799350071903916,-3.0579996618641534,-3.1534658006356118,ok
30d8a037387ca5d3572817d56abeb86b6c132dd8d0a5293f9c8c71d9ce1e1451,legacy,CRL,0,571,2002-03-31,2002-02-28,1954-08-31,2002-02-28,-3.10739363963361,-2.9799350071903916,-3.1059371254832655,ok
30d8a037387ca5d3572817d56abeb86b6c132dd8d0a5293f9c8c71d9ce1e1451,legacy,CRL,0,571,2002-04-30,2002-03-31,1954-09-30,2002-03-31,-3.0313070929650197,-3.10739363963361,-3.1488089882083297,ok
30d8a037387ca5d3572817d56abeb86b6c132dd8d0a5293f9c8c71d9ce1e1451,legacy,CRL,0,571,2002-05-31,2002-04-30,1954-10-31,2002-04-30,-2.7538487761487103,-3.0313070929650197,-3.1233710279614515,ok
30d8a037387ca5d3572817d56abeb86b6c132dd8d0a5293f9c8c71d9ce1e1451,legacy,CRL,0,571,2002-06-30,2002-05-31,1954-11-30,2002-05-31,-2.7963899311292977,-2.7538487761487103,-2.983238821575803,ok
30d8a037387ca5d3572817d56abeb86b6c132dd8d0a5293f9c8c71d9ce1e1451,legacy,CRL,0,571,2002-07-31,2002-06-30,1954-12-31,2002-06-30,-2.0936717644219573,-2.7963899311292977,-2.9512454060064304,ok
30d8a037387ca5d3572817d56abeb86b6c132dd8d0a5293f9c8c71d9ce1e1451,legacy,CRL,0,571,2002-08-31,2002-07-31,1955-01-31,2002-07-31,-2.334965250310743,-2.0936717644219573,-2.5702376111148544,ok
30d8a037387ca5d3572817d56abeb86b6c132dd8d0a5293f9c8c71d9ce1e1451,legacy,CRL,0,571,2002-09-30,2002-08-31,1955-02-28,2002-08-31,-2.4457724947083546,-2.334965250310743,-2.584305626103807,ok
30d8a037387ca5d3572817d56abeb86b6c132dd8d0a5293f9c8c71d9ce1e1451,legacy,CRL,0,571,2002-10-31,2002-09-30,1955-03-31,2002-09-30,-2.2381485874590115,-2.4457724947083546,-2.608396258227771,ok
30d8a037387ca5d3572817d56abeb86b6c132dd8d0a5293f9c8c71d9ce1e1451,legacy,CRL,0,571,2002-11-30,2002-10-31,1955-04-30,2002-10-31,-2.710705924175827,-2.2381485874590115,-2.5237895122743392,ok
30d8a037387ca5d3572817d56abeb86b6c132dd8d0a5293f9c8c71d9ce1e1451,legacy,CRL,0,571,2002-12-31,2002-11-30,1955-05-31,2002-11-30,-2.9669397498106065,-2.710705924175827,-2.7535086556600485,ok
30d8a037387ca5d3572817d56abeb86b6c132dd8d0a5293f9c8c71d9ce1e1451,legacy,CRL,0,571,2003-01-31,2002-12-31,1955-06-30,2002-12-31,-2.6330623630544365,-2.9669397498106065,-2.9488091599550956,ok
30d8a037387ca5d3572817d56abeb86b6c132dd8d0a5293f9c8c71d9ce1e1451,legacy,CRL,0,571,2003-02-28,2003-01-31,1955-07-31,2003-01-31,-2.9840745753000455,-2.6330623630544365,-2.856594965152347,ok
30d8a037387ca5d3572817d56abeb86b6c132dd8d0a5293f9c8c71d9ce1e1451,legacy,CRL,0,571,2003-03-31,2003-02-28,1955-08-31,2003-02-28,-2.548760188534542,-2.9840745753000455,-3.0134350085420776,ok
30d8a037387ca5d3572817d56abeb86b6c132dd8d0a5293f9c8c71d9ce1e1451,legacy,CRL,0,571,2003-04-30,2003-03-31,1955-09-30,2003-03-31,-2.9002583606826637,-2.548760188534542,-2.8067439451087814,ok
30d8a037387ca5d3572817d56abeb86b6c132dd8d0a5293f9c8c71d9ce1e1451,legacy,CRL,0,571,2003-05-31,2003-04-30,1955-10-31,2003-04-30,-3.054018052228417,-2.9002583606826637,-2.9513027227044977,ok
30d8a037387ca5d3572817d56abeb86b6c132dd8d0a5293f9c8c71d9ce1e1451,legacy,CRL,0,571,2003-06-30,2003-05-31,1955-11-30,2003-05-31,-3.1099359128331163,-3.054018052228417,-3.0476586572992077,ok
30d8a037387ca5d3572817d56abeb86b6c132dd8d0a5293f9c8c71d9ce1e1451,legacy,CRL,0,571,2003-07-31,2003-06-30,1955-12-31,2003-06-30,-3.0977800803014732,-3.1099359128331163,-3.1374452210441346,ok
30d8a037387ca5d3572817d56abeb86b6c132dd8d0a5293f9c8c71d9ce1e1451,legacy,CRL,0,571,2003-08-31,2003-07-31,1956-01-31,2003-07-31,-3.468517511759465,-3.0977800803014732,-3.1552514017714555,ok
30d8a037387ca5d3572817d56abeb86b6c132dd8d0a5293f9c8c71d9ce1e1451,legacy,CRL,0,571,2003-09-30,2003-08-31,1956-02-29,2003-08-31,-3.140232437438156,-3.468517511759465,-3.354120777712917,ok
30d8a037387ca5d3572817d56abeb86b6c132dd8d0a5293f9c8c71d9ce1e1451,legacy,CRL,0,571,2003-10-31,2003-09-30,1956-03-31,2003-09-30,-3.2870041546527653,-3.140232437438156,-3.2421406370051336,ok
30d8a037387ca5d3572817d56abeb86b6c132dd8d0a5293f9c8c71d9ce1e1451,legacy,CRL,0,571,2003-11-30,2003-10-31,1956-04-30,2003-10-31,-3.4985470857007,-3.2870041546527653,-3.3008777069033703,ok
30d8a037387ca5d3572817d56abeb86b6c132dd8d0a5293f9c8c71d9ce1e1451,legacy,CRL,0,571,2003-12-31,2003-11-30,1956-05-31,2003-11-30,-3.513401310816597,-3.4985470857007,-3.403954272870628,ok
30d8a037387ca5d3572817d56abeb86b6c132dd8d0a5293f9c8c71d9ce1e1451,legacy,CRL,0,571,2004-01-31,2003-12-31,1956-06-30,2003-12-31,-3.4650613410497333,-3.513401310816597,-3.4637162366117265,ok
30d8a037387ca5d3572817d56abeb86b6c132dd8d0a5293f9c8c71d9ce1e1451,legacy,CRL,0,571,2004-02-29,2004-01-31,1956-07-31,2004-01-31,-3.7030672085876466,-3.4650613410497333,-3.460982513975517,ok
30d8a037387ca5d3572817d56abeb86b6c132dd8d0a5293f9c8c71d9ce1e1451,legacy,CRL,0,571,2004-03-31,2004-02-29,1956-08-31,2004-02-29,-3.1111763767700684,-3.7030672085876466,-3.5808632443102395,ok
30d8a037387ca5d3572817d56abeb86b6c132dd8d0a5293f9c8c71d9ce1e1451,legacy,CRL,0,571,2004-04-30,2004-03-31,1956-09-30,2004-03-31,-3.3476570468612863,-3.1111763767700684,-3.3039430742091875,ok
30d8a037387ca5d3572817d56abeb86b6c132dd8d0a5293f9c8c71d9ce1e1451,legacy,CRL,0,571,2004-05-31,2004-04-30,1956-10-31,2004-04-30,-3.465504072923295,-3.3476570468612863,-3.3487417993065343,ok
30d8a037387ca5d3572817d56abeb86b6c132dd8d0a5293f9c8c71d9ce1e1451,legacy,CRL,0,571,2004-06-30,2004-05-31,1956-11-30,2004-05-31,-3.585854204402475,-3.465504072923295,-3.395323041743686,ok
30d8a037387ca5d3572817d56abeb86b6c132dd8d0a5293f9c8c71d9ce1e1451,legacy,CRL,0,571,2004-07-31,2004-06-30,1956-12-31,2004-06-30,-3.5773152908117005,-3.585854204402475,-3.5020838392473914,ok
30d8a037387ca5d3572817d56abeb86b6c132dd8d0a5293f9c8c71d9ce1e1451,legacy,CRL,0,571,2004-08-31,2004-07-31,1957-01-31,2004-07-31,-3.2695206621770985,-3.5773152908117005,-3.5283101556196765,ok
30d8a037387ca5d3572817d56abeb86b6c132dd8d0a5293f9c8c71d9ce1e1451,legacy,CRL,0,571,2004-09-30,2004-08-31,1957-02-28,2004-08-31,-3.6272968251254625,-3.2695206621770985,-3.375307439297121,ok
30d8a037387ca5d3572817d56abeb86b6c132dd8d0a5293f9c8c71d9ce1e1451,legacy,CRL,0,571,2004-10-31,2004-09-30,1957-03-31,2004-09-30,-3.35206685176624,-3.6272968251254625,-3.5088313561355395,ok
30d8a037387ca5d3572817d56abeb86b6c132dd8d0a5293f9c8c71d9ce1e1451,legacy,CRL,0,571,2004-11-30,2004-10-31,1957-04-30,2004-10-31,-3.5343348563403656,-3.35206685176624,-3.3978064653430198,ok
30d8a037387ca5d3572817d56abeb86b6c132dd8d0a5293f9c8c71d9ce1e1451,legacy,CRL,0,571,2004-12-31,2004-11-30,1957-05-31,2004-11-30,-3.615011393242337,-3.5343348563403656,-3.4787360077919773,ok
30d8a037387ca5d3572817d56abeb86b6c132dd8d0a5293f9c8c71d9ce1e1451,legacy,CRL,0,571,2005-01-31,2004-12-31,1957-06-30,2004-12-31,-3.550604189909233,-3.615011393242337,-3.5287482613862116,ok
30d8a037387ca5d3572817d56abeb86b6c132dd8d0a5293f9c8c71d9ce1e1451,legacy,CRL,0,571,2005-02-28,2005-01-31,1957-07-31,2005-01-31,-3.543820432764916,-3.550604189909233,-3.5271017112396796,ok
30d8a037387ca5d3572817d56abeb86b6c132dd8d0a5293f9c8c71d9ce1e1451,legacy,CRL,0,571,2005-03-31,2005-02-28,1957-08-31,2005-02-28,-3.5291465415700136,-3.543820432764916,-3.5217172519591795,ok
30d8a037387ca5d3572817d56abeb86b6c132dd8d0a5293f9c8c71d9ce1e1451,legacy,CRL,0,571,2005-04-30,2005-03-31,1957-09-30,2005-03-31,-3.152720424000165,-3.5291465415700136,-3.50648644630005,ok
30d8a037387ca5d3572817d56abeb86b6c132dd8d0a5293f9c8c71d9ce1e1451,legacy,CRL,0,571,2005-05-31,2005-04-30,1957-10-31,2005-04-30,-3.531069871409308,-3.152720424000165,-3.3065312275546397,ok
30d8a037387ca5d3572817d56abeb86b6c132dd8d0a5293f9c8c71d9ce1e1451,legacy,CRL,0,571,2005-06-30,2005-05-31,1957-11-30,2005-05-31,-3.760011284416737,-3.531069871409308,-3.4344798174106272,ok
30d8a037387ca5d3572817d56abeb86b6c132dd8d0a5293f9c8c71d9ce1e1451,legacy,CRL,0,571,2005-07-31,2005-06-30,1957-12-31,2005-06-30,-3.670772300891824,-3.760011284416737,-3.58040194536412,ok
30d8a037387ca5d3572817d56abeb86b6c132dd8d0a5293f9c8c71d9ce1e1451,legacy,CRL,0,571,2005-08-31,2005-07-31,1958-01-31,2005-07-31,-3.63388825571129,-3.670772300891824,-3.6144087841418706,ok
30d8a037387ca5d3572817d56abeb86b6c132dd8d0a5293f9c8c71d9ce1e1451,legacy,CRL,0,571,2005-09-30,2005-08-31,1958-02-28,2005-08-31,-3.6631012230129896,-3.63388825571129,-3.6042787218907764,ok
30d8a037387ca5d3572817d56abeb86b6c132dd8d0a5293f9c8c71d9ce1e1451,legacy,CRL,0,571,2005-10-31,2005-09-30,1958-03-31,2005-09-30,-3.1557527692250877,-3.6631012230129896,-3.6028737009707803,ok
30d8a037387ca5d3572817d56abeb86b6c132dd8d0a5293f9c8c71d9ce1e1451,legacy,CRL,0,571,2005-11-30,2005-10-31,1958-04-30,2005-10-31,-3.7638501534181033,-3.1557527692250877,-3.3412410467984346,ok
30d8a037387ca5d3572817d56abeb86b6c132dd8d0a5293f9c8c71d9ce1e1451,legacy,CRL,0,571,2005-12-31,2005-11-30,1958-05-31,2005-11-30,-3.873253742668005,-3.7638501534181033,-3.5691830404524003,ok
30d8a037387ca5d3572817d56abeb86b6c132dd8d0a5293f9c8c71d9ce1e1451,legacy,CRL,0,571,2006-01-31,2005-12-31,1958-06-30,2005-12-31,-3.4661978775292708,-3.873253742668005,-3.677731619996643,ok
30d8a037387ca5d3572817d56abeb86b6c132dd8d0a5293f9c8c71d9ce1e1451,legacy,CRL,0,571,2006-02-28,2006-01-31,1958-07-31,2006-01-31,-3.670294829123373,-3.4661978775292708,-3.5522790359087764,ok
30d8a037387ca5d3572817d56abeb86b6c132dd8d0a5293f9c8c71d9ce1e1451,legacy,CRL,0,571,2006-03-31,2006-02-28,1958-08-31,2006-02-28,-3.7601645367414083,-3.670294829123373,-3.600294056303659,ok
30d8a037387ca5d3572817d56abeb86b6c132dd8d0a5293f9c8c71d9ce1e1451,legacy,CRL,0,571,2006-04-30,2006-03-31,1958-09-30,2006-03-31,-3.7197949446689256,-3.7601645367414083,-3.637295812696847,ok
30d8a037387ca5d3572817d56abeb86b6c132dd8d0a5293f9c8c71d9ce1e1451,legacy,CRL,0,571,2006-05-31,2006-04-30,1958-10-31,2006-04-30,-3.2999604149500312,-3.7197949446689256,-3.65492592502045,ok
30d8a037387ca5d3572817d56abeb86b6c132dd8d0a5293f9c8c71d9ce1e1451,legacy,CRL,0,571,2006-06-30,2006-05-31,1958-11-30,2006-05-31,-3.085582461863455,-3.2999604149500312,-3.4410972606530126,ok
30d8a037387ca5d3572817d56abeb86b6c132dd8d0a5293f9c8c71d9ce1e1451,legacy,CRL,0,571,2006-07-31,2006-06-30,1958-12-31,2006-06-30,-3.2709844618608197,-3.085582461863455,-3.2524144746991315,ok
30d8a037387ca5d3572817d56abeb86b6c132dd8d0a5293f9c8c71d9ce1e1451,legacy,CRL,0,571,2006-08-31,2006-07-31,1959-01-31,2006-07-31,-3.8405365199338846,-3.2709844618608197,-3.2655326692789943,ok
30d8a037387ca5d3572817d56abeb86b6c132dd8d0a5293f9c8c71d9ce1e1451,legacy,CRL,0,571,2006-09-30,2006-08-31,1959-02-28,2006-08-31,-3.783882481202963,-3.8405365199338846,-3.5686223728619604,ok
30d8a037387ca5d3572817d56abeb86b6c132dd8d0a5293f9c8c71d9ce1e1451,legacy,CRL,0,571,2006-10-31,2006-09-30,1959-03-31,2006-09-30,-3.8554878543326674,-3.783882481202963,-3.656067077261428,ok
30d8a037387ca5d3572817d56abeb86b6c132dd8d0a5293f9c8c71d9ce1e1451,legacy,CRL,0,571,2006-11-30,2006-10-31,1959-04-30,2006-10-31,-3.716627101662895,-3.8554878543326674,-3.746396848170705,ok
30d8a037387ca5d3572817d56abeb86b6c132dd8d0a5293f9c8c71d9ce1e1451,legacy,CRL,0,571,2006-12-31,2006-11-30,1959-05-31,2006-11-30,-3.9701695128147905,-3.716627101662895,-3.679089710049228,ok
30d8a037387ca5d3572817d56abeb86b6c132dd8d0a5293f9c8c71d9ce1e1451,legacy,CRL,0,571,2007-01-31,2006-12-31,1959-06-30,2006-12-31,-3.8522491840295054,-3.9701695128147905,-3.7981088564676018,ok
30d8a037387ca5d3572817d56abeb86b6c132dd8d0a5293f9c8c71d9ce1e1451,legacy,CRL,0,571,2007-02-28,2007-01-31,1959-07-31,2007-01-31,-3.2447480356532115,-3.8522491840295054,-3.7652296642793024,ok
30d8a037387ca5d3572817d56abeb86b6c132dd8d0a5293f9c8c71d9ce1e1451,legacy,CRL,0,571,2007-03-31,2007-02-28,1959-08-31,2007-02-28,-3.222494860521297,-3.2447480356532115,-3.4512768074738998,ok
30d8a037387ca5d3572817d56abeb86b6c132dd8d0a5293f9c8c71d9ce1e1451,legacy,CRL,0,571,2007-04-30,2007-03-31,1959-09-30,2007-03-31,-3.7287460922933597,-3.222494860521297,-3.3240867071477926,ok
30d8a037387ca5d3572817d56abeb86b6c132dd8d0a5293f9c8c71d9ce1e1451,legacy,CRL,0,571,2007-05-31,2007-04-30,1959-10-31,2007-04-30,-3.6341144694358256,-3.7287460922933597,-3.52067442035065,ok
30d8a037387ca5d3572817d56abeb86b6c132dd8d0a5293f9c8c71d9ce1e1451,legacy,CRL,0,571,2007-06-30,2007-05-31,1959-11-30,2007-05-31,-3.258361421759635,-3.6341144694358256,-3.5534025829024727,ok
30d8a037387ca5d3572817d56abeb86b6c132dd8d0a5293f9c8c71d9ce1e1451,legacy,CRL,0,571,2007-07-31,2007-06-30,1959-12-31,2007-06-30,-3.0061550064305833,-3.258361421759635,-3.3982596521949913,ok
30d8a037387ca5d3572817d56abeb86b6c132dd8d0a5293f9c8c71d9ce1e1451,legacy,CRL,0,571,2007-08-31,2007-07-31,1960-01-31,2007-07-31,-2.633783081660371,-3.0061550064305833,-3.1938773500700224,ok
30d8a037387ca5d3572817d56abeb86b6c132dd8d0a5293f9c8c71d9ce1e1451,legacy,CRL,0,571,2007-09-30,2007-08-31,1960-02-29,2007-08-31,-3.1472509000198614,-2.633783081660371,-2.9158527971378305,ok
30d8a037387ca5d3572817d56abeb86b6c132dd8d0a5293f9c8c71d9ce1e1451,legacy,CRL,0,571,2007-10-31,2007-09-30,1960-03-31,2007-09-30,-3.190739924075638,-3.1472509000198614,-3.097631991653784,ok
30d8a037387ca5d3572817d56abeb86b6c132dd8d0a5293f9c8c71d9ce1e1451,legacy,CRL,0,571,2007-11-30,2007-10-31,1960-04-30,2007-10-31,-2.587719024765528,-3.190739924075638,-3.1620359603583346,ok
30d8a037387ca5d3572817d56abeb86b6c132dd8d0a5293f9c8c71d9ce1e1451,legacy,CRL,0,571,2007-12-31,2007-11-30,1960-05-31,2007-11-30,-3.02436059658321,-2.587719024765528,-2.910626764385058,ok
30d8a037387ca5d3572817d56abeb86b6c132dd8d0a5293f9c8c71d9ce1e1451,legacy,CRL,0,571,2008-01-31,2007-12-31,1960-06-30,2007-12-31,-2.661249374022387,-3.02436059658321,-3.046368108883247,ok
30d8a037387ca5d3572817d56abeb86b6c132dd8d0a5293f9c8c71d9ce1e1451,legacy,CRL,0,571,2008-02-29,2008-01-31,1960-07-31,2008-01-31,-2.8603506881048415,-2.661249374022387,-2.8596631105598327,ok
30d8a037387ca5d3572817d56abeb86b6c132dd8d0a5293f9c8c71d9ce1e1451,legacy,CRL,0,571,2008-03-31,2008-02-29,1960-08-31,2008-02-29,-2.538344113377069,-2.8603506881048415,-2.952734707511086,ok
30d8a037387ca5d3572817d56abeb86b6c132dd8d0a5293f9c8c71d9ce1e1451,legacy,CRL,0,571,2008-04-30,2008-03-31,1960-09-30,2008-03-31,-2.9300382779186895,-2.538344113377069,-2.77645175185304,ok
30d8a037387ca5d3572817d56abeb86b6c132dd8d0a5293f9c8c71d9ce1e1451,legacy,CRL,0,571,2008-05-31,2008-04-30,1960-10-31,2008-04-30,-3.204756024564677,-2.9300382779186895,-2.9473589128860294,ok
30d8a037387ca5d3572817d56abeb86b6c132dd8d0a5293f9c8c71d9ce1e1451,legacy,CRL,0,571,2008-06-30,2008-05-31,1960-11-30,2008-05-31,-2.8296817644581433,-3.204756024564677,-3.118417100285056,ok
30d8a037387ca5d3572817d56abeb86b6c132dd8d0a5293f9c8c71d9ce1e1451,legacy,CRL,0,571,2008-07-31,2008-06-30,1960-12-31,2008-06-30,-2.705460207716502,-2.8296817644581433,-3.011806658084625,ok
30d8a037387ca5d3572817d56abeb86b6c132dd8d0a5293f9c8c71d9ce1e1451,legacy,CRL,0,571,2008-08-31,2008-07-31,1961-01-31,2008-07-31,-2.837812391125573,-2.705460207716502,-2.918077672501636,ok
30d8a037387ca5d3572817d56abeb86b6c132dd8d0a5293f9c8c71d9ce1e1451,legacy,CRL,0,571,2008-09-30,2008-08-31,1961-02-28,2008-08-31,-1.8529192183645744,-2.837812391125573,-2.92266815699445,ok
30d8a037387ca5d3572817d56abeb86b6c132dd8d0a5293f9c8c71d9ce1e1451,legacy,CRL,0,571,2008-10-31,2008-09-30,1961-03-31,2008-09-30,-1.42971613203937,-1.8529192183645744,-2.4065462990981903,ok
30d8a037387ca5d3572817d56abeb86b6c132dd8d0a5293f9c8c71d9ce1e1451,legacy,CRL,0,571,2008-11-30,2008-10-31,1961-04-30,2008-10-31,-1.656316012106184,-1.42971613203937,-1.9911363135073645,ok
30d8a037387ca5d3572817d56abeb86b6c132dd8d0a5293f9c8c71d9ce1e1451,legacy,CRL,0,571,2008-12-31,2008-11-30,1961-05-31,2008-11-30,-1.94077400987452,-1.656316012106184,-1.8994878327360607,ok
30d8a037387ca5d3572817d56abeb86b6c132dd8d0a5293f9c8c71d9ce1e1451,legacy,CRL,0,571,2009-01-31,2008-12-31,1961-06-30,2008-12-31,-2.206526753661318,-1.94077400987452,-2.053910838216876,ok
30d8a037387ca5d3572817d56abeb86b6c132dd8d0a5293f9c8c71d9ce1e1451,legacy,CRL,0,571,2009-02-28,2009-01-31,1961-07-31,2009-01-31,-2.2946239453922495,-2.206526753661318,-2.2938047283187486,ok
30d8a037387ca5d3572817d56abeb86b6c132dd8d0a5293f9c8c71d9ce1e1451,legacy,CRL,0,571,2009-03-31,2009-02-28,1961-08-31,2009-02-28,-1.9582508837470343,-2.2946239453922495,-2.418778540880149,ok
30d8a037387ca5d3572817d56abeb86b6c132dd8d0a5293f9c8c71d9ce1e1451,legacy,CRL,0,571,2009-04-30,2009-03-31,1961-09-30,2009-03-31,-2.443587835277547,-1.9582508837470343,-2.255573913116746,ok
30d8a037387ca5d3572817d56abeb86b6c132dd8d0a5293f9c8c71d9ce1e1451,legacy,CRL,0,571,2009-05-31,2009-04-30,1961-10-31,2009-04-30,-2.5321700284042636,-2.443587835277547,-2.497972465643749,ok
30d8a037387ca5d3572817d56abeb86b6c132dd8d0a5293f9c8c71d9ce1e1451,legacy,CRL,0,571,2009-06-30,2009-05-31,1961-11-30,2009-05-31,-2.8287513462734335,-2.5321700284042636,-2.58564746522128,ok
30d8a037387ca5d3572817d56abeb86b6c132dd8d0a5293f9c8c71d9ce1e1451,legacy,CRL,0,571,2009-07-31,2009-06-30,1961-12-31,2009-06-30,-2.793345786712595,-2.8287513462734335,-2.83068991814568,ok
30d8a037387ca5d3572817d56abeb86b6c132dd8d0a5293f9c8c71d9ce1e1451,legacy,CRL,0,571,2009-08-31,2009-07-31,1962-01-31,2009-07-31,-3.0644616714098785,-2.793345786712595,-2.865868818339237,ok
30d8a037387ca5d3572817d56abeb86b6c132dd8d0a5293f9c8c71d9ce1e1451,legacy,CRL,0,571,2009-09-30,2009-08-31,1962-02-28,2009-08-31,-3.130025280604083,-3.0644616714098785,-3.0472435279853807,ok
30d8a037387ca5d3572817d56abeb86b6c132dd8d0a5293f9c8c71d9ce1e1451,legacy,CRL,0,571,2009-10-31,2009-09-30,1962-03-31,2009-09-30,-2.7700971285615434,-3.130025280604083,-3.1210035895556762,ok
30d8a037387ca5d3572817d56abeb86b6c132dd8d0a5293f9c8c71d9ce1e1451,legacy,CRL,0,571,2009-11-30,2009-10-31,1962-04-30,2009-10-31,-3.1107964455907346,-2.7700971285615434,-2.9637108522782034,ok
30d8a037387ca5d3572817d56abeb86b6c132dd8d0a5293f9c8c71d9ce1e1451,legacy,CRL,0,571,2009-12-31,2009-11-30,1962-05-31,2009-11-30,-3.4880632358514134,-3.1107964455907346,-3.0940512306898524,ok
30d8a037387ca5d3572817d56abeb86b6c132dd8d0a5293f9c8c71d9ce1e1451,legacy,CRL,0,571,2010-01-31,2009-12-31,1962-06-30,2009-12-31,-3.1051107340740467,-3.4880632358514134,-3.3160458042210594,ok
30d8a037387ca5d3572817d56abeb86b6c132dd8d0a5293f9c8c71d9ce1e1451,legacy,CRL,0,571,2010-02-28,2010-01-31,1962-07-31,2010-01-31,-3.0178391591893847,-3.1051107340740467,-3.2133476706893918,ok
30d8a037387ca5d3572817d56abeb86b6c132dd8d0a5293f9c8c71d9ce1e1451,legacy,CRL,0,571,2010-03-31,2010-02-28,1962-08-31,2010-02-28,-3.6861498116127507,-3.0178391591893847,-3.1439009989820317,ok
30d8a037387ca5d3572817d56abeb86b6c132dd8d0a5293f9c8c71d9ce1e1451,legacy,CRL,0,571,2010-04-30,2010-03-31,1962-09-30,2010-03-31,-3.1571807998960457,-3.6861498116127507,-3.446372897065756,ok
30d8a037387ca5d3572817d56abeb86b6c132dd8d0a5293f9c8c71d9ce1e1451,legacy,CRL,0,571,2010-05-31,2010-04-30,1962-10-31,2010-04-30,-2.407193011304442,-3.1571807998960457,-3.2688407651544,ok
30d8a037387ca5d3572817d56abeb86b6c132dd8d0a5293f9c8c71d9ce1e1451,legacy,CRL,0,571,2010-06-30,2010-05-31,1962-11-30,2010-05-31,-2.590131684949471,-2.407193011304442,-2.849156685039942,ok
30d8a037387ca5d3572817d56abeb86b6c132dd8d0a5293f9c8c71d9ce1e1451,legacy,CRL,0,571,2010-07-31,2010-06-30,1962-12-31,2010-06-30,-2.852932567849959,-2.590131684949471,-2.751485725851457,ok
30d8a037387ca5d3572817d56abeb86b6c132dd8d0a5293f9c8c71d9ce1e1451,legacy,CRL,0,571,2010-08-31,2010-07-31,1963-01-31,2010-07-31,-2.9530416640092794,-2.852932567849959,-2.8316853199586998,ok
30d8a037387ca5d3572817d56abeb86b6c132dd8d0a5293f9c8c71d9ce1e1451,legacy,CRL,0,571,2010-09-30,2010-08-31,1963-02-28,2010-08-31,-3.038118590021741,-2.9530416640092794,-2.953434607697698,ok
30d8a037387ca5d3572817d56abeb86b6c132dd8d0a5293f9c8c71d9ce1e1451,legacy,CRL,0,571,2010-10-31,2010-09-30,1963-03-31,2010-09-30,-3.418407956833649,-3.038118590021741,-3.0494858718434594,ok
30d8a037387ca5d3572817d56abeb86b6c132dd8d0a5293f9c8c71d9ce1e1451,legacy,CRL,0,571,2010-11-30,2010-10-31,1963-04-30,2010-10-31,-3.1787815912351842,-3.418407956833649,-3.282779236516263,ok
30d8a037387ca5d3572817d56abeb86b6c132dd8d0a5293f9c8c71d9ce1e1451,legacy,CRL,0,571,2010-12-31,2010-11-30,1963-05-31,2010-11-30,-3.553444149972958,-3.1787815912351842,-3.226170700903345,ok
30d8a037387ca5d3572817d56abeb86b6c132dd8d0a5293f9c8c71d9ce1e1451,legacy,CRL,0,571,2011-01-31,2010-12-31,1963-06-30,2010-12-31,-3.5254625792369607,-3.553444149972958,-3.4356953409704847,ok
30d8a037387ca5d3572817d56abeb86b6c132dd8d0a5293f9c8c71d9ce1e1451,legacy,CRL,0,571,2011-02-28,2011-01-31,1963-07-31,2011-01-31,-3.421017028944507,-3.5254625792369607,-3.4539414199183907,ok
30d8a037387ca5d3572817d56abeb86b6c132dd8d0a5293f9c8c71d9ce1e1451,legacy,CRL,0,571,2011-03-31,2011-02-28,1963-08-31,2011-02-28,-3.0256567272535344,-3.421017028944507,-3.4382433508266614,ok
30d8a037387ca5d3572817d56abeb86b6c132dd8d0a5293f9c8c71d9ce1e1451,legacy,CRL,0,571,2011-04-30,2011-03-31,1963-09-30,2011-03-31,-3.6813619979803685,-3.0256567272535344,-3.2059724151015367,ok
30d8a037387ca5d3572817d56abeb86b6c132dd8d0a5293f9c8c71d9ce1e1451,legacy,CRL,0,571,2011-05-31,2011-04-30,1963-10-31,2011-04-30,-3.4864984354795028,-3.6813619979803685,-3.481088472763804,ok
30d8a037387ca5d3572817d56abeb86b6c132dd8d0a5293f9c8c71d9ce1e1451,legacy,CRL,0,571,2011-06-30,2011-05-31,1963-11-30,2011-05-31,-3.0353184736868135,-3.4864984354795028,-3.440933908952908,ok
30d8a037387ca5d3572817d56abeb86b6c132dd8d0a5293f9c8c71d9ce1e1451,legacy,CRL,0,571,2011-07-31,2011-06-30,1963-12-31,2011-06-30,-3.1500524848844638,-3.0353184736868135,-3.243539148758197,ok
30d8a037387ca5d3572817d56abeb86b6c132dd8d0a5293f9c8c71d9ce1e1451,legacy,CRL,0,571,2011-08-31,2011-07-31,1964-01-31,2011-07-31,-1.9665046707257416,-3.1500524848844638,-3.2040381313569473,ok
30d8a037387ca5d3572817d56abeb86b6c132dd8d0a5293f9c8c71d9ce1e1451,legacy,CRL,0,571,2011-09-30,2011-08-31,1964-02-29,2011-08-31,-2.481306279652722,-1.9665046707257416,-2.536194525501193,ok
30d8a037387ca5d3572817d56abeb86b6c132dd8d0a5293f9c8c71d9ce1e1451,legacy,CRL,0,571,2011-10-31,2011-09-30,1964-03-31,2011-09-30,-2.457655436729706,-2.481306279652722,-2.618068631718637,ok
30d8a037387ca5d3572817d56abeb86b6c132dd8d0a5293f9c8c71d9ce1e1451,legacy,CRL,0,571,2011-11-30,2011-10-31,1964-04-30,2011-10-31,-2.4359863431041875,-2.457655436729706,-2.5546615055833275,ok
30d8a037387ca5d3572817d56abeb86b6c132dd8d0a5293f9c8c71d9ce1e1451,legacy,CRL,0,571,2011-12-31,2011-11-30,1964-05-31,2011-11-30,-2.9483163558607832,-2.4359863431041875,-2.5957866070022892,ok
30d8a037387ca5d3572817d56abeb86b6c132dd8d0a5293f9c8c71d9ce1e1451,legacy,CRL,0,571,2012-01-31,2011-12-31,1964-06-30,2011-12-31,-3.6753549263674072,-2.9483163558607832,-2.864130013974209,ok
30d8a037387ca5d3572817d56abeb86b6c132dd8d0a5293f9c8c71d9ce1e1451,legacy,CRL,0,571,2012-02-29,2012-01-31,1964-07-31,2012-01-31,-3.6938984477186816,-3.6753549263674072,-3.3409464532532755,ok
30d8a037387ca5d3572817d56abeb86b6c132dd8d0a5293f9c8c71d9ce1e1451,legacy,CRL,0,571,2012-03-31,2012-02-29,1964-08-31,2012-02-29,-3.3843465262657215,-3.6938984477186816,-3.53124661706643,ok
30d8a037387ca5d3572817d56abeb86b6c132dd8d0a5293f9c8c71d9ce1e1451,legacy,CRL,0,571,2012-04-30,2012-03-31,1964-09-30,2012-03-31,-3.210146241345559,-3.3843465262657215,-3.4510278527435903,ok
30d8a037387ca5d3572817d56abeb86b6c132dd8d0a5293f9c8c71d9ce1e1451,legacy,CRL,0,571,2012-05-31,2012-04-30,1964-10-31,2012-04-30,-3.2497545069314553,-3.210146241345559,-3.3091751958057314,ok
30d8a037387ca5d3572817d56abeb86b6c132dd8d0a5293f9c8c71d9ce1e1451,legacy,CRL,0,571,2012-06-30,2012-05-31,1964-11-30,2012-05-31,-2.8366615287918187,-3.2497545069314553,-3.2672144525147626,ok
30d8a037387ca5d3572817d56abeb86b6c132dd8d0a5293f9c8c71d9ce1e1451,legacy,CRL,0,571,2012-07-31,2012-06-30,1964-12-31,2012-06-30,-3.2378719180591355,-2.8366615287918187,-3.029838606336874,ok
30d8a037387ca5d3572817d56abeb86b6c132dd8d0a5293f9c8c71d9ce1e1451,legacy,CRL,0,571,2012-08-31,2012-07-31,1965-01-31,2012-07-31,-3.6166817154299276,-3.2378719180591355,-3.1889684325963525,ok
30d8a037387ca5d3572817d56abeb86b6c132dd8d0a5293f9c8c71d9ce1e1451,legacy,CRL,0,571,2012-09-30,2012-08-31,1965-02-28,2012-08-31,-3.4378098591980444,-3.6166817154299276,-3.409703314287108,ok
30d8a037387ca5d3572817d56abeb86b6c132dd8d0a5293f9c8c71d9ce1e1451,legacy,CRL,0,571,2012-10-31,2012-09-30,1965-03-31,2012-09-30,-3.4888694072163897,-3.4378098591980444,-3.4144685218938964,ok
30d8a037387ca5d3572817d56abeb86b6c132dd8d0a5293f9c8c71d9ce1e1451,legacy,CRL,0,571,2012-11-30,2012-10-31,1965-04-30,2012-10-31,-3.130457558392097,-3.4888694072163897,-3.4581625200800525,ok
30d8a037387ca5d3572817d56abeb86b6c132dd8d0a5293f9c8c71d9ce1e1451,legacy,CRL,0,571,2012-12-31,2012-11-30,1965-05-31,2012-11-30,-3.438879816972799,-3.130457558392097,-3.249944656823744,ok
30d8a037387ca5d3572817d56abeb86b6c132dd8d0a5293f9c8c71d9ce1e1451,legacy,CRL,0,571,2013-01-31,2012-12-31,1965-06-30,2012-12-31,-3.5122743260836247,-3.438879816972799,-3.358000938805018,ok
30d8a037387ca5d3572817d56abeb86b6c132dd8d0a5293f9c8c71d9ce1e1451,legacy,CRL,0,571,2013-02-28,2013-01-31,1965-07-31,2013-01-31,-3.3434701265797875,-3.5122743260836247,-3.4156963047308873,ok
30d8a037387ca5d3572817d56abeb86b6c132dd8d0a5293f9c8c71d9ce1e1451,legacy,CRL,0,571,2013-03-31,2013-02-28,1965-08-31,2013-02-28,-3.8179084623195907,-3.3434701265797875,-3.368778844182369,ok
30d8a037387ca5d3572817d56abeb86b6c132dd8d0a5293f9c8c71d9ce1e1451,legacy,CRL,0,571,2013-04-30,2013-03-31,1965-09-30,2013-03-31,-3.190861789295619,-3.8179084623195907,-3.5968955283898714,ok
30d8a037387ca5d3572817d56abeb86b6c132dd8d0a5293f9c8c71d9ce1e1451,legacy,CRL,0,571,2013-05-31,2013-04-30,1965-10-31,2013-04-30,-3.446126454815234,-3.190861789295619,-3.333763026672555,ok
30d8a037387ca5d3572817d56abeb86b6c132dd8d0a5293f9c8c71d9ce1e1451,legacy,CRL,0,571,2013-06-30,2013-05-31,1965-11-30,2013-05-31,-3.0453169802170232,-3.446126454815234,-3.4045436069298773,ok
30d8a037387ca5d3572817d56abeb86b6c132dd8d0a5293f9c8c71d9ce1e1451,legacy,CRL,0,571,2013-07-31,2013-06-30,1965-12-31,2013-06-30,-3.802623427578242,-3.0453169802170232,-3.180070896461723,ok
30d8a037387ca5d3572817d56abeb86b6c132dd8d0a5293f9c8c71d9ce1e1451,legacy,CRL,0,571,2013-08-31,2013-07-31,1966-01-31,2013-07-31,-3.4765909912871975,-3.802623427578242,-3.525427623089831,ok
30d8a037387ca5d3572817d56abeb86b6c132dd8d0a5293f9c8c71d9ce1e1451,legacy,CRL,0,571,2013-09-30,2013-08-31,1966-02-28,2013-08-31,-3.6937395473295953,-3.4765909912871975,-3.4599055844749533,ok
30d8a037387ca5d3572817d56abeb86b6c132dd8d0a5293f9c8c71d9ce1e1451,legacy,CRL,0,571,2013-10-31,2013-09-30,1966-03-31,2013-09-30,-3.2760200523947183,-3.6937395473295953,-3.5795306574004684,ok
30d8a037387ca5d3572817d56abeb86b6c132dd8d0a5293f9c8c71d9ce1e1451,legacy,CRL,0,571,2013-11-30,2013-10-31,1966-04-30,2013-10-31,-3.6747290764851526,-3.2760200523947183,-3.368049824022445,ok
30d8a037387ca5d3572817d56abeb86b6c132dd8d0a5293f9c8c71d9ce1e1451,legacy,CRL,0,571,2013-12-31,2013-11-30,1966-05-31,2013-11-30,-3.6040416781045184,-3.6747290764851526,-3.5269081049323425,ok
30d8a037387ca5d3572817d56abeb86b6c132dd8d0a5293f9c8c71d9ce1e1451,legacy,CRL,0,571,2014-01-31,2013-12-31,1966-06-30,2013-12-31,-3.3171375685353466,-3.6040416781045184,-3.5253355812709684,ok
30d8a037387ca5d3572817d56abeb86b6c132dd8d0a5293f9c8c71d9ce1e1451,legacy,CRL,0,571,2014-02-28,2014-01-31,1966-07-31,2014-01-31,-3.3386797926341574,-3.3171375685353466,-3.393222678451531,ok
30d8a037387ca5d3572817d56abeb86b6c132dd8d0a5293f9c8c71d9ce1e1451,legacy,CRL,0,571,2014-03-31,2014-02-28,1966-08-31,2014-02-28,-3.5256578627092043,-3.3386797926341574,-3.3492195523308563,ok
30d8a037387ca5d3572817d56abeb86b6c132dd8d0a5293f9c8c71d9ce1e1451,legacy,CRL,0,571,2014-04-30,2014-03-31,1966-09-30,2014-03-31,-3.2955126404999024,-3.5256578627092043,-3.427713918540827,ok
30d8a037387ca5d3572817d56abeb86b6c132dd8d0a5293f9c8c71d9ce1e1451,legacy,CRL,0,571,2014-05-31,2014-04-30,1966-10-31,2014-04-30,-3.7483017283266418,-3.2955126404999024,-3.3387988906656196,ok
30d8a037387ca5d3572817d56abeb86b6c132dd8d0a5293f9c8c71d9ce1e1451,legacy,CRL,0,571,2014-06-30,2014-05-31,1966-11-30,2014-05-31,-4.087403595110627,-3.7483017283266418,-3.5538082979742542,ok
30d8a037387ca5d3572817d56abeb86b6c132dd8d0a5293f9c8c71d9ce1e1451,legacy,CRL,0,571,2014-07-31,2014-06-30,1966-12-31,2014-06-30,-3.4754874909402718,-4.087403595110627,-3.789339975290137,ok
30d8a037387ca5d3572817d56abeb86b6c132dd8d0a5293f9c8c71d9ce1e1451,legacy,CRL,0,571,2014-08-31,2014-07-31,1967-01-31,2014-07-31,-3.758175341489735,-3.4754874909402718,-3.5633214756607896,ok
30d8a037387ca5d3572817d56abeb86b6c132dd8d0a5293f9c8c71d9ce1e1451,legacy,CRL,0,571,2014-09-30,2014-08-31,1967-02-28,2014-08-31,-3.6148214505759886,-3.758175341489735,-3.639694668219154,ok
30d8a037387ca5d3572817d56abeb86b6c132dd8d0a5293f9c8c71d9ce1e1451,legacy,CRL,0,571,2014-10-31,2014-09-30,1967-03-31,2014-09-30,-2.9141171757759734,-3.6148214505759886,-3.5591221028043423,ok
30d8a037387ca5d3572817d56abeb86b6c132dd8d0a5293f9c8c71d9ce1e1451,legacy,CRL,0,571,2014-11-30,2014-10-31,1967-04-30,2014-10-31,-4.403441476450015,-2.9141171757759734,-3.1926252994023265,ok
30d8a037387ca5d3572817d56abeb86b6c132dd8d0a5293f9c8c71d9ce1e1451,legacy,CRL,0,571,2014-12-31,2014-11-30,1967-05-31,2014-11-30,-3.1118286510639352,-4.403441476450015,-3.821239671278698,ok
30d8a037387ca5d3572817d56abeb86b6c132dd8d0a5293f9c8c71d9ce1e1451,legacy,CRL,0,571,2015-01-31,2014-12-31,1967-06-30,2014-12-31,-3.0531195840611964,-3.1118286510639352,-3.3855562977362395,ok
30d8a037387ca5d3572817d56abeb86b6c132dd8d0a5293f9c8c71d9ce1e1451,legacy,CRL,0,571,2015-02-28,2015-01-31,1967-07-31,2015-01-31,-3.562245097331633,-3.0531195840611964,-3.2591616160788885,ok
30d8a037387ca5d3572817d56abeb86b6c132dd8d0a5293f9c8c71d9ce1e1451,legacy,CRL,0,571,2015-03-31,2015-02-28,1967-08-31,2015-02-28,-3.1816129636323156,-3.562245097331633,-3.361054439736952,ok
30d8a037387ca5d3572817d56abeb86b6c132dd8d0a5293f9c8c71d9ce1e1451,legacy,CRL,0,571,2015-04-30,2015-03-31,1967-09-30,2015-03-31,-3.7301577097521137,-3.1816129636323156,-3.2598350370056495,ok
30d8a037387ca5d3572817d56abeb86b6c132dd8d0a5293f9c8c71d9ce1e1451,legacy,CRL,0,571,2015-05-31,2015-04-30,1967-10-31,2015-04-30,-3.515261724921692,-3.7301577097521137,-3.5123752712732452,ok
30d8a037387ca5d3572817d56abeb86b6c132dd8d0a5293f9c8c71d9ce1e1451,legacy,CRL,0,571,2015-06-30,2015-05-31,1967-11-30,2015-05-31,-3.4246395604529183,-3.515261724921692,-3.4700428361716034,ok
30d8a037387ca5d3572817d56abeb86b6c132dd8d0a5293f9c8c71d9ce1e1451,legacy,CRL,0,571,2015-07-31,2015-06-30,1967-12-31,2015-06-30,-3.379834324533906,-3.4246395604529183,-3.4449659778694928,ok
30d8a037387ca5d3572817d56abeb86b6c132dd8d0a5293f9c8c71d9ce1e1451,legacy,CRL,0,571,2015-08-31,2015-07-31,1968-01-31,2015-07-31,-2.567702579344776,-3.379834324533906,-3.384370788868285,ok
30d8a037387ca5d3572817d56abeb86b6c132dd8d0a5293f9c8c71d9ce1e1451,legacy,CRL,0,571,2015-09-30,2015-08-31,1968-02-29,2015-08-31,-2.7509836865610584,-2.567702579344776,-2.9670348787901126,ok
30d8a037387ca5d3572817d56abeb86b6c132dd8d0a5293f9c8c71d9ce1e1451,legacy,CRL,0,571,2015-10-31,2015-09-30,1968-03-31,2015-09-30,-3.219259102962737,-2.7509836865610584,-2.8895748235051837,ok
30d8a037387ca5d3572817d56abeb86b6c132dd8d0a5293f9c8c71d9ce1e1451,legacy,CRL,0,571,2015-11-30,2015-10-31,1968-04-30,2015-10-31,-3.3994804010076436,-3.219259102962737,-3.074322749116803,ok
30d8a037387ca5d3572817d56abeb86b6c132dd8d0a5293f9c8c71d9ce1e1451,legacy,CRL,0,571,2015-12-31,2015-11-30,1968-05-31,2015-11-30,-2.9313513610844177,-3.3994804010076436,-3.2725369446512467,ok
30d8a037387ca5d3572817d56abeb86b6c132dd8d0a5293f9c8c71d9ce1e1451,legacy,CRL,0,571,2016-01-31,2015-12-31,1968-06-30,2015-12-31,-2.721796067769684,-2.9313513610844177,-3.122859451267484,ok
30d8a037387ca5d3572817d56abeb86b6c132dd8d0a5293f9c8c71d9ce1e1451,legacy,CRL,0,571,2016-02-29,2016-01-31,1968-07-31,2016-01-31,-2.975885937336674,-2.721796067769684,-2.9498802671844757,ok
30d8a037387ca5d3572817d56abeb86b6c132dd8d0a5293f9c8c71d9ce1e1451,legacy,CRL,0,571,2016-03-31,2016-02-29,1968-08-31,2016-02-29,-3.3396579653309333,-2.975885937336674,-2.9880777880436176,ok
30d8a037387ca5d3572817d56abeb86b6c132dd8d0a5293f9c8c71d9ce1e1451,legacy,CRL,0,571,2016-04-30,2016-03-31,1968-09-30,2016-03-31,-3.5543031478531373,-3.3396579653309333,-3.194641555022935,ok
30d8a037387ca5d3572817d56abeb86b6c132dd8d0a5293f9c8c71d9ce1e1451,legacy,CRL,0,571,2016-05-31,2016-04-30,1968-10-31,2016-04-30,-3.457732751318138,-3.5543031478531373,-3.39324918003486,ok
30d8a037387ca5d3572817d56abeb86b6c132dd8d0a5293f9c8c71d9ce1e1451,legacy,CRL,0,571,2016-06-30,2016-05-31,1968-11-30,2016-05-31,-2.9208097471793346,-3.457732751318138,-3.4207957522169155,ok
30d8a037387ca5d3572817d56abeb86b6c132dd8d0a5293f9c8c71d9ce1e1451,legacy,CRL,0,571,2016-07-31,2016-06-30,1968-12-31,2016-06-30,-3.82748206452236,-2.9208097471793346,-3.1636473531275984,ok
30d8a037387ca5d3572817d56abeb86b6c132dd8d0a5293f9c8c71d9ce1e1451,legacy,CRL,0,571,2016-08-31,2016-07-31,1969-01-31,2016-07-31,-4.092448513398336,-3.82748206452236,-3.498766984746383,ok
30d8a037387ca5d3572817d56abeb86b6c132dd8d0a5293f9c8c71d9ce1e1451,legacy,CRL,0,571,2016-09-30,2016-08-31,1969-02-28,2016-08-31,-3.192551585892722,-4.092448513398336,-3.722080504961649,ok
30d8a037387ca5d3572817d56abeb86b6c132dd8d0a5293f9c8c71d9ce1e1451,legacy,CRL,0,571,2016-10-31,2016-09-30,1969-03-31,2016-09-30,-3.9566514163288296,-3.192551585892722,-3.432392927276716,ok
30d8a037387ca5d3572817d56abeb86b6c132dd8d0a5293f9c8c71d9ce1e1451,legacy,CRL,0,571,2016-11-30,2016-10-31,1969-04-30,2016-10-31,-3.487974422258749,-3.9566514163288296,-3.675854757628904,ok
30d8a037387ca5d3572817d56abeb86b6c132dd8d0a5293f9c8c71d9ce1e1451,legacy,CRL,0,571,2016-12-31,2016-11-30,1969-05-31,2016-11-30,-3.7787223692336043,-3.487974422258749,-3.4872025955837236,ok
30d8a037387ca5d3572817d56abeb86b6c132dd8d0a5293f9c8c71d9ce1e1451,legacy,CRL,0,571,2017-01-31,2016-12-31,1969-06-30,2016-12-31,-4.001828361753411,-3.7787223692336043,-3.625936911907621,ok
30d8a037387ca5d3572817d56abeb86b6c132dd8d0a5293f9c8c71d9ce1e1451,legacy,CRL,0,571,2017-02-28,2017-01-31,1969-07-31,2017-01-31,-4.204700139152802,-4.001828361753411,-3.7279114948700514,ok
30d8a037387ca5d3572817d56abeb86b6c132dd8d0a5293f9c8c71d9ce1e1451,legacy,CRL,0,571,2017-03-31,2017-02-28,1969-08-31,2017-02-28,-3.7314192152872128,-4.204700139152802,-3.894024452473833,ok
30d8a037387ca5d3572817d56abeb86b6c132dd8d0a5293f9c8c71d9ce1e1451,legacy,CRL,0,571,2017-04-30,2017-03-31,1969-09-30,2017-03-31,-3.926652018374449,-3.7314192152872128,-3.7357541694206304,ok
30d8a037387ca5d3572817d56abeb86b6c132dd8d0a5293f9c8c71d9ce1e1451,legacy,CRL,0,571,2017-05-31,2017-04-30,1969-10-31,2017-04-30,-3.7920847378875453,-3.926652018374449,-3.770597673279069,ok
30d8a037387ca5d3572817d56abeb86b6c132dd8d0a5293f9c8c71d9ce1e1451,legacy,CRL,0,571,2017-06-30,2017-05-31,1969-11-30,2017-05-31,-3.856214910874562,-3.7920847378875453,-3.6900322187823105,ok
30d8a037387ca5d3572817d56abeb86b6c132dd8d0a5293f9c8c71d9ce1e1451,legacy,CRL,0,571,2017-07-31,2017-06-30,1969-12-31,2017-06-30,-4.129870024958818,-3.856214910874562,-3.7196931000664684,ok
30d8a037387ca5d3572817d56abeb86b6c132dd8d0a5293f9c8c71d9ce1e1451,legacy,CRL,0,571,2017-08-31,2017-07-31,1970-01-31,2017-07-31,-3.5924378123925567,-4.129870024958818,-3.8453698793341573,ok
30d8a037387ca5d3572817d56abeb86b6c132dd8d0a5293f9c8c71d9ce1e1451,legacy,CRL,0,571,2017-09-30,2017-08-31,1970-02-28,2017-08-31,-4.134666486968067,-3.5924378123925567,-3.6528644429813335,ok
30d8a037387ca5d3572817d56abeb86b6c132dd8d0a5293f9c8c71d9ce1e1451,legacy,CRL,0,571,2017-10-31,2017-09-30,1970-03-31,2017-09-30,-4.216826264874244,-4.134666486968067,-3.839456514586344,ok
30d8a037387ca5d3572817d56abeb86b6c132dd8d0a5293f9c8c71d9ce1e1451,legacy,CRL,0,571,2017-11-30,2017-10-31,1970-04-30,2017-10-31,-3.974205538921206,-4.216826264874244,-3.918935017773065,ok
30d8a037387ca5d3572817d56abeb86b6c132dd8d0a5293f9c8c71d9ce1e1451,legacy,CRL,0,571,2017-12-31,2017-11-30,1970-05-31,2017-11-30,-4.1605958145165705,-3.974205538921206,-3.896887204333345,ok
30d8a037387ca5d3572817d56abeb86b6c132dd8d0a5293f9c8c71d9ce1e1451,legacy,CRLX,0,571,1997-08-31,1997-07-31,1950-01-31,1997-07-31,-2.997998940254238,-3.1084047309706033,-3.4084454322622455,ok
30d8a037387ca5d3572817d56abeb86b6c132dd8d0a5293f9c8c71d9ce1e1451,legacy,CRLX,0,571,1997-09-30,1997-08-31,1950-02-28,1997-08-31,-2.9805233450013167,-2.997998940254238,-3.2421887175487942,ok
30d8a037387ca5d3572817d56abeb86b6c132dd8d0a5293f9c8c71d9ce1e1451,legacy,CRLX,0,571,1997-10-31,1997-09-30,1950-03-31,1997-09-30,-2.3238652771202104,-2.9805233450013167,-3.245462264690615,ok
30d8a037387ca5d3572817d56abeb86b6c132dd8d0a5293f9c8c71d9ce1e1451,legacy,CRLX,0,571,1997-11-30,1997-10-31,1950-04-30,1997-10-31,-2.967779424466623,-2.3238652771202104,-2.8242807874428024,ok
30d8a037387ca5d3572817d56abeb86b6c132dd8d0a5293f9c8c71d9ce1e1451,legacy,CRLX,0,571,1997-12-31,1997-11-30,1950-05-31,1997-11-30,-3.0514972683227777,-2.967779424466623,-2.989099215324802,ok
30d8a037387ca5d3572817d56abeb86b6c132dd8d0a5293f9c8c71d9ce1e1451,legacy,CRLX,0,571,1998-01-31,1997-12-31,1950-06-30,1997-12-31,-2.998809877493172,-3.0514972683227777,-3.0572511678339467,ok
30d8a037387ca5d3572817d56abeb86b6c132dd8d0a5293f9c8c71d9ce1e1451,legacy,CRLX,0,571,1998-02-28,1998-01-31,1950-07-31,1998-01-31,-3.4342451514940397,-2.998809877493172,-3.197968554451365,ok
30d8a037387ca5d3572817d56abeb86b6c132dd8d0a5293f9c8c71d9ce1e1451,legacy,CRLX,0,571,1998-03-31,1998-02-28,1950-08-31,1998-02-28,-3.3950363195710853,-3.4342451514940397,-3.5029616191427397,ok
30d8a037387ca5d3572817d56abeb86b6c132dd8d0a5293f9c8c71d9ce1e1451,legacy,CRLX,0,571,1998-04-30,1998-03-31,1950-09-30,1998-03-31,-3.2134051996183786,-3.3950363195710853,-3.4624701636045176,ok
30d8a037387ca5d3572817d56abeb86b6c132dd8d0a5293f9c8c71d9ce1e1451,legacy,CRLX,0,571,1998-05-31,1998-04-30,1950-10-31,1998-04-30,-3.473595749393068,-3.2134051996183786,-3.4173354134486367,ok
30d8a037387ca5d3572817d56abeb86b6c132dd8d0a5293f9c8c71d9ce1e1451,legacy,CRLX,0,571,1998-06-30,1998-05-31,1950-11-30,1998-05-31,-3.084631870788053,-3.473595749393068,-3.329605244481539,ok
30d8a037387ca5d3572817d56abeb86b6c132dd8d0a5293f9c8c71d9ce1e1451,legacy,CRLX,0,571,1998-07-31,1998-06-30,1950-12-31,1998-06-30,-3.0497952329188918,-3.084631870788053,-3.2965399983125434,ok
30d8a037387ca5d3572817d56abeb86b6c132dd8d0a5293f9c8c71d9ce1e1451,legacy,CRLX,0,571,1998-08-31,1998-07-31,1951-01-31,1998-07-31,-2.314262503723685,-3.0497952329188918,-3.0904613149589553,ok
30d8a037387ca5d3572817d56abeb86b6c132dd8d0a5293f9c8c71d9ce1e1451,legacy,CRLX,0,571,1998-09-30,1998-08-31,1951-02-28,1998-08-31,-2.3129763371118237,-2.314262503723685,-2.481419762491455,ok
30d8a037387ca5d3572817d56abeb86b6c132dd8d0a5293f9c8c71d9ce1e1451,legacy,CRLX,0,571,1998-10-31,1998-09-30,1951-03-31,1998-09-30,-2.638868495322673,-2.3129763371118237,-2.8091848621862296,ok
30d8a037387ca5d3572817d56abeb86b6c132dd8d0a5293f9c8c71d9ce1e1451,legacy,CRLX,0,571,1998-11-30,1998-10-31,1951-04-30,1998-10-31,-3.1231521925257173,-2.638868495322673,-2.998263843212933,ok
30d8a037387ca5d3572817d56abeb86b6c132dd8d0a5293f9c8c71d9ce1e1451,legacy,CRLX,0,571,1998-12-31,1998-11-30,1951-05-31,1998-11-30,-2.8614581487687634,-3.1231521925257173,-3.239408706293883,ok
30d8a037387ca5d3572817d56abeb86b6c132dd8d0a5293f9c8c71d9ce1e1451,legacy,CRLX,0,571,1999-01-31,1998-12-31,1951-06-30,1998-12-31,-2.8546598491125996,-2.8614581487687634,-3.0141054844555604,ok
30d8a037387ca5d3572817d56abeb86b6c132dd8d0a5293f9c8c71d9ce1e1451,legacy,CRLX,0,571,1999-02-28,1999-01-31,1951-07-31,1999-01-31,-2.8306547199882983,-2.8546598491125996,-3.1044201810034897,ok
30d8a037387ca5d3572817d56abeb86b6c132dd8d0a5293f9c8c71d9ce1e1451,legacy,CRLX,0,571,1999-03-31,1999-02-28,1951-08-31,1999-02-28,-2.8717218927726718,-2.8306547199882983,-2.9263903752808345,ok
30d8a037387ca5d3572817d56abeb86b6c132dd8d0a5293f9c8c71d9ce1e1451,legacy,CRLX,0,571,1999-04-30,1999-03-31,1951-09-30,1999-03-31,-2.9550032409961746,-2.8717218927726718,-3.057652457979548,ok
30d8a037387ca5d3572817d56abeb86b6c132dd8d0a5293f9c8c71d9ce1e1451,legacy,CRLX,0,571,1999-05-31,1999-04-30,1951-10-31,1999-04-30,-2.8875770664081015,-2.9550032409961746,-3.1408294504754517,ok
30d8a037387ca5d3572817d56abeb86b6c132dd8d0a5293f9c8c71d9ce1e1451,legacy,CRLX,0,571,1999-06-30,1999-05-31,1951-11-30,1999-05-31,-3.0191012625883085,-2.8875770664081015,-3.0817261033562113,ok
30d8a037387ca5d3572817d56abeb86b6c132dd8d0a5293f9c8c71d9ce1e1451,legacy,CRLX,0,571,1999-07-31,1999-06-30,1951-12-31,1999-06-30,-3.2101509685854186,-3.0191012625883085,-3.2600762758978985,ok
30d8a037387ca5d3572817d56abeb86b6c132dd8d0a5293f9c8c71d9ce1e1451,legacy,CRLX,0,571,1999-08-31,1999-07-31,1952-01-31,1999-07-31,-2.9534789867089692,-3.2101509685854186,-3.182301760368886,ok
30d8a037387ca5d3572817d56abeb86b6c132dd8d0a5293f9c8c71d9ce1e1451,legacy,CRLX,0,571,1999-09-30,1999-08-31,1952-02-29,1999-08-31,-2.9564823177564232,-2.9534789867089692,-3.0729998863238803,ok
30d8a037387ca5d3572817d56abeb86b6c132dd8d0a5293f9c8c71d9ce1e1451,legacy,CRLX,0,571,1999-10-31,1999-09-30,1952-03-31,1999-09-30,-2.6655450376900633,-2.9564823177564232,-3.0544837847446997,ok
30d8a037387ca5d3572817d56abeb86b6c132dd8d0a5293f9c8c71d9ce1e1451,legacy,CRLX,0,571,1999-11-30,1999-10-31,1952-04-30,1999-10-31,-3.3039253672881648,-2.6655450376900633,-3.042050842346232,ok
30d8a037387ca5d3572817d56abeb86b6c132dd8d0a5293f9c8c71d9ce1e1451,legacy,CRLX,0,571,1999-12-31,1999-11-30,1952-05-31,1999-11-30,-3.388665152890443,-3.3039253672881648,-3.3500753227347353,ok
30d8a037387ca5d3572817d56abeb86b6c132dd8d0a5293f9c8c71d9ce1e1451,legacy,CRLX,0,571,2000-01-31,1999-12-31,1952-06-30,1999-12-31,-2.6226733886036615,-3.388665152890443,-3.3563457535296015,ok
30d8a037387ca5d3572817d56abeb86b6c132dd8d0a5293f9c8c71d9ce1e1451,legacy,CRLX,0,571,2000-02-29,2000-01-31,1952-07-31,2000-01-31,-2.897488125745266,-2.6226733886036615,-3.1025578424374802,ok
30d8a037387ca5d3572817d56abeb86b6c132dd8d0a5293f9c8c71d9ce1e1451,legacy,CRLX,0,571,2000-03-31,2000-02-29,1952-08-31,2000-02-29,-2.51469776513013,-2.897488125745266,-3.263800934388029,ok
30d8a037387ca5d3572817d56abeb86b6c132dd8d0a5293f9c8c71d9ce1e1451,legacy,CRLX,0,571,2000-04-30,2000-03-31,1952-09-30,2000-03-31,-2.4094082379010313,-2.51469776513013,-2.9264742237410974,ok
30d8a037387ca5d3572817d56abeb86b6c132dd8d0a5293f9c8c71d9ce1e1451,legacy,CRLX,0,571,2000-05-31,2000-04-30,1952-10-31,2000-04-30,-2.632644632266094,-2.4094082379010313,-2.896366508749554,ok
30d8a037387ca5d3572817d56abeb86b6c132dd8d0a5293f9c8c71d9ce1e1451,legacy,CRLX,0,571,2000-06-30,2000-05-31,1952-11-30,2000-05-31,-3.0278251725128413,-2.632644632266094,-2.3185887560749303,ok
30d8a037387ca5d3572817d56abeb86b6c132dd8d0a5293f9c8c71d9ce1e1451,legacy,CRLX,0,571,2000-07-31,2000-06-30,1952-12-31,2000-06-30,-3.088181553822785,-3.0278251725128413,-3.1773270971767364,ok
30d8a037387ca5d3572817d56abeb86b6c132dd8d0a5293f9c8c71d9ce1e1451,legacy,CRLX,0,571,2000-08-31,2000-07-31,1953-01-31,2000-07-31,-3.438073668437876,-3.088181553822785,-3.2194507383698916,ok
30d8a037387ca5d3572817d56abeb86b6c132dd8d0a5293f9c8c71d9ce1e1451,legacy,CRLX,0,571,2000-09-30,2000-08-31,1953-02-28,2000-08-31,-3.2193963619434802,-3.438073668437876,-3.4428258333237274,ok
30d8a037387ca5d3572817d56abeb86b6c132dd8d0a5293f9c8c71d9ce1e1451,legacy,CRLX,0,571,2000-10-31,2000-09-30,1953-03-31,2000-09-30,-2.5991038256087786,-3.2193963619434802,-3.2720028674828603,ok
30d8a037387ca5d3572817d56abeb86b6c132dd8d0a5293f9c8c71d9ce1e1451,legacy,CRLX,0,571,2000-11-30,2000-10-31,1953-04-30,2000-10-31,-2.8568188775989833,-2.5991038256087786,-2.940699168730077,ok
30d8a037387ca5d3572817d56abeb86b6c132dd8d0a5293f9c8c71d9ce1e1451,legacy,CRLX,0,571,2000-12-31,2000-11-30,1953-05-31,2000-11-30,-2.6226966266401908,-2.8568188775989833,-2.525570159554626,ok
30d8a037387ca5d3572817d56abeb86b6c132dd8d0a5293f9c8c71d9ce1e1451,legacy,CRLX,0,571,2001-01-31,2000-12-31,1953-06-30,2000-12-31,-2.6642256902470183,-2.6226966266401908,-2.701412718013462,ok
30d8a037387ca5d3572817d56abeb86b6c132dd8d0a5293f9c8c71d9ce1e1451,legacy,CRLX,0,571,2001-02-28,2001-01-31,1953-07-31,2001-01-31,-2.9853721170174463,-2.6642256902470183,-3.2174639897500787,ok
30d8a037387ca5d3572817d56abeb86b6c132dd8d0a5293f9c8c71d9ce1e1451,legacy,CRLX,0,571,2001-03-31,2001-02-28,1953-08-31,2001-02-28,-2.462501150398544,-2.9853721170174463,-3.132206658599981,ok
30d8a037387ca5d3572817d56abeb86b6c132dd8d0a5293f9c8c71d9ce1e1451,legacy,CRLX,0,571,2001-04-30,2001-03-31,1953-09-30,2001-03-31,-2.459030693452129,-2.462501150398544,-2.5752117610909226,ok
30d8a037387ca5d3572817d56abeb86b6c132dd8d0a5293f9c8c71d9ce1e1451,legacy,CRLX,0,571,2001-05-31,2001-04-30,1953-10-31,2001-04-30,-2.9922247396924284,-2.459030693452129,-2.8552029303231303,ok
30d8a037387ca5d3572817d56abeb86b6c132dd8d0a5293f9c8c71d9ce1e1451,legacy,CRLX,0,571,2001-06-30,2001-05-31,1953-11-30,2001-05-31,-3.246919804266744,-2.9922247396924284,-3.0006710860369834,ok
30d8a037387ca5d3572817d56abeb86b6c132dd8d0a5293f9c8c71d9ce1e1451,legacy,CRLX,0,571,2001-07-31,2001-06-30,1953-12-31,2001-06-30,-2.9201817277563444,-3.246919804266744,-3.065669388086204,ok
30d8a037387ca5d3572817d56abeb86b6c132dd8d0a5293f9c8c71d9ce1e1451,legacy,CRLX,0,571,2001-08-31,2001-07-31,1954-01-31,2001-07-31,-3.0514884107311104,-2.9201817277563444,-3.0190508367059605,ok
30d8a037387ca5d3572817d56abeb86b6c132dd8d0a5293f9c8c71d9ce1e1451,legacy,CRLX,0,571,2001-09-30,2001-08-31,1954-02-28,2001-08-31,-2.4611074485824003,-3.0514884107311104,-2.9738728640241265,ok
30d8a037387ca5d3572817d56abeb86b6c132dd8d0a5293f9c8c71d9ce1e1451,legacy,CRLX,0,571,2001-10-31,2001-09-30,1954-03-31,2001-09-30,-2.8652673663392614,-2.4611074485824003,-2.494875423968824,ok
30d8a037387ca5d3572817d56abeb86b6c132dd8d0a5293f9c8c71d9ce1e1451,legacy,CRLX,0,571,2001-11-30,2001-10-31,1954-04-30,2001-10-31,-3.0669535317160372,-2.8652673663392614,-3.138029287945302,ok
30d8a037387ca5d3572817d56abeb86b6c132dd8d0a5293f9c8c71d9ce1e1451,legacy,CRLX,0,571,2001-12-31,2001-11-30,1954-05-31,2001-11-30,-3.161773107603656,-3.0669535317160372,-3.1460930041017656,ok
30d8a037387ca5d3572817d56abeb86b6c132dd8d0a5293f9c8c71d9ce1e1451,legacy,CRLX,0,571,2002-01-31,2001-12-31,1954-06-30,2001-12-31,-3.0579996618641534,-3.161773107603656,-3.1642050081062467,ok
30d8a037387ca5d3572817d56abeb86b6c132dd8d0a5293f9c8c71d9ce1e1451,legacy,CRLX,0,571,2002-02-28,2002-01-31,1954-07-31,2002-01-31,-2.9799350071903916,-3.0579996618641534,-3.1888603767780443,ok
30d8a037387ca5d3572817d56abeb86b6c132dd8d0a5293f9c8c71d9ce1e1451,legacy,CRLX,0,571,2002-03-31,2002-02-28,1954-08-31,2002-02-28,-3.10739363963361,-2.9799350071903916,-3.056843874323337,ok
30d8a037387ca5d3572817d56abeb86b6c132dd8d0a5293f9c8c71d9ce1e1451,legacy,CRLX,0,571,2002-04-30,2002-03-31,1954-09-30,2002-03-31,-3.0313070929650197,-3.10739363963361,-3.2309724868901775,ok
30d8a037387ca5d3572817d56abeb86b6c132dd8d0a5293f9c8c71d9ce1e1451,legacy,CRLX,0,571,2002-05-31,2002-04-30,1954-10-31,2002-04-30,-2.7538487761487103,-3.0313070929650197,-3.0762055130322206,ok
30d8a037387ca5d3572817d56abeb86b6c132dd8d0a5293f9c8c71d9ce1e1451,legacy,CRLX,0,571,2002-06-30,2002-05-31,1954-11-30,2002-05-31,-2.7963899311292977,-2.7538487761487103,-2.872857025299286,ok
30d8a037387ca5d3572817d56abeb86b6c132dd8d0a5293f9c8c71d9ce1e1451,legacy,CRLX,0,571,2002-07-31,2002-06-30,1954-12-31,2002-06-30,-2.0936717644219573,-2.7963899311292977,-2.769877871976929,ok
30d8a037387ca5d3572817d56abeb86b6c132dd8d0a5293f9c8c71d9ce1e1451,legacy,CRLX,0,571,2002-08-31,2002-07-31,1955-01-31,2002-07-31,-2.334965250310743,-2.0936717644219573,-2.3672504465935615,ok
30d8a037387ca5d3572817d56abeb86b6c132dd8d0a5293f9c8c71d9ce1e1451,legacy,CRLX,0,571,2002-09-30,2002-08-31,1955-02-28,2002-08-31,-2.4457724947083546,-2.334965250310743,-2.590146095988589,ok
30d8a037387ca5d3572817d56abeb86b6c132dd8d0a5293f9c8c71d9ce1e1451,legacy,CRLX,0,571,2002-10-31,2002-09-30,1955-03-31,2002-09-30,-2.2381485874590115,-2.4457724947083546,-2.3472680210390773,ok
30d8a037387ca5d3572817d56abeb86b6c132dd8d0a5293f9c8c71d9ce1e1451,legacy,CRLX,0,571,2002-11-30,2002-10-31,1955-04-30,2002-10-31,-2.710705924175827,-2.2381485874590115,-2.6549659383094655,ok
30d8a037387ca5d3572817d56abeb86b6c132dd8d0a5293f9c8c71d9ce1e1451,legacy,CRLX,0,571,2002-12-31,2002-11-30,1955-05-31,2002-11-30,-2.9669397498106065,-2.710705924175827,-2.8765292068399075,ok
30d8a037387ca5d3572817d56abeb86b6c132dd8d0a5293f9c8c71d9ce1e1451,legacy,CRLX,0,571,2003-01-31,2002-12-31,1955-06-30,2002-12-31,-2.6330623630544365,-2.9669397498106065,-2.8640811218129647,ok
30d8a037387ca5d3572817d56abeb86b6c132dd8d0a5293f9c8c71d9ce1e1451,legacy,CRLX,0,571,2003-02-28,2003-01-31,1955-07-31,2003-01-31,-2.9840745753000455,-2.6330623630544365,-2.7443427527394335,ok
30d8a037387ca5d3572817d56abeb86b6c132dd8d0a5293f9c8c71d9ce1e1451,legacy,CRLX,0,571,2003-03-31,2003-02-28,1955-08-31,2003-02-28,-2.548760188534542,-2.9840745753000455,-2.837587487826281,ok
30d8a037387ca5d3572817d56abeb86b6c132dd8d0a5293f9c8c71d9ce1e1451,legacy,CRLX,0,571,2003-04-30,2003-03-31,1955-09-30,2003-03-31,-2.9002583606826637,-2.548760188534542,-2.8167404044075823,ok
30d8a037387ca5d3572817d56abeb86b6c132dd8d0a5293f9c8c71d9ce1e1451,legacy,CRLX,0,571,2003-05-31,2003-04-30,1955-10-31,2003-04-30,-3.054018052228417,-2.9002583606826637,-3.194627495339115,ok
30d8a037387ca5d3572817d56abeb86b6c132dd8d0a5293f9c8c71d9ce1e1451,legacy,CRLX,0,571,2003-06-30,2003-05-31,1955-11-30,2003-05-31,-3.1099359128331163,-3.054018052228417,-3.201589101324055,ok
30d8a037387ca5d3572817d56abeb86b6c132dd8d0a5293f9c8c71d9ce1e1451,legacy,CRLX,0,571,2003-07-31,2003-06-30,1955-12-31,2003-06-30,-3.0977800803014732,-3.1099359128331163,-3.1229972531795154,ok
30d8a037387ca5d3572817d56abeb86b6c132dd8d0a5293f9c8c71d9ce1e1451,legacy,CRLX,0,571,2003-08-31,2003-07-31,1956-01-31,2003-07-31,-3.468517511759465,-3.0977800803014732,-3.2207981137243378,ok
30d8a037387ca5d3572817d56abeb86b6c132dd8d0a5293f9c8c71d9ce1e1451,legacy,CRLX,0,571,2003-09-30,2003-08-31,1956-02-29,2003-08-31,-3.140232437438156,-3.468517511759465,-3.353929979222533,ok
30d8a037387ca5d3572817d56abeb86b6c132dd8d0a5293f9c8c71d9ce1e1451,legacy,CRLX,0,571,2003-10-31,2003-09-30,1956-03-31,2003-09-30,-3.2870041546527653,-3.140232437438156,-3.2149569490415777,ok
30d8a037387ca5d3572817d56abeb86b6c132dd8d0a5293f9c8c71d9ce1e1451,legacy,CRLX,0,571,2003-11-30,2003-10-31,1956-04-30,2003-10-31,-3.4985470857007,-3.2870041546527653,-3.522032963641812,ok
30d8a037387ca5d3572817d56abeb86b6c132dd8d0a5293f9c8c71d9ce1e1451,legacy,CRLX,0,571,2003-12-31,2003-11-30,1956-05-31,2003-11-30,-3.513401310816597,-3.4985470857007,-3.432005307472328,ok
30d8a037387ca5d3572817d56abeb86b6c132dd8d0a5293f9c8c71d9ce1e1451,legacy,CRLX,0,571,2004-01-31,2003-12-31,1956-06-30,2003-12-31,-3.4650613410497333,-3.513401310816597,-3.5701547615183733,ok
30d8a037387ca5d3572817d56abeb86b6c132dd8d0a5293f9c8c71d9ce1e1451,legacy,CRLX,0,571,2004-02-29,2004-01-31,1956-07-31,2004-01-31,-3.7030672085876466,-3.4650613410497333,-3.583321195063738,ok
30d8a037387ca5d3572817d56abeb86b6c132dd8d0a5293f9c8c71d9ce1e1451,legacy,CRLX,0,571,2004-03-31,2004-02-29,1956-08-31,2004-02-29,-3.1111763767700684,-3.7030672085876466,-3.6106041442711074,ok
30d8a037387ca5d3572817d56abeb86b6c132dd8d0a5293f9c8c71d9ce1e1451,legacy,CRLX,0,571,2004-04-30,2004-03-31,1956-09-30,2004-03-31,-3.3476570468612863,-3.1111763767700684,-3.3222719418023408,ok
30d8a037387ca5d3572817d56abeb86b6c132dd8d0a5293f9c8c71d9ce1e1451,legacy,CRLX,0,571,2004-05-31,2004-04-30,1956-10-31,2004-04-30,-3.465504072923295,-3.3476570468612863,-3.278231634115305,ok
30d8a037387ca5d3572817d56abeb86b6c132dd8d0a5293f9c8c71d9ce1e1451,legacy,CRLX,0,571,2004-06-30,2004-05-31,1956-11-30,2004-05-31,-3.585854204402475,-3.465504072923295,-3.442092151039934,ok
30d8a037387ca5d3572817d56abeb86b6c132dd8d0a5293f9c8c71d9ce1e1451,legacy,CRLX,0,571,2004-07-31,2004-06-30,1956-12-31,2004-06-30,-3.5773152908117005,-3.585854204402475,-3.546921065977603,ok
30d8a037387ca5d3572817d56abeb86b6c132dd8d0a5293f9c8c71d9ce1e1451,legacy,CRLX,0,571,2004-08-31,2004-07-31,1957-01-31,2004-07-31,-3.2695206621770985,-3.5773152908117005,-3.4244066707193297,ok
30d8a037387ca5d3572817d56abeb86b6c132dd8d0a5293f9c8c71d9ce1e1451,legacy,CRLX,0,571,2004-09-30,2004-08-31,1957-02-28,2004-08-31,-3.6272968251254625,-3.2695206621770985,-3.3955730910229303,ok
30d8a037387ca5d3572817d56abeb86b6c132dd8d0a5293f9c8c71d9ce1e1451,legacy,CRLX,0,571,2004-10-31,2004-09-30,1957-03-31,2004-09-30,-3.35206685176624,-3.6272968251254625,-3.5725803460935177,ok
30d8a037387ca5d3572817d56abeb86b6c132dd8d0a5293f9c8c71d9ce1e1451,legacy,CRLX,0,571,2004-11-30,2004-10-31,1957-04-30,2004-10-31,-3.5343348563403656,-3.35206685176624,-3.4308352913614284,ok
30d8a037387ca5d3572817d56abeb86b6c132dd8d0a5293f9c8c71d9ce1e1451,legacy,CRLX,0,571,2004-12-31,2004-11-30,1957-05-31,2004-11-30,-3.615011393242337,-3.5343348563403656,-3.5704547164799845,ok
30d8a037387ca5d3572817d56abeb86b6c132dd8d0a5293f9c8c71d9ce1e1451,legacy,CRLX,0,571,2005-01-31,2004-12-31,1957-06-30,2004-12-31,-3.550604189909233,-3.615011393242337,-3.5902933233141225,ok
30d8a037387ca5d3572817d56abeb86b6c132dd8d0a5293f9c8c71d9ce1e1451,legacy,CRLX,0,571,2005-02-28,2005-01-31,1957-07-31,2005-01-31,-3.543820432764916,-3.550604189909233,-3.5293474913974636,ok
30d8a037387ca5d3572817d56abeb86b6c132dd8d0a5293f9c8c71d9ce1e1451,legacy,CRLX,0,571,2005-03-31,2005-02-28,1957-08-31,2005-02-28,-3.5291465415700136,-3.543820432764916,-3.528290277440748,ok
30d8a037387ca5d3572817d56abeb86b6c132dd8d0a5293f9c8c71d9ce1e1451,legacy,CRLX,0,571,2005-04-30,2005-03-31,1957-09-30,2005-03-31,-3.152720424000165,-3.5291465415700136,-3.4649866879117717,ok
30d8a037387ca5d3572817d56abeb86b6c132dd8d0a5293f9c8c71d9ce1e1451,legacy,CRLX,0,571,2005-05-31,2005-04-30,1957-10-31,2005-04-30,-3.531069871409308,-3.152720424000165,-3.291453549589118,ok
30d8a037387ca5d3572817d56abeb86b6c132dd8d0a5293f9c8c71d9ce1e1451,legacy,CRLX,0,571,2005-06-30,2005-05-31,1957-11-30,2005-05-31,-3.760011284416737,-3.531069871409308,-3.5703781002357395,ok
30d8a037387ca5d3572817d56abeb86b6c132dd8d0a5293f9c8c71d9ce1e1451,legacy,CRLX,0,571,2005-07-31,2005-06-30,1957-12-31,2005-06-30,-3.670772300891824,-3.760011284416737,-3.5930246482595583,ok
30d8a037387ca5d3572817d56abeb86b6c132dd8d0a5293f9c8c71d9ce1e1451,legacy,CRLX,0,571,2005-08-31,2005-07-31,1958-01-31,2005-07-31,-3.63388825571129,-3.670772300891824,-3.637485830752438,ok
30d8a037387ca5d3572817d56abeb86b6c132dd8d0a5293f9c8c71d9ce1e1451,legacy,CRLX,0,571,2005-09-30,2005-08-31,1958-02-28,2005-08-31,-3.6631012230129896,-3.63388825571129,-3.5588216663577406,ok
30d8a037387ca5d3572817d56abeb86b6c132dd8d0a5293f9c8c71d9ce1e1451,legacy,CRLX,0,571,2005-10-31,2005-09-30,1958-03-31,2005-09-30,-3.1557527692250877,-3.6631012230129896,-3.528486209771964,ok
30d8a037387ca5d3572817d56abeb86b6c132dd8d0a5293f9c8c71d9ce1e1451,legacy,CRLX,0,571,2005-11-30,2005-10-31,1958-04-30,2005-10-31,-3.7638501534181033,-3.1557527692250877,-3.393819615190068,ok
30d8a037387ca5d3572817d56abeb86b6c132dd8d0a5293f9c8c71d9ce1e1451,legacy,CRLX,0,571,2005-12-31,2005-11-30,1958-05-31,2005-11-30,-3.873253742668005,-3.7638501534181033,-3.6647999859564173,ok
30d8a037387ca5d3572817d56abeb86b6c132dd8d0a5293f9c8c71d9ce1e1451,legacy,CRLX,0,571,2006-01-31,2005-12-31,1958-06-30,2005-12-31,-3.4661978775292708,-3.873253742668005,-3.6192866349317554,ok
30d8a037387ca5d3572817d56abeb86b6c132dd8d0a5293f9c8c71d9ce1e1451,legacy,CRLX,0,571,2006-02-28,2006-01-31,1958-07-31,2006-01-31,-3.670294829123373,-3.4661978775292708,-3.6279640031320923,ok
30d8a037387ca5d3572817d56abeb86b6c132dd8d0a5293f9c8c71d9ce1e1451,legacy,CRLX,0,571,2006-03-31,2006-02-28,1958-08-31,2006-02-28,-3.7601645367414083,-3.670294829123373,-3.611120680522242,ok
30d8a037387ca5d3572817d56abeb86b6c132dd8d0a5293f9c8c71d9ce1e1451,legacy,CRLX,0,571,2006-04-30,2006-03-31,1958-09-30,2006-03-31,-3.7197949446689256,-3.7601645367414083,-3.6788771966639517,ok
30d8a037387ca5d3572817d56abeb86b6c132dd8d0a5293f9c8c71d9ce1e1451,legacy,CRLX,0,571,2006-05-31,2006-04-30,1958-10-31,2006-04-30,-3.2999604149500312,-3.7197949446689256,-3.6124551523800728,ok
30d8a037387ca5d3572817d56abeb86b6c132dd8d0a5293f9c8c71d9ce1e1451,legacy,CRLX,0,571,2006-06-30,2006-05-31,1958-11-30,2006-05-31,-3.085582461863455,-3.2999604149500312,-3.415264973310031,ok
30d8a037387ca5d3572817d56abeb86b6c132dd8d0a5293f9c8c71d9ce1e1451,legacy,CRLX,0,571,2006-07-31,2006-06-30,1958-12-31,2006-06-30,-3.2709844618608197,-3.085582461863455,-3.3216877548747457,ok
30d8a037387ca5d3572817d56abeb86b6c132dd8d0a5293f9c8c71d9ce1e1451,legacy,CRLX,0,571,2006-08-31,2006-07-31,1959-01-31,2006-07-31,-3.8405365199338846,-3.2709844618608197,-3.2422722359820284,ok
30d8a037387ca5d3572817d56abeb86b6c132dd8d0a5293f9c8c71d9ce1e1451,legacy,CRLX,0,571,2006-09-30,2006-08-31,1959-02-28,2006-08-31,-3.783882481202963,-3.8405365199338846,-3.5640322477001884,ok
30d8a037387ca5d3572817d56abeb86b6c132dd8d0a5293f9c8c71d9ce1e1451,legacy,CRLX,0,571,2006-10-31,2006-09-30,1959-03-31,2006-09-30,-3.8554878543326674,-3.783882481202963,-3.704566897275271,ok
30d8a037387ca5d3572817d56abeb86b6c132dd8d0a5293f9c8c71d9ce1e1451,legacy,CRLX,0,571,2006-11-30,2006-10-31,1959-04-30,2006-10-31,-3.716627101662895,-3.8554878543326674,-3.8317376549822706,ok
30d8a037387ca5d3572817d56abeb86b6c132dd8d0a5293f9c8c71d9ce1e1451,legacy,CRLX,0,571,2006-12-31,2006-11-30,1959-05-31,2006-11-30,-3.9701695128147905,-3.716627101662895,-3.7159157834284735,ok
30d8a037387ca5d3572817d56abeb86b6c132dd8d0a5293f9c8c71d9ce1e1451,legacy,CRLX,0,571,2007-01-31,2006-12-31,1959-06-30,2006-12-31,-3.8522491840295054,-3.9701695128147905,-3.8003719207763056,ok
30d8a037387ca5d3572817d56abeb86b6c132dd8d0a5293f9c8c71d9ce1e1451,legacy,CRLX,0,571,2007-02-28,2007-01-31,1959-07-31,2007-01-31,-3.2447480356532115,-3.8522491840295054,-3.8041973589613276,ok
30d8a037387ca5d3572817d56abeb86b6c132dd8d0a5293f9c8c71d9ce1e1451,legacy,CRLX,0,571,2007-03-31,2007-02-28,1959-08-31,2007-02-28,-3.222494860521297,-3.2447480356532115,-3.4423345824330402,ok
30d8a037387ca5d3572817d56abeb86b6c132dd8d0a5293f9c8c71d9ce1e1451,legacy,CRLX,0,571,2007-04-30,2007-03-31,1959-09-30,2007-03-31,-3.7287460922933597,-3.222494860521297,-3.3152067187285414,ok
30d8a037387ca5d3572817d56abeb86b6c132dd8d0a5293f9c8c71d9ce1e1451,legacy,CRLX,0,571,2007-05-31,2007-04-30,1959-10-31,2007-04-30,-3.6341144694358256,-3.7287460922933597,-3.4837189139621154,ok
30d8a037387ca5d3572817d56abeb86b6c132dd8d0a5293f9c8c71d9ce1e1451,legacy,CRLX,0,571,2007-06-30,2007-05-31,1959-11-30,2007-05-31,-3.258361421759635,-3.6341144694358256,-3.587951959749242,ok
30d8a037387ca5d3572817d56abeb86b6c132dd8d0a5293f9c8c71d9ce1e1451,legacy,CRLX,0,571,2007-07-31,2007-06-30,1959-12-31,2007-06-30,-3.0061550064305833,-3.258361421759635,-3.3919202111106097,ok
30d8a037387ca5d3572817d56abeb86b6c132dd8d0a5293f9c8c71d9ce1e1451,legacy,CRLX,0,571,2007-08-31,2007-07-31,1960-01-31,2007-07-31,-2.633783081660371,-3.0061550064305833,-3.036442927820759,ok
30d8a037387ca5d3572817d56abeb86b6c132dd8d0a5293f9c8c71d9ce1e1451,legacy,CRLX,0,571,2007-09-30,2007-08-31,1960-02-29,2007-08-31,-3.1472509000198614,-2.633783081660371,-2.943949469033014,ok
30d8a037387ca5d3572817d56abeb86b6c132dd8d0a5293f9c8c71d9ce1e1451,legacy,CRLX,0,571,2007-10-31,2007-09-30,1960-03-31,2007-09-30,-3.190739924075638,-3.1472509000198614,-3.1030991037698854,ok
30d8a037387ca5d3572817d56abeb86b6c132dd8d0a5293f9c8c71d9ce1e1451,legacy,CRLX,0,571,2007-11-30,2007-10-31,1960-04-30,2007-10-31,-2.587719024765528,-3.190739924075638,-3.0790631174866423,ok
30d8a037387ca5d3572817d56abeb86b6c132dd8d0a5293f9c8c71d9ce1e1451,legacy,CRLX,0,571,2007-12-31,2007-11-30,1960-05-31,2007-11-30,-3.02436059658321,-2.587719024765528,-2.75770908059293,ok
30d8a037387ca5d3572817d56abeb86b6c132dd8d0a5293f9c8c71d9ce1e1451,legacy,CRLX,0,571,2008-01-31,2007-12-31,1960-06-30,2007-12-31,-2.661249374022387,-3.02436059658321,-2.913597713676002,ok
30d8a037387ca5d3572817d56abeb86b6c132dd8d0a5293f9c8c71d9ce1e1451,legacy,CRLX,0,571,2008-02-29,2008-01-31,1960-07-31,2008-01-31,-2.8603506881048415,-2.661249374022387,-2.7856238226034904,ok
30d8a037387ca5d3572817d56abeb86b6c132dd8d0a5293f9c8c71d9ce1e1451,legacy,CRLX,0,571,2008-03-31,2008-02-29,1960-08-31,2008-02-29,-2.538344113377069,-2.8603506881048415,-2.8873414924543863,ok
30d8a037387ca5d3572817d56abeb86b6c132dd8d0a5293f9c8c71d9ce1e1451,legacy,CRLX,0,571,2008-04-30,2008-03-31,1960-09-30,2008-03-31,-2.9300382779186895,-2.538344113377069,-2.665114257764242,ok
30d8a037387ca5d3572817d56abeb86b6c132dd8d0a5293f9c8c71d9ce1e1451,legacy,CRLX,0,571,2008-05-31,2008-04-30,1960-10-31,2008-04-30,-3.204756024564677,-2.9300382779186895,-2.92172952067218,ok
30d8a037387ca5d3572817d56abeb86b6c132dd8d0a5293f9c8c71d9ce1e1451,legacy,CRLX,0,571,2008-06-30,2008-05-31,1960-11-30,2008-05-31,-2.8296817644581433,-3.204756024564677,-3.0253841791445644,ok
30d8a037387ca5d3572817d56abeb86b6c132dd8d0a5293f9c8c71d9ce1e1451,legacy,CRLX,0,571,2008-07-31,2008-06-30,1960-12-31,2008-06-30,-2.705460207716502,-2.8296817644581433,-2.6177982248189755,ok
30d8a037387ca5d3572817d56abeb86b6c132dd8d0a5293f9c8c71d9ce1e1451,legacy,CRLX,0,571,2008-08-31,2008-07-31,1961-01-31,2008-07-31,-2.837812391125573,-2.705460207716502,-2.9737784067895685,ok
30d8a037387ca5d3572817d56abeb86b6c132dd8d0a5293f9c8c71d9ce1e1451,legacy,CRLX,0,571,2008-09-30,2008-08-31,1961-02-28,2008-08-31,-1.8529192183645744,-2.837812391125573,-2.939503078802014,ok
30d8a037387ca5d3572817d56abeb86b6c132dd8d0a5293f9c8c71d9ce1e1451,legacy,CRLX,0,571,2008-10-31,2008-09-30,1961-03-31,2008-09-30,-1.42971613203937,-1.8529192183645744,-2.2318368434177516,ok
30d8a037387ca5d3572817d56abeb86b6c132dd8d0a5293f9c8c71d9ce1e1451,legacy,CRLX,0,571,2008-11-30,2008-10-31,1961-04-30,2008-10-31,-1.656316012106184,-1.42971613203937,-1.510909979310628,ok
30d8a037387ca5d3572817d56abeb86b6c132dd8d0a5293f9c8c71d9ce1e1451,legacy,CRLX,0,571,2008-12-31,2008-11-30,1961-05-31,2008-11-30,-1.94077400987452,-1.656316012106184,-1.4423973276488198,ok
30d8a037387ca5d3572817d56abeb86b6c132dd8d0a5293f9c8c71d9ce1e1451,legacy,CRLX,0,571,2009-01-31,2008-12-31,1961-06-30,2008-12-31,-2.206526753661318,-1.94077400987452,-1.9940035294236225,ok
30d8a037387ca5d3572817d56abeb86b6c132dd8d0a5293f9c8c71d9ce1e1451,legacy,CRLX,0,571,2009-02-28,2009-01-31,1961-07-31,2009-01-31,-2.2946239453922495,-2.206526753661318,-1.8746806965319234,ok
30d8a037387ca5d3572817d56abeb86b6c132dd8d0a5293f9c8c71d9ce1e1451,legacy,CRLX,0,571,2009-03-31,2009-02-28,1961-08-31,2009-02-28,-1.9582508837470343,-2.2946239453922495,-1.8818855803305676,ok
30d8a037387ca5d3572817d56abeb86b6c132dd8d0a5293f9c8c71d9ce1e1451,legacy,CRLX,0,571,2009-04-30,2009-03-31,1961-09-30,2009-03-31,-2.443587835277547,-1.9582508837470343,-2.3943577688953863,ok
30d8a037387ca5d3572817d56abeb86b6c132dd8d0a5293f9c8c71d9ce1e1451,legacy,CRLX,0,571,2009-05-31,2009-04-30,1961-10-31,2009-04-30,-2.5321700284042636,-2.443587835277547,-2.6065206442252475,ok
30d8a037387ca5d3572817d56abeb86b6c132dd8d0a5293f9c8c71d9ce1e1451,legacy,CRLX,0,571,2009-06-30,2009-05-31,1961-11-30,2009-05-31,-2.8287513462734335,-2.5321700284042636,-2.5127642796117073,ok
30d8a037387ca5d3572817d56abeb86b6c132dd8d0a5293f9c8c71d9ce1e1451,legacy,CRLX,0,571,2009-07-31,2009-06-30,1961-12-31,2009-06-30,-2.793345786712595,-2.8287513462734335,-2.832104018566575,ok
30d8a037387ca5d3572817d56abeb86b6c132dd8d0a5293f9c8c71d9ce1e1451,legacy,CRLX,0,571,2009-08-31,2009-07-31,1962-01-31,2009-07-31,-3.0644616714098785,-2.793345786712595,-3.0630107717715944,ok
30d8a037387ca5d3572817d56abeb86b6c132dd8d0a5293f9c8c71d9ce1e1451,legacy,CRLX,0,571,2009-09-30,2009-08-31,1962-02-28,2009-08-31,-3.130025280604083,-3.0644616714098785,-2.999686777639319,ok
30d8a037387ca5d3572817d56abeb86b6c132dd8d0a5293f9c8c71d9ce1e1451,legacy,CRLX,0,571,2009-10-31,2009-09-30,1962-03-31,2009-09-30,-2.7700971285615434,-3.130025280604083,-3.1494457539413525,ok
30d8a037387ca5d3572817d56abeb86b6c132dd8d0a5293f9c8c71d9ce1e1451,legacy,CRLX,0,571,2009-11-30,2009-10-31,1962-04-30,2009-10-31,-3.1107964455907346,-2.7700971285615434,-3.014422215162869,ok
30d8a037387ca5d3572817d56abeb86b6c132dd8d0a5293f9c8c71d9ce1e1451,legacy,CRLX,0,571,2009-12-31,2009-11-30,1962-05-31,2009-11-30,-3.4880632358514134,-3.1107964455907346,-3.306732365127285,ok
30d8a037387ca5d3572817d56abeb86b6c132dd8d0a5293f9c8c71d9ce1e1451,legacy,CRLX,0,571,2010-01-31,2009-12-31,1962-06-30,2009-12-31,-3.1051107340740467,-3.4880632358514134,-3.479656076170749,ok
30d8a037387ca5d3572817d56abeb86b6c132dd8d0a5293f9c8c71d9ce1e1451,legacy,CRLX,0,571,2010-02-28,2010-01-31,1962-07-31,2010-01-31,-3.0178391591893847,-3.1051107340740467,-3.185717230919749,ok
30d8a037387ca5d3572817d56abeb86b6c132dd8d0a5293f9c8c71d9ce1e1451,legacy,CRLX,0,571,2010-03-31,2010-02-28,1962-08-31,2010-02-28,-3.6861498116127507,-3.0178391591893847,-3.278579583101093,ok
30d8a037387ca5d3572817d56abeb86b6c132dd8d0a5293f9c8c71d9ce1e1451,legacy,CRLX,0,571,2010-04-30,2010-03-31,1962-09-30,2010-03-31,-3.1571807998960457,-3.6861498116127507,-3.5284153453494147,ok
30d8a037387ca5d3572817d56abeb86b6c132dd8d0a5293f9c8c71d9ce1e1451,legacy,CRLX,0,571,2010-05-31,2010-04-30,1962-10-31,2010-04-30,-2.407193011304442,-3.1571807998960457,-3.3102974702035297,ok
30d8a037387ca5d3572817d56abeb86b6c132dd8d0a5293f9c8c71d9ce1e1451,legacy,CRLX,0,571,2010-06-30,2010-05-31,1962-11-30,2010-05-31,-2.590131684949471,-2.407193011304442,-2.8047476730183,ok
30d8a037387ca5d3572817d56abeb86b6c132dd8d0a5293f9c8c71d9ce1e1451,legacy,CRLX,0,571,2010-07-31,2010-06-30,1962-12-31,2010-06-30,-2.852932567849959,-2.590131684949471,-2.6110850150387854,ok
30d8a037387ca5d3572817d56abeb86b6c132dd8d0a5293f9c8c71d9ce1e1451,legacy,CRLX,0,571,2010-08-31,2010-07-31,1963-01-31,2010-07-31,-2.9530416640092794,-2.852932567849959,-2.997609503646183,ok
30d8a037387ca5d3572817d56abeb86b6c132dd8d0a5293f9c8c71d9ce1e1451,legacy,CRLX,0,571,2010-09-30,2010-08-31,1963-02-28,2010-08-31,-3.038118590021741,-2.9530416640092794,-2.9086160637608733,ok
30d8a037387ca5d3572817d56abeb86b6c132dd8d0a5293f9c8c71d9ce1e1451,legacy,CRLX,0,571,2010-10-31,2010-09-30,1963-03-31,2010-09-30,-3.418407956833649,-3.038118590021741,-3.250555568737241,ok
30d8a037387ca5d3572817d56abeb86b6c132dd8d0a5293f9c8c71d9ce1e1451,legacy,CRLX,0,571,2010-11-30,2010-10-31,1963-04-30,2010-10-31,-3.1787815912351842,-3.418407956833649,-3.3223293553109006,ok
30d8a037387ca5d3572817d56abeb86b6c132dd8d0a5293f9c8c71d9ce1e1451,legacy,CRLX,0,571,2010-12-31,2010-11-30,1963-05-31,2010-11-30,-3.553444149972958,-3.1787815912351842,-3.2214449068357545,ok
30d8a037387ca5d3572817d56abeb86b6c132dd8d0a5293f9c8c71d9ce1e1451,legacy,CRLX,0,571,2011-01-31,2010-12-31,1963-06-30,2010-12-31,-3.5254625792369607,-3.553444149972958,-3.557618826677179,ok
30d8a037387ca5d3572817d56abeb86b6c132dd8d0a5293f9c8c71d9ce1e1451,legacy,CRLX,0,571,2011-02-28,2011-01-31,1963-07-31,2011-01-31,-3.421017028944507,-3.5254625792369607,-3.4597568114394965,ok
30d8a037387ca5d3572817d56abeb86b6c132dd8d0a5293f9c8c71d9ce1e1451,legacy,CRLX,0,571,2011-03-31,2011-02-28,1963-08-31,2011-02-28,-3.0256567272535344,-3.421017028944507,-3.535221128157101,ok
30d8a037387ca5d3572817d56abeb86b6c132dd8d0a5293f9c8c71d9ce1e1451,legacy,CRLX,0,571,2011-04-30,2011-03-31,1963-09-30,2011-03-31,-3.6813619979803685,-3.0256567272535344,-3.261713478749643,ok
30d8a037387ca5d3572817d56abeb86b6c132dd8d0a5293f9c8c71d9ce1e1451,legacy,CRLX,0,571,2011-05-31,2011-04-30,1963-10-31,2011-04-30,-3.4864984354795028,-3.6813619979803685,-3.489960877899284,ok
30d8a037387ca5d3572817d56abeb86b6c132dd8d0a5293f9c8c71d9ce1e1451,legacy,CRLX,0,571,2011-06-30,2011-05-31,1963-11-30,2011-05-31,-3.0353184736868135,-3.4864984354795028,-3.3855312561839774,ok
30d8a037387ca5d3572817d56abeb86b6c132dd8d0a5293f9c8c71d9ce1e1451,legacy,CRLX,0,571,2011-07-31,2011-06-30,1963-12-31,2011-06-30,-3.1500524848844638,-3.0353184736868135,-3.3085538671682615,ok
30d8a037387ca5d3572817d56abeb86b6c132dd8d0a5293f9c8c71d9ce1e1451,legacy,CRLX,0,571,2011-08-31,2011-07-31,1964-01-31,2011-07-31,-1.9665046707257416,-3.1500524848844638,-3.140031045841036,ok
30d8a037387ca5d3572817d56abeb86b6c132dd8d0a5293f9c8c71d9ce1e1451,legacy,CRLX,0,571,2011-09-30,2011-08-31,1964-02-29,2011-08-31,-2.481306279652722,-1.9665046707257416,-2.5741966328621846,ok
30d8a037387ca5d3572817d56abeb86b6c132dd8d0a5293f9c8c71d9ce1e1451,legacy,CRLX,0,571,2011-10-31,2011-09-30,1964-03-31,2011-09-30,-2.457655436729706,-2.481306279652722,-2.397435563676695,ok
30d8a037387ca5d3572817d56abeb86b6c132dd8d0a5293f9c8c71d9ce1e1451,legacy,CRLX,0,571,2011-11-30,2011-10-31,1964-04-30,2011-10-31,-2.4359863431041875,-2.457655436729706,-2.871892236966349,ok
30d8a037387ca5d3572817d56abeb86b6c132dd8d0a5293f9c8c71d9ce1e1451,legacy,CRLX,0,571,2011-12-31,2011-11-30,1964-05-31,2011-11-30,-2.9483163558607832,-2.4359863431041875,-2.742150654438164,ok
30d8a037387ca5d3572817d56abeb86b6c132dd8d0a5293f9c8c71d9ce1e1451,legacy,CRLX,0,571,2012-01-31,2011-12-31,1964-06-30,2011-12-31,-3.6753549263674072,-2.9483163558607832,-2.782452586679394,ok
30d8a037387ca5d3572817d56abeb86b6c132dd8d0a5293f9c8c71d9ce1e1451,legacy,CRLX,0,571,2012-02-29,2012-01-31,1964-07-31,2012-01-31,-3.6938984477186816,-3.6753549263674072,-3.3708167865815044,ok
30d8a037387ca5d3572817d56abeb86b6c132dd8d0a5293f9c8c71d9ce1e1451,legacy,CRLX,0,571,2012-03-31,2012-02-29,1964-08-31,2012-02-29,-3.3843465262657215,-3.6938984477186816,-3.574473160356984,ok
30d8a037387ca5d3572817d56abeb86b6c132dd8d0a5293f9c8c71d9ce1e1451,legacy,CRLX,0,571,2012-04-30,2012-03-31,1964-09-30,2012-03-31,-3.210146241345559,-3.3843465262657215,-3.5169987658260804,ok
30d8a037387ca5d3572817d56abeb86b6c132dd8d0a5293f9c8c71d9ce1e1451,legacy,CRLX,0,571,2012-05-31,2012-04-30,1964-10-31,2012-04-30,-3.2497545069314553,-3.210146241345559,-3.350003269293118,ok
30d8a037387ca5d3572817d56abeb86b6c132dd8d0a5293f9c8c71d9ce1e1451,legacy,CRLX,0,571,2012-06-30,2012-05-31,1964-11-30,2012-05-31,-2.8366615287918187,-3.2497545069314553,-3.1522343627733473,ok
30d8a037387ca5d3572817d56abeb86b6c132dd8d0a5293f9c8c71d9ce1e1451,legacy,CRLX,0,571,2012-07-31,2012-06-30,1964-12-31,2012-06-30,-3.2378719180591355,-2.8366615287918187,-3.116167789825309,ok
30d8a037387ca5d3572817d56abeb86b6c132dd8d0a5293f9c8c71d9ce1e1451,legacy,CRLX,0,571,2012-08-31,2012-07-31,1965-01-31,2012-07-31,-3.6166817154299276,-3.2378719180591355,-3.2202503550380532,ok
30d8a037387ca5d3572817d56abeb86b6c132dd8d0a5293f9c8c71d9ce1e1451,legacy,CRLX,0,571,2012-09-30,2012-08-31,1965-02-28,2012-08-31,-3.4378098591980444,-3.6166817154299276,-3.430080274190069,ok
30d8a037387ca5d3572817d56abeb86b6c132dd8d0a5293f9c8c71d9ce1e1451,legacy,CRLX,0,571,2012-10-31,2012-09-30,1965-03-31,2012-09-30,-3.4888694072163897,-3.4378098591980444,-3.4180819348086375,ok
30d8a037387ca5d3572817d56abeb86b6c132dd8d0a5293f9c8c71d9ce1e1451,legacy,CRLX,0,571,2012-11-30,2012-10-31,1965-04-30,2012-10-31,-3.130457558392097,-3.4888694072163897,-3.4329391964943814,ok
30d8a037387ca5d3572817d56abeb86b6c132dd8d0a5293f9c8c71d9ce1e1451,legacy,CRLX,0,571,2012-12-31,2012-11-30,1965-05-31,2012-11-30,-3.438879816972799,-3.130457558392097,-3.3413573362978086,ok
30d8a037387ca5d3572817d56abeb86b6c132dd8d0a5293f9c8c71d9ce1e1451,legacy,CRLX,0,571,2013-01-31,2012-12-31,1965-06-30,2012-12-31,-3.5122743260836247,-3.438879816972799,-3.4234483371146087,ok
30d8a037387ca5d3572817d56abeb86b6c132dd8d0a5293f9c8c71d9ce1e1451,legacy,CRLX,0,571,2013-02-28,2013-01-31,1965-07-31,2013-01-31,-3.3434701265797875,-3.5122743260836247,-3.4407875193869026,ok
30d8a037387ca5d3572817d56abeb86b6c132dd8d0a5293f9c8c71d9ce1e1451,legacy,CRLX,0,571,2013-03-31,2013-02-28,1965-08-31,2013-02-28,-3.8179084623195907,-3.3434701265797875,-3.392076226630417,ok
30d8a037387ca5d3572817d56abeb86b6c132dd8d0a5293f9c8c71d9ce1e1451,legacy,CRLX,0,571,2013-04-30,2013-03-31,1965-09-30,2013-03-31,-3.190861789295619,-3.8179084623195907,-3.6540085647966887,ok
30d8a037387ca5d3572817d56abeb86b6c132dd8d0a5293f9c8c71d9ce1e1451,legacy,CRLX,0,571,2013-05-31,2013-04-30,1965-10-31,2013-04-30,-3.446126454815234,-3.190861789295619,-3.3908907088718125,ok
30d8a037387ca5d3572817d56abeb86b6c132dd8d0a5293f9c8c71d9ce1e1451,legacy,CRLX,0,571,2013-06-30,2013-05-31,1965-11-30,2013-05-31,-3.0453169802170232,-3.446126454815234,-3.525989152865017,ok
30d8a037387ca5d3572817d56abeb86b6c132dd8d0a5293f9c8c71d9ce1e1451,legacy,CRLX,0,571,2013-07-31,2013-06-30,1965-12-31,2013-06-30,-3.802623427578242,-3.0453169802170232,-3.193313326049594,ok
30d8a037387ca5d3572817d56abeb86b6c132dd8d0a5293f9c8c71d9ce1e1451,legacy,CRLX,0,571,2013-08-31,2013-07-31,1966-01-31,2013-07-31,-3.4765909912871975,-3.802623427578242,-3.6228164986800495,ok
30d8a037387ca5d3572817d56abeb86b6c132dd8d0a5293f9c8c71d9ce1e1451,legacy,CRLX,0,571,2013-09-30,2013-08-31,1966-02-28,2013-08-31,-3.6937395473295953,-3.4765909912871975,-3.3622573432595964,ok
30d8a037387ca5d3572817d56abeb86b6c132dd8d0a5293f9c8c71d9ce1e1451,legacy,CRLX,0,571,2013-10-31,2013-09-30,1966-03-31,2013-09-30,-3.2760200523947183,-3.6937395473295953,-3.634287525684952,ok
30d8a037387ca5d3572817d56abeb86b6c132dd8d0a5293f9c8c71d9ce1e1451,legacy,CRLX,0,571,2013-11-30,2013-10-31,1966-04-30,2013-10-31,-3.6747290764851526,-3.2760200523947183,-3.4481396697719457,ok
30d8a037387ca5d3572817d56abeb86b6c132dd8d0a5293f9c8c71d9ce1e1451,legacy,CRLX,0,571,2013-12-31,2013-11-30,1966-05-31,2013-11-30,-3.6040416781045184,-3.6747290764851526,-3.6119175376988246,ok
30d8a037387ca5d3572817d56abeb86b6c132dd8d0a5293f9c8c71d9ce1e1451,legacy,CRLX,0,571,2014-01-31,2013-12-31,1966-06-30,2013-12-31,-3.3171375685353466,-3.6040416781045184,-3.5872009947027705,ok
30d8a037387ca5d3572817d56abeb86b6c132dd8d0a5293f9c8c71d9ce1e1451,legacy,CRLX,0,571,2014-02-28,2014-01-31,1966-07-31,2014-01-31,-3.3386797926341574,-3.3171375685353466,-3.3636989190531863,ok
30d8a037387ca5d3572817d56abeb86b6c132dd8d0a5293f9c8c71d9ce1e1451,legacy,CRLX,0,571,2014-03-31,2014-02-28,1966-08-31,2014-02-28,-3.5256578627092043,-3.3386797926341574,-3.437746100257619,ok
30d8a037387ca5d3572817d56abeb86b6c132dd8d0a5293f9c8c71d9ce1e1451,legacy,CRLX,0,571,2014-04-30,2014-03-31,1966-09-30,2014-03-31,-3.2955126404999024,-3.5256578627092043,-3.428623048733208,ok
30d8a037387ca5d3572817d56abeb86b6c132dd8d0a5293f9c8c71d9ce1e1451,legacy,CRLX,0,571,2014-05-31,2014-04-30,1966-10-31,2014-04-30,-3.7483017283266418,-3.2955126404999024,-3.3177120754216958,ok
30d8a037387ca5d3572817d56abeb86b6c132dd8d0a5293f9c8c71d9ce1e1451,legacy,CRLX,0,571,2014-06-30,2014-05-31,1966-11-30,2014-05-31,-4.087403595110627,-3.7483017283266418,-3.590893999265802,ok
30d8a037387ca5d3572817d56abeb86b6c132dd8d0a5293f9c8c71d9ce1e1451,legacy,CRLX,0,571,2014-07-31,2014-06-30,1966-12-31,2014-06-30,-3.4754874909402718,-4.087403595110627,-3.7967341089087574,ok
30d8a037387ca5d3572817d56abeb86b6c132dd8d0a5293f9c8c71d9ce1e1451,legacy,CRLX,0,571,2014-08-31,2014-07-31,1967-01-31,2014-07-31,-3.758175341489735,-3.4754874909402718,-3.541959253292405,ok
30d8a037387ca5d3572817d56abeb86b6c132dd8d0a5293f9c8c71d9ce1e1451,legacy,CRLX,0,571,2014-09-30,2014-08-31,1967-02-28,2014-08-31,-3.6148214505759886,-3.758175341489735,-3.793669866832238,ok
30d8a037387ca5d3572817d56abeb86b6c132dd8d0a5293f9c8c71d9ce1e1451,legacy,CRLX,0,571,2014-10-31,2014-09-30,1967-03-31,2014-09-30,-2.9141171757759734,-3.6148214505759886,-3.5133716646059217,ok
30d8a037387ca5d3572817d56abeb86b6c132dd8d0a5293f9c8c71d9ce1e1451,legacy,CRLX,0,571,2014-11-30,2014-10-31,1967-04-30,2014-10-31,-4.403441476450015,-2.9141171757759734,-3.300416651580703,ok
30d8a037387ca5d3572817d56abeb86b6c132dd8d0a5293f9c8c71d9ce1e1451,legacy,CRLX,0,571,2014-12-31,2014-11-30,1967-05-31,2014-11-30,-3.1118286510639352,-4.403441476450015,-3.7024159132350327,ok
30d8a037387ca5d3572817d56abeb86b6c132dd8d0a5293f9c8c71d9ce1e1451,legacy,CRLX,0,571,2015-01-31,2014-12-31,1967-06-30,2014-12-31,-3.0531195840611964,-3.1118286510639352,-3.3687135020023216,ok
30d8a037387ca5d3572817d56abeb86b6c132dd8d0a5293f9c8c71d9ce1e1451,legacy,CRLX,0,571,2015-02-28,2015-01-31,1967-07-31,2015-01-31,-3.562245097331633,-3.0531195840611964,-3.2670234088258097,ok
30d8a037387ca5d3572817d56abeb86b6c132dd8d0a5293f9c8c71d9ce1e1451,legacy,CRLX,0,571,2015-03-31,2015-02-28,1967-08-31,2015-02-28,-3.1816129636323156,-3.562245097331633,-3.482237386995907,ok
30d8a037387ca5d3572817d56abeb86b6c132dd8d0a5293f9c8c71d9ce1e1451,legacy,CRLX,0,571,2015-04-30,2015-03-31,1967-09-30,2015-03-31,-3.7301577097521137,-3.1816129636323156,-3.2435683472389147,ok
30d8a037387ca5d3572817d56abeb86b6c132dd8d0a5293f9c8c71d9ce1e1451,legacy,CRLX,0,571,2015-05-31,2015-04-30,1967-10-31,2015-04-30,-3.515261724921692,-3.7301577097521137,-3.492843597070249,ok
30d8a037387ca5d3572817d56abeb86b6c132dd8d0a5293f9c8c71d9ce1e1451,legacy,CRLX,0,571,2015-06-30,2015-05-31,1967-11-30,2015-05-31,-3.4246395604529183,-3.515261724921692,-3.500629499296598,ok
30d8a037387ca5d3572817d56abeb86b6c132dd8d0a5293f9c8c71d9ce1e1451,legacy,CRLX,0,571,2015-07-31,2015-06-30,1967-12-31,2015-06-30,-3.379834324533906,-3.4246395604529183,-3.389981398861704,ok
30d8a037387ca5d3572817d56abeb86b6c132dd8d0a5293f9c8c71d9ce1e1451,legacy,CRLX,0,571,2015-08-31,2015-07-31,1968-01-31,2015-07-31,-2.567702579344776,-3.379834324533906,-3.268008254639991,ok
30d8a037387ca5d3572817d56abeb86b6c132dd8d0a5293f9c8c71d9ce1e1451,legacy,CRLX,0,571,2015-09-30,2015-08-31,1968-02-29,2015-08-31,-2.7509836865610584,-2.567702579344776,-2.946732332743162,ok
30d8a037387ca5d3572817d56abeb86b6c132dd8d0a5293f9c8c71d9ce1e1451,legacy,CRLX,0,571,2015-10-31,2015-09-30,1968-03-31,2015-09-30,-3.219259102962737,-2.7509836865610584,-2.8351011841138187,ok
30d8a037387ca5d3572817d56abeb86b6c132dd8d0a5293f9c8c71d9ce1e1451,legacy,CRLX,0,571,2015-11-30,2015-10-31,1968-04-30,2015-10-31,-3.3994804010076436,-3.219259102962737,-3.1404562150934385,ok
30d8a037387ca5d3572817d56abeb86b6c132dd8d0a5293f9c8c71d9ce1e1451,legacy,CRLX,0,571,2015-12-31,2015-11-30,1968-05-31,2015-11-30,-2.9313513610844177,-3.3994804010076436,-3.285445298168754,ok
30d8a037387ca5d3572817d56abeb86b6c132dd8d0a5293f9c8c71d9ce1e1451,legacy,CRLX,0,571,2016-01-31,2015-12-31,1968-06-30,2015-12-31,-2.721796067769684,-2.9313513610844177,-3.1002627095511928,ok
30d8a037387ca5d3572817d56abeb86b6c132dd8d0a5293f9c8c71d9ce1e1451,legacy,CRLX,0,571,2016-02-29,2016-01-31,1968-07-31,2016-01-31,-2.975885937336674,-2.721796067769684,-2.893639302099648,ok
30d8a037387ca5d3572817d56abeb86b6c132dd8d0a5293f9c8c71d9ce1e1451,legacy,CRLX,0,571,2016-03-31,2016-02-29,1968-08-31,2016-02-29,-3.3396579653309333,-2.975885937336674,-2.939660268089108,ok
30d8a037387ca5d3572817d56abeb86b6c132dd8d0a5293f9c8c71d9ce1e1451,legacy,CRLX,0,571,2016-04-30,2016-03-31,1968-09-30,2016-03-31,-3.5543031478531373,-3.3396579653309333,-3.263361796836537,ok
30d8a037387ca5d3572817d56abeb86b6c132dd8d0a5293f9c8c71d9ce1e1451,legacy,CRLX,0,571,2016-05-31,2016-04-30,1968-10-31,2016-04-30,-3.457732751318138,-3.5543031478531373,-3.355593988865606,ok
30d8a037387ca5d3572817d56abeb86b6c132dd8d0a5293f9c8c71d9ce1e1451,legacy,CRLX,0,571,2016-06-30,2016-05-31,1968-11-30,2016-05-31,-2.9208097471793346,-3.457732751318138,-3.424909914509198,ok
30d8a037387ca5d3572817d56abeb86b6c132dd8d0a5293f9c8c71d9ce1e1451,legacy,CRLX,0,571,2016-07-31,2016-06-30,1968-12-31,2016-06-30,-3.82748206452236,-2.9208097471793346,-3.2222098123104495,ok
30d8a037387ca5d3572817d56abeb86b6c132dd8d0a5293f9c8c71d9ce1e1451,legacy,CRLX,0,571,2016-08-31,2016-07-31,1969-01-31,2016-07-31,-4.092448513398336,-3.82748206452236,-3.568379010113328,ok
30d8a037387ca5d3572817d56abeb86b6c132dd8d0a5293f9c8c71d9ce1e1451,legacy,CRLX,0,571,2016-09-30,2016-08-31,1969-02-28,2016-08-31,-3.192551585892722,-4.092448513398336,-3.6202054749182855,ok
30d8a037387ca5d3572817d56abeb86b6c132dd8d0a5293f9c8c71d9ce1e1451,legacy,CRLX,0,571,2016-10-31,2016-09-30,1969-03-31,2016-09-30,-3.9566514163288296,-3.192551585892722,-3.426158211737822,ok
30d8a037387ca5d3572817d56abeb86b6c132dd8d0a5293f9c8c71d9ce1e1451,legacy,CRLX,0,571,2016-11-30,2016-10-31,1969-04-30,2016-10-31,-3.487974422258749,-3.9566514163288296,-3.6545987596093106,ok
30d8a037387ca5d3572817d56abeb86b6c132dd8d0a5293f9c8c71d9ce1e1451,legacy,CRLX,0,571,2016-12-31,2016-11-30,1969-05-31,2016-11-30,-3.7787223692336043,-3.487974422258749,-3.580895719680758,ok
30d8a037387ca5d3572817d56abeb86b6c132dd8d0a5293f9c8c71d9ce1e1451,legacy,CRLX,0,571,2017-01-31,2016-12-31,1969-06-30,2016-12-31,-4.001828361753411,-3.7787223692336043,-3.6295290048741196,ok
30d8a037387ca5d3572817d56abeb86b6c132dd8d0a5293f9c8c71d9ce1e1451,legacy,CRLX,0,571,2017-02-28,2017-01-31,1969-07-31,2017-01-31,-4.204700139152802,-4.001828361753411,-3.7650672032476393,ok
30d8a037387ca5d3572817d56abeb86b6c132dd8d0a5293f9c8c71d9ce1e1451,legacy,CRLX,0,571,2017-03-31,2017-02-28,1969-08-31,2017-02-28,-3.7314192152872128,-4.204700139152802,-3.9591585037531205,ok
30d8a037387ca5d3572817d56abeb86b6c132dd8d0a5293f9c8c71d9ce1e1451,legacy,CRLX,0,571,2017-04-30,2017-03-31,1969-09-30,2017-03-31,-3.926652018374449,-3.7314192152872128,-3.7297706832719966,ok
30d8a037387ca5d3572817d56abeb86b6c132dd8d0a5293f9c8c71d9ce1e1451,legacy,CRLX,0,571,2017-05-31,2017-04-30,1969-10-31,2017-04-30,-3.7920847378875453,-3.926652018374449,-3.760087202653202,ok
30d8a037387ca5d3572817d56abeb86b6c132dd8d0a5293f9c8c71d9ce1e1451,legacy,CRLX,0,571,2017-06-30,2017-05-31,1969-11-30,2017-05-31,-3.856214910874562,-3.7920847378875453,-3.600235669745376,ok
30d8a037387ca5d3572817d56abeb86b6c132dd8d0a5293f9c8c71d9ce1e1451,legacy,CRLX,0,571,2017-07-31,2017-06-30,1969-12-31,2017-06-30,-4.129870024958818,-3.856214910874562,-3.767773125142465,ok
30d8a037387ca5d3572817d56abeb86b6c132dd8d0a5293f9c8c71d9ce1e1451,legacy,CRLX,0,571,2017-08-31,2017-07-31,1970-01-31,2017-07-31,-3.5924378123925567,-4.129870024958818,-3.8687887109845827,ok
30d8a037387ca5d3572817d56abeb86b6c132dd8d0a5293f9c8c71d9ce1e1451,legacy,CRLX,0,571,2017-09-30,2017-08-31,1970-02-28,2017-08-31,-4.134666486968067,-3.5924378123925567,-3.6602830731714415,ok
30d8a037387ca5d3572817d56abeb86b6c132dd8d0a5293f9c8c71d9ce1e1451,legacy,CRLX,0,571,2017-10-31,2017-09-30,1970-03-31,2017-09-30,-4.216826264874244,-4.134666486968067,-3.9018691947922797,ok
30d8a037387ca5d3572817d56abeb86b6c132dd8d0a5293f9c8c71d9ce1e1451,legacy,CRLX,0,571,2017-11-30,2017-10-31,1970-04-30,2017-10-31,-3.974205538921206,-4.216826264874244,-3.840484798101811,ok
30d8a037387ca5d3572817d56abeb86b6c132dd8d0a5293f9c8c71d9ce1e1451,legacy,CRLX,0,571,2017-12-31,2017-11-30,1970-05-31,2017-11-30,-4.1605958145165705,-3.974205538921206,-3.9549081401700805,ok
30d8a037387ca5d3572817d56abeb86b6c132dd8d0a5293f9c8c71d9ce1e1451,legacy,QR1,0,571,1997-08-31,1997-07-31,1950-01-31,1997-07-31,-2.997998940254238,-3.1084047309706033,-3.184192997388427,ok
30d8a037387ca5d3572817d56abeb86b6c132dd8d0a5293f9c8c71d9ce1e1451,legacy,QR1,0,571,1997-09-30,1997-08-31,1950-02-28,1997-08-31,-2.9805233450013167,-2.997998940254238,-2.873636542659416,ok
30d8a037387ca5d3572817d56abeb86b6c132dd8d0a5293f9c8c71d9ce1e1451,legacy,QR1,0,571,1997-10-31,1997-09-30,1950-03-31,1997-09-30,-2.3238652771202104,-2.9805233450013167,-2.9986812877495197,ok
30d8a037387ca5d3572817d56abeb86b6c132dd8d0a5293f9c8c71d9ce1e1451,legacy,QR1,0,571,1997-11-30,1997-10-31,1950-04-30,1997-10-31,-2.967779424466623,-2.3238652771202104,-2.523131767725789,ok
30d8a037387ca5d3572817d56abeb86b6c132dd8d0a5293f9c8c71d9ce1e1451,legacy,QR1,0,571,1997-12-31,1997-11-30,1950-05-31,1997-11-30,-3.0514972683227777,-2.967779424466623,-2.7275326634596824,ok
30d8a037387ca5d3572817d56abeb86b6c132dd8d0a5293f9c8c71d9ce1e1451,legacy,QR1,0,571,1998-01-31,1997-12-31,1950-06-30,1997-12-31,-2.998809877493172,-3.0514972683227777,-2.7776877110689098,ok
30d8a037387ca5d3572817d56abeb86b6c132dd8d0a5293f9c8c71d9ce1e1451,legacy,QR1,0,571,1998-02-28,1998-01-31,1950-07-31,1998-01-31,-3.4342451514940397,-2.998809877493172,-2.9549137560702876,ok
30d8a037387ca5d3572817d56abeb86b6c132dd8d0a5293f9c8c71d9ce1e1451,legacy,QR1,0,571,1998-03-31,1998-02-28,1950-08-31,1998-02-28,-3.3950363195710853,-3.4342451514940397,-3.3410447661983724,ok
30d8a037387ca5d3572817d56abeb86b6c132dd8d0a5293f9c8c71d9ce1e1451,legacy,QR1,0,571,1998-04-30,1998-03-31,1950-09-30,1998-03-31,-3.2134051996183786,-3.3950363195710853,-3.3087537633120956,ok
30d8a037387ca5d3572817d56abeb86b6c132dd8d0a5293f9c8c71d9ce1e1451,legacy,QR1,0,571,1998-05-31,1998-04-30,1950-10-31,1998-04-30,-3.473595749393068,-3.2134051996183786,-3.1851724522606357,ok
30d8a037387ca5d3572817d56abeb86b6c132dd8d0a5293f9c8c71d9ce1e1451,legacy,QR1,0,571,1998-06-30,1998-05-31,1950-11-30,1998-05-31,-3.084631870788053,-3.473595749393068,-3.188757534845017,ok
30d8a037387ca5d3572817d56abeb86b6c132dd8d0a5293f9c8c71d9ce1e1451,legacy,QR1,0,571,1998-07-31,1998-06-30,1950-12-31,1998-06-30,-3.0497952329188918,-3.084631870788053,-3.143616279495141,ok
30d8a037387ca5d3572817d56abeb86b6c132dd8d0a5293f9c8c71d9ce1e1451,legacy,QR1,0,571,1998-08-31,1998-07-31,1951-01-31,1998-07-31,-2.314262503723685,-3.0497952329188918,-2.9043749729818917,ok
30d8a037387ca5d3572817d56abeb86b6c132dd8d0a5293f9c8c71d9ce1e1451,legacy,QR1,0,571,1998-09-30,1998-08-31,1951-02-28,1998-08-31,-2.3129763371118237,-2.314262503723685,-2.2863564852411393,ok
30d8a037387ca5d3572817d56abeb86b6c132dd8d0a5293f9c8c71d9ce1e1451,legacy,QR1,0,571,1998-10-31,1998-09-30,1951-03-31,1998-09-30,-2.638868495322673,-2.3129763371118237,-2.703866368196807,ok
30d8a037387ca5d3572817d56abeb86b6c132dd8d0a5293f9c8c71d9ce1e1451,legacy,QR1,0,571,1998-11-30,1998-10-31,1951-04-30,1998-10-31,-3.1231521925257173,-2.638868495322673,-3.148633720561868,ok
30d8a037387ca5d3572817d56abeb86b6c132dd8d0a5293f9c8c71d9ce1e1451,legacy,QR1,0,571,1998-12-31,1998-11-30,1951-05-31,1998-11-30,-2.8614581487687634,-3.1231521925257173,-2.998761003053672,ok
30d8a037387ca5d3572817d56abeb86b6c132dd8d0a5293f9c8c71d9ce1e1451,legacy,QR1,0,571,1999-01-31,1998-12-31,1951-06-30,1998-12-31,-2.8546598491125996,-2.8614581487687634,-2.814845054919057,ok
30d8a037387ca5d3572817d56abeb86b6c132dd8d0a5293f9c8c71d9ce1e1451,legacy,QR1,0,571,1999-02-28,1999-01-31,1951-07-31,1999-01-31,-2.8306547199882983,-2.8546598491125996,-2.7861623787264636,ok
30d8a037387ca5d3572817d56abeb86b6c132dd8d0a5293f9c8c71d9ce1e1451,legacy,QR1,0,571,1999-03-31,1999-02-28,1951-08-31,1999-02-28,-2.8717218927726718,-2.8306547199882983,-2.687446915421842,ok
30d8a037387ca5d3572817d56abeb86b6c132dd8d0a5293f9c8c71d9ce1e1451,legacy,QR1,0,571,1999-04-30,1999-03-31,1951-09-30,1999-03-31,-2.9550032409961746,-2.8717218927726718,-2.833864391781411,ok
30d8a037387ca5d3572817d56abeb86b6c132dd8d0a5293f9c8c71d9ce1e1451,legacy,QR1,0,571,1999-05-31,1999-04-30,1951-10-31,1999-04-30,-2.8875770664081015,-2.9550032409961746,-3.042166794163559,ok
30d8a037387ca5d3572817d56abeb86b6c132dd8d0a5293f9c8c71d9ce1e1451,legacy,QR1,0,571,1999-06-30,1999-05-31,1951-11-30,1999-05-31,-3.0191012625883085,-2.8875770664081015,-2.7778695411758,ok
30d8a037387ca5d3572817d56abeb86b6c132dd8d0a5293f9c8c71d9ce1e1451,legacy,QR1,0,571,1999-07-31,1999-06-30,1951-12-31,1999-06-30,-3.2101509685854186,-3.0191012625883085,-2.972110692980463,ok
30d8a037387ca5d3572817d56abeb86b6c132dd8d0a5293f9c8c71d9ce1e1451,legacy,QR1,0,571,1999-08-31,1999-07-31,1952-01-31,1999-07-31,-2.9534789867089692,-3.2101509685854186,-2.9618438246564187,ok
30d8a037387ca5d3572817d56abeb86b6c132dd8d0a5293f9c8c71d9ce1e1451,legacy,QR1,0,571,1999-09-30,1999-08-31,1952-02-29,1999-08-31,-2.9564823177564232,-2.9534789867089692,-2.775768405668985,ok
30d8a037387ca5d3572817d56abeb86b6c132dd8d0a5293f9c8c71d9ce1e1451,legacy,QR1,0,571,1999-10-31,1999-09-30,1952-03-31,1999-09-30,-2.6655450376900633,-2.9564823177564232,-2.8299375783705374,ok
30d8a037387ca5d3572817d56abeb86b6c132dd8d0a5293f9c8c71d9ce1e1451,legacy,QR1,0,571,1999-11-30,1999-10-31,1952-04-30,1999-10-31,-3.3039253672881648,-2.6655450376900633,-2.824356389986975,ok
30d8a037387ca5d3572817d56abeb86b6c132dd8d0a5293f9c8c71d9ce1e1451,legacy,QR1,0,571,1999-12-31,1999-11-30,1952-05-31,1999-11-30,-3.388665152890443,-3.3039253672881648,-3.129445768921044,ok
30d8a037387ca5d3572817d56abeb86b6c132dd8d0a5293f9c8c71d9ce1e1451,legacy,QR1,0,571,2000-01-31,1999-12-31,1952-06-30,1999-12-31,-2.6226733886036615,-3.388665152890443,-3.282196729304694,ok
30d8a037387ca5d3572817d56abeb86b6c132dd8d0a5293f9c8c71d9ce1e1451,legacy,QR1,0,571,2000-02-29,2000-01-31,1952-07-31,2000-01-31,-2.897488125745266,-2.6226733886036615,-2.7640506879326714,ok
30d8a037387ca5d3572817d56abeb86b6c132dd8d0a5293f9c8c71d9ce1e1451,legacy,QR1,0,571,2000-03-31,2000-02-29,1952-08-31,2000-02-29,-2.51469776513013,-2.897488125745266,-2.9049926875842864,ok
30d8a037387ca5d3572817d56abeb86b6c132dd8d0a5293f9c8c71d9ce1e1451,legacy,QR1,0,571,2000-04-30,2000-03-31,1952-09-30,2000-03-31,-2.4094082379010313,-2.51469776513013,-3.1524247509482137,ok
30d8a037387ca5d3572817d56abeb86b6c132dd8d0a5293f9c8c71d9ce1e1451,legacy,QR1,0,571,2000-05-31,2000-04-30,1952-10-31,2000-04-30,-2.632644632266094,-2.4094082379010313,-2.553762824848159,ok
30d8a037387ca5d3572817d56abeb86b6c132dd8d0a5293f9c8c71d9ce1e1451,legacy,QR1,0,571,2000-06-30,2000-05-31,1952-11-30,2000-05-31,-3.0278251725128413,-2.632644632266094,-2.268324477705008,ok
30d8a037387ca5d3572817d56abeb86b6c132dd8d0a5293f9c8c71d9ce1e1451,legacy,QR1,0,571,2000-07-31,2000-06-30,1952-12-31,2000-06-30,-3.088181553822785,-3.0278251725128413,-3.124518985826647,ok
30d8a037387ca5d3572817d56abeb86b6c132dd8d0a5293f9c8c71d9ce1e1451,legacy,QR1,0,571,2000-08-31,2000-07-31,1953-01-31,2000-07-31,-3.438073668437876,-3.088181553822785,-3.199218382038266,ok
30d8a037387ca5d3572817d56abeb86b6c132dd8d0a5293f9c8c71d9ce1e1451,legacy,QR1,0,571,2000-09-30,2000-08-31,1953-02-28,2000-08-31,-3.2193963619434802,-3.438073668437876,-3.2913907779040557,ok
30d8a037387ca5d3572817d56abeb86b6c132dd8d0a5293f9c8c71d9ce1e1451,legacy,QR1,0,571,2000-10-31,2000-09-30,1953-03-31,2000-09-30,-2.5991038256087786,-3.2193963619434802,-2.989510394233209,ok
30d8a037387ca5d3572817d56abeb86b6c132dd8d0a5293f9c8c71d9ce1e1451,legacy,QR1,0,571,2000-11-30,2000-10-31,1953-04-30,2000-10-31,-2.8568188775989833,-2.5991038256087786,-2.696738012262755,ok
30d8a037387ca5d3572817d56abeb86b6c132dd8d0a5293f9c8c71d9ce1e1451,legacy,QR1,0,571,2000-12-31,2000-11-30,1953-05-31,2000-11-30,-2.6226966266401908,-2.8568188775989833,-2.7153070439514595,ok
30d8a037387ca5d3572817d56abeb86b6c132dd8d0a5293f9c8c71d9ce1e1451,legacy,QR1,0,571,2001-01-31,2000-12-31,1953-06-30,2000-12-31,-2.6642256902470183,-2.6226966266401908,-2.582043722888245,ok
30d8a037387ca5d3572817d56abeb86b6c132dd8d0a5293f9c8c71d9ce1e1451,legacy,QR1,0,571,2001-02-28,2001-01-31,1953-07-31,2001-01-31,-2.9853721170174463,-2.6642256902470183,-2.88685292905888,ok
30d8a037387ca5d3572817d56abeb86b6c132dd8d0a5293f9c8c71d9ce1e1451,legacy,QR1,0,571,2001-03-31,2001-02-28,1953-08-31,2001-02-28,-2.462501150398544,-2.9853721170174463,-2.8265153158372347,ok
30d8a037387ca5d3572817d56abeb86b6c132dd8d0a5293f9c8c71d9ce1e1451,legacy,QR1,0,571,2001-04-30,2001-03-31,1953-09-30,2001-03-31,-2.459030693452129,-2.462501150398544,-2.4896491580273223,ok
30d8a037387ca5d3572817d56abeb86b6c132dd8d0a5293f9c8c71d9ce1e1451,legacy,QR1,0,571,2001-05-31,2001-04-30,1953-10-31,2001-04-30,-2.9922247396924284,-2.459030693452129,-3.147315695029608,ok
30d8a037387ca5d3572817d56abeb86b6c132dd8d0a5293f9c8c71d9ce1e1451,legacy,QR1,0,571,2001-06-30,2001-05-31,1953-11-30,2001-05-31,-3.246919804266744,-2.9922247396924284,-3.1528216746354265,ok
30d8a037387ca5d3572817d56abeb86b6c132dd8d0a5293f9c8c71d9ce1e1451,legacy,QR1,0,571,2001-07-31,2001-06-30,1953-12-31,2001-06-30,-2.9201817277563444,-3.246919804266744,-2.9212584842653384,ok
30d8a037387ca5d3572817d56abeb86b6c132dd8d0a5293f9c8c71d9ce1e1451,legacy,QR1,0,571,2001-08-31,2001-07-31,1954-01-31,2001-07-31,-3.0514884107311104,-2.9201817277563444,-2.870907564096154,ok
30d8a037387ca5d3572817d56abeb86b6c132dd8d0a5293f9c8c71d9ce1e1451,legacy,QR1,0,571,2001-09-30,2001-08-31,1954-02-28,2001-08-31,-2.4611074485824003,-3.0514884107311104,-2.7826216788996474,ok
30d8a037387ca5d3572817d56abeb86b6c132dd8d0a5293f9c8c71d9ce1e1451,legacy,QR1,0,571,2001-10-31,2001-09-30,1954-03-31,2001-09-30,-2.8652673663392614,-2.4611074485824003,-2.4435157719538543,ok
30d8a037387ca5d3572817d56abeb86b6c132dd8d0a5293f9c8c71d9ce1e1451,legacy,QR1,0,571,2001-11-30,2001-10-31,1954-04-30,2001-10-31,-3.0669535317160372,-2.8652673663392614,-2.945789985407029,ok
30d8a037387ca5d3572817d56abeb86b6c132dd8d0a5293f9c8c71d9ce1e1451,legacy,QR1,0,571,2001-12-31,2001-11-30,1954-05-31,2001-11-30,-3.161773107603656,-3.0669535317160372,-3.0765783094052033,ok
30d8a037387ca5d3572817d56abeb86b6c132dd8d0a5293f9c8c71d9ce1e1451,legacy,QR1,0,571,2002-01-31,2001-12-31,1954-06-30,2001-12-31,-3.0579996618641534,-3.161773107603656,-3.0909890406370204,ok
30d8a037387ca5d3572817d56abeb86b6c132dd8d0a5293f9c8c71d9ce1e1451,legacy,QR1,0,571,2002-02-28,2002-01-31,1954-07-31,2002-01-31,-2.9799350071903916,-3.0579996618641534,-3.124555565628067,ok
30d8a037387ca5d3572817d56abeb86b6c132dd8d0a5293f9c8c71d9ce1e1451,legacy,QR1,0,571,2002-03-31,2002-02-28,1954-08-31,2002-02-28,-3.10739363963361,-2.9799350071903916,-2.9975359017221885,ok
30d8a037387ca5d3572817d56abeb86b6c132dd8d0a5293f9c8c71d9ce1e1451,legacy,QR1,0,571,2002-04-30,2002-03-31,1954-09-30,2002-03-31,-3.0313070929650197,-3.10739363963361,-3.2132272804220294,ok
30d8a037387ca5d3572817d56abeb86b6c132dd8d0a5293f9c8c71d9ce1e1451,legacy,QR1,0,571,2002-05-31,2002-04-30,1954-10-31,2002-04-30,-2.7538487761487103,-3.0313070929650197,-3.0230501059117683,ok
30d8a037387ca5d3572817d56abeb86b6c132dd8d0a5293f9c8c71d9ce1e1451,legacy,QR1,0,571,2002-06-30,2002-05-31,1954-11-30,2002-05-31,-2.7963899311292977,-2.7538487761487103,-2.820281410351074,ok
30d8a037387ca5d3572817d56abeb86b6c132dd8d0a5293f9c8c71d9ce1e1451,legacy,QR1,0,571,2002-07-31,2002-06-30,1954-12-31,2002-06-30,-2.0936717644219573,-2.7963899311292977,-2.6377442836830536,ok
30d8a037387ca5d3572817d56abeb86b6c132dd8d0a5293f9c8c71d9ce1e1451,legacy,QR1,0,571,2002-08-31,2002-07-31,1955-01-31,2002-07-31,-2.334965250310743,-2.0936717644219573,-2.4513362301867057,ok
30d8a037387ca5d3572817d56abeb86b6c132dd8d0a5293f9c8c71d9ce1e1451,legacy,QR1,0,571,2002-09-30,2002-08-31,1955-02-28,2002-08-31,-2.4457724947083546,-2.334965250310743,-2.6859674012535493,ok
30d8a037387ca5d3572817d56abeb86b6c132dd8d0a5293f9c8c71d9ce1e1451,legacy,QR1,0,571,2002-10-31,2002-09-30,1955-03-31,2002-09-30,-2.2381485874590115,-2.4457724947083546,-2.366283920352786,ok
30d8a037387ca5d3572817d56abeb86b6c132dd8d0a5293f9c8c71d9ce1e1451,legacy,QR1,0,571,2002-11-30,2002-10-31,1955-04-30,2002-10-31,-2.710705924175827,-2.2381485874590115,-2.4723120157311627,ok
30d8a037387ca5d3572817d56abeb86b6c132dd8d0a5293f9c8c71d9ce1e1451,legacy,QR1,0,571,2002-12-31,2002-11-30,1955-05-31,2002-11-30,-2.9669397498106065,-2.710705924175827,-2.8366710314481036,ok
30d8a037387ca5d3572817d56abeb86b6c132dd8d0a5293f9c8c71d9ce1e1451,legacy,QR1,0,571,2003-01-31,2002-12-31,1955-06-30,2002-12-31,-2.6330623630544365,-2.9669397498106065,-2.496491950233836,ok
30d8a037387ca5d3572817d56abeb86b6c132dd8d0a5293f9c8c71d9ce1e1451,legacy,QR1,0,571,2003-02-28,2003-01-31,1955-07-31,2003-01-31,-2.9840745753000455,-2.6330623630544365,-2.725768036048602,ok
30d8a037387ca5d3572817d56abeb86b6c132dd8d0a5293f9c8c71d9ce1e1451,legacy,QR1,0,571,2003-03-31,2003-02-28,1955-08-31,2003-02-28,-2.548760188534542,-2.9840745753000455,-2.9221661460580304,ok
30d8a037387ca5d3572817d56abeb86b6c132dd8d0a5293f9c8c71d9ce1e1451,legacy,QR1,0,571,2003-04-30,2003-03-31,1955-09-30,2003-03-31,-2.9002583606826637,-2.548760188534542,-2.808822634615282,ok
30d8a037387ca5d3572817d56abeb86b6c132dd8d0a5293f9c8c71d9ce1e1451,legacy,QR1,0,571,2003-05-31,2003-04-30,1955-10-31,2003-04-30,-3.054018052228417,-2.9002583606826637,-3.117947122944016,ok
30d8a037387ca5d3572817d56abeb86b6c132dd8d0a5293f9c8c71d9ce1e1451,legacy,QR1,0,571,2003-06-30,2003-05-31,1955-11-30,2003-05-31,-3.1099359128331163,-3.054018052228417,-3.0422408569929864,ok
30d8a037387ca5d3572817d56abeb86b6c132dd8d0a5293f9c8c71d9ce1e1451,legacy,QR1,0,571,2003-07-31,2003-06-30,1955-12-31,2003-06-30,-3.0977800803014732,-3.1099359128331163,-2.9567733453421283,ok
30d8a037387ca5d3572817d56abeb86b6c132dd8d0a5293f9c8c71d9ce1e1451,legacy,QR1,0,571,2003-08-31,2003-07-31,1956-01-31,2003-07-31,-3.468517511759465,-3.0977800803014732,-3.1473060039166407,ok
30d8a037387ca5d3572817d56abeb86b6c132dd8d0a5293f9c8c71d9ce1e1451,legacy,QR1,0,571,2003-09-30,2003-08-31,1956-02-29,2003-08-31,-3.140232437438156,-3.468517511759465,-3.305649135439894,ok
30d8a037387ca5d3572817d56abeb86b6c132dd8d0a5293f9c8c71d9ce1e1451,legacy,QR1,0,571,2003-10-31,2003-09-30,1956-03-31,2003-09-30,-3.2870041546527653,-3.140232437438156,-3.1628766976713187,ok
30d8a037387ca5d3572817d56abeb86b6c132dd8d0a5293f9c8c71d9ce1e1451,legacy,QR1,0,571,2003-11-30,2003-10-31,1956-04-30,2003-10-31,-3.4985470857007,-3.2870041546527653,-3.4042139035892864,ok
30d8a037387ca5d3572817d56abeb86b6c132dd8d0a5293f9c8c71d9ce1e1451,legacy,QR1,0,571,2003-12-31,2003-11-30,1956-05-31,2003-11-30,-3.513401310816597,-3.4985470857007,-3.3174448059707338,ok
30d8a037387ca5d3572817d56abeb86b6c132dd8d0a5293f9c8c71d9ce1e1451,legacy,QR1,0,571,2004-01-31,2003-12-31,1956-06-30,2003-12-31,-3.4650613410497333,-3.513401310816597,-3.4524109888709678,ok
30d8a037387ca5d3572817d56abeb86b6c132dd8d0a5293f9c8c71d9ce1e1451,legacy,QR1,0,571,2004-02-29,2004-01-31,1956-07-31,2004-01-31,-3.7030672085876466,-3.4650613410497333,-3.5137434212760796,ok
30d8a037387ca5d3572817d56abeb86b6c132dd8d0a5293f9c8c71d9ce1e1451,legacy,QR1,0,571,2004-03-31,2004-02-29,1956-08-31,2004-02-29,-3.1111763767700684,-3.7030672085876466,-3.5526141314692943,ok
30d8a037387ca5d3572817d56abeb86b6c132dd8d0a5293f9c8c71d9ce1e1451,legacy,QR1,0,571,2004-04-30,2004-03-31,1956-09-30,2004-03-31,-3.3476570468612863,-3.1111763767700684,-3.2114513666586797,ok
30d8a037387ca5d3572817d56abeb86b6c132dd8d0a5293f9c8c71d9ce1e1451,legacy,QR1,0,571,2004-05-31,2004-04-30,1956-10-31,2004-04-30,-3.465504072923295,-3.3476570468612863,-3.2006330928513735,ok
30d8a037387ca5d3572817d56abeb86b6c132dd8d0a5293f9c8c71d9ce1e1451,legacy,QR1,0,571,2004-06-30,2004-05-31,1956-11-30,2004-05-31,-3.585854204402475,-3.465504072923295,-3.4142766335478645,ok
30d8a037387ca5d3572817d56abeb86b6c132dd8d0a5293f9c8c71d9ce1e1451,legacy,QR1,0,571,2004-07-31,2004-06-30,1956-12-31,2004-06-30,-3.5773152908117005,-3.585854204402475,-3.4801959925363146,ok
30d8a037387ca5d3572817d56abeb86b6c132dd8d0a5293f9c8c71d9ce1e1451,legacy,QR1,0,571,2004-08-31,2004-07-31,1957-01-31,2004-07-31,-3.2695206621770985,-3.5773152908117005,-3.3066032591192673,ok
30d8a037387ca5d3572817d56abeb86b6c132dd8d0a5293f9c8c71d9ce1e1451,legacy,QR1,0,571,2004-09-30,2004-08-31,1957-02-28,2004-08-31,-3.6272968251254625,-3.2695206621770985,-3.237187808920652,ok
30d8a037387ca5d3572817d56abeb86b6c132dd8d0a5293f9c8c71d9ce1e1451,legacy,QR1,0,571,2004-10-31,2004-09-30,1957-03-31,2004-09-30,-3.35206685176624,-3.6272968251254625,-3.633521832019614,ok
30d8a037387ca5d3572817d56abeb86b6c132dd8d0a5293f9c8c71d9ce1e1451,legacy,QR1,0,571,2004-11-30,2004-10-31,1957-04-30,2004-10-31,-3.5343348563403656,-3.35206685176624,-3.4578953050594112,ok
30d8a037387ca5d3572817d56abeb86b6c132dd8d0a5293f9c8c71d9ce1e1451,legacy,QR1,0,571,2004-12-31,2004-11-30,1957-05-31,2004-11-30,-3.615011393242337,-3.5343348563403656,-3.520198001707394,ok
30d8a037387ca5d3572817d56abeb86b6c132dd8d0a5293f9c8c71d9ce1e1451,legacy,QR1,0,571,2005-01-31,2004-12-31,1957-06-30,2004-12-31,-3.550604189909233,-3.615011393242337,-3.554860993506181,ok
30d8a037387ca5d3572817d56abeb86b6c132dd8d0a5293f9c8c71d9ce1e1451,legacy,QR1,0,571,2005-02-28,2005-01-31,1957-07-31,2005-01-31,-3.543820432764916,-3.550604189909233,-3.386621535804329,ok
30d8a037387ca5d3572817d56abeb86b6c132dd8d0a5293f9c8c71d9ce1e1451,legacy,QR1,0,571,2005-03-31,2005-02-28,1957-08-31,2005-02-28,-3.5291465415700136,-3.543820432764916,-3.4347751569980876,ok
30d8a037387ca5d3572817d56abeb86b6c132dd8d0a5293f9c8c71d9ce1e1451,legacy,QR1,0,571,2005-04-30,2005-03-31,1957-09-30,2005-03-31,-3.152720424000165,-3.5291465415700136,-3.4063355945229956,ok
30d8a037387ca5d3572817d56abeb86b6c132dd8d0a5293f9c8c71d9ce1e1451,legacy,QR1,0,571,2005-05-31,2005-04-30,1957-10-31,2005-04-30,-3.531069871409308,-3.152720424000165,-3.1465883248483144,ok
30d8a037387ca5d3572817d56abeb86b6c132dd8d0a5293f9c8c71d9ce1e1451,legacy,QR1,0,571,2005-06-30,2005-05-31,1957-11-30,2005-05-31,-3.760011284416737,-3.531069871409308,-3.5493934546038144,ok
30d8a037387ca5d3572817d56abeb86b6c132dd8d0a5293f9c8c71d9ce1e1451,legacy,QR1,0,571,2005-07-31,2005-06-30,1957-12-31,2005-06-30,-3.670772300891824,-3.760011284416737,-3.572691662210081,ok
30d8a037387ca5d3572817d56abeb86b6c132dd8d0a5293f9c8c71d9ce1e1451,legacy,QR1,0,571,2005-08-31,2005-07-31,1958-01-31,2005-07-31,-3.63388825571129,-3.670772300891824,-3.591545577614584,ok
30d8a037387ca5d3572817d56abeb86b6c132dd8d0a5293f9c8c71d9ce1e1451,legacy,QR1,0,571,2005-09-30,2005-08-31,1958-02-28,2005-08-31,-3.6631012230129896,-3.63388825571129,-3.497647523162504,ok
30d8a037387ca5d3572817d56abeb86b6c132dd8d0a5293f9c8c71d9ce1e1451,legacy,QR1,0,571,2005-10-31,2005-09-30,1958-03-31,2005-09-30,-3.1557527692250877,-3.6631012230129896,-3.490324268563633,ok
30d8a037387ca5d3572817d56abeb86b6c132dd8d0a5293f9c8c71d9ce1e1451,legacy,QR1,0,571,2005-11-30,2005-10-31,1958-04-30,2005-10-31,-3.7638501534181033,-3.1557527692250877,-3.3569612536222255,ok
30d8a037387ca5d3572817d56abeb86b6c132dd8d0a5293f9c8c71d9ce1e1451,legacy,QR1,0,571,2005-12-31,2005-11-30,1958-05-31,2005-11-30,-3.873253742668005,-3.7638501534181033,-3.5968797185884807,ok
30d8a037387ca5d3572817d56abeb86b6c132dd8d0a5293f9c8c71d9ce1e1451,legacy,QR1,0,571,2006-01-31,2005-12-31,1958-06-30,2005-12-31,-3.4661978775292708,-3.873253742668005,-3.632128843698533,ok
30d8a037387ca5d3572817d56abeb86b6c132dd8d0a5293f9c8c71d9ce1e1451,legacy,QR1,0,571,2006-02-28,2006-01-31,1958-07-31,2006-01-31,-3.670294829123373,-3.4661978775292708,-3.5687690101133303,ok
30d8a037387ca5d3572817d56abeb86b6c132dd8d0a5293f9c8c71d9ce1e1451,legacy,QR1,0,571,2006-03-31,2006-02-28,1958-08-31,2006-02-28,-3.7601645367414083,-3.670294829123373,-3.612764272398988,ok
30d8a037387ca5d3572817d56abeb86b6c132dd8d0a5293f9c8c71d9ce1e1451,legacy,QR1,0,571,2006-04-30,2006-03-31,1958-09-30,2006-03-31,-3.7197949446689256,-3.7601645367414083,-3.665508855318947,ok
30d8a037387ca5d3572817d56abeb86b6c132dd8d0a5293f9c8c71d9ce1e1451,legacy,QR1,0,571,2006-05-31,2006-04-30,1958-10-31,2006-04-30,-3.2999604149500312,-3.7197949446689256,-3.604624270954486,ok
30d8a037387ca5d3572817d56abeb86b6c132dd8d0a5293f9c8c71d9ce1e1451,legacy,QR1,0,571,2006-06-30,2006-05-31,1958-11-30,2006-05-31,-3.085582461863455,-3.2999604149500312,-3.3488972357070375,ok
30d8a037387ca5d3572817d56abeb86b6c132dd8d0a5293f9c8c71d9ce1e1451,legacy,QR1,0,571,2006-07-31,2006-06-30,1958-12-31,2006-06-30,-3.2709844618608197,-3.085582461863455,-3.236454750568868,ok
30d8a037387ca5d3572817d56abeb86b6c132dd8d0a5293f9c8c71d9ce1e1451,legacy,QR1,0,571,2006-08-31,2006-07-31,1959-01-31,2006-07-31,-3.8405365199338846,-3.2709844618608197,-3.2922860103252036,ok
30d8a037387ca5d3572817d56abeb86b6c132dd8d0a5293f9c8c71d9ce1e1451,legacy,QR1,0,571,2006-09-30,2006-08-31,1959-02-28,2006-08-31,-3.783882481202963,-3.8405365199338846,-3.546601990102522,ok
30d8a037387ca5d3572817d56abeb86b6c132dd8d0a5293f9c8c71d9ce1e1451,legacy,QR1,0,571,2006-10-31,2006-09-30,1959-03-31,2006-09-30,-3.8554878543326674,-3.783882481202963,-3.629411398384826,ok
30d8a037387ca5d3572817d56abeb86b6c132dd8d0a5293f9c8c71d9ce1e1451,legacy,QR1,0,571,2006-11-30,2006-10-31,1959-04-30,2006-10-31,-3.716627101662895,-3.8554878543326674,-3.716031016723295,ok
30d8a037387ca5d3572817d56abeb86b6c132dd8d0a5293f9c8c71d9ce1e1451,legacy,QR1,0,571,2006-12-31,2006-11-30,1959-05-31,2006-11-30,-3.9701695128147905,-3.716627101662895,-3.6698108238939806,ok
30d8a037387ca5d3572817d56abeb86b6c132dd8d0a5293f9c8c71d9ce1e1451,legacy,QR1,0,571,2007-01-31,2006-12-31,1959-06-30,2006-12-31,-3.8522491840295054,-3.9701695128147905,-3.7701293831742237,ok
30d8a037387ca5d3572817d56abeb86b6c132dd8d0a5293f9c8c71d9ce1e1451,legacy,QR1,0,571,2007-02-28,2007-01-31,1959-07-31,2007-01-31,-3.2447480356532115,-3.8522491840295054,-3.789577953181108,ok
30d8a037387ca5d3572817d56abeb86b6c132dd8d0a5293f9c8c71d9ce1e1451,legacy,QR1,0,571,2007-03-31,2007-02-28,1959-08-31,2007-02-28,-3.222494860521297,-3.2447480356532115,-3.434613295272828,ok
30d8a037387ca5d3572817d56abeb86b6c132dd8d0a5293f9c8c71d9ce1e1451,legacy,QR1,0,571,2007-04-30,2007-03-31,1959-09-30,2007-03-31,-3.7287460922933597,-3.222494860521297,-3.3555978270865796,ok
30d8a037387ca5d3572817d56abeb86b6c132dd8d0a5293f9c8c71d9ce1e1451,legacy,QR1,0,571,2007-05-31,2007-04-30,1959-10-31,2007-04-30,-3.6341144694358256,-3.7287460922933597,-3.568779901030242,ok
30d8a037387ca5d3572817d56abeb86b6c132dd8d0a5293f9c8c71d9ce1e1451,legacy,QR1,0,571,2007-06-30,2007-05-31,1959-11-30,2007-05-31,-3.258361421759635,-3.6341144694358256,-3.5345728851658853,ok
30d8a037387ca5d3572817d56abeb86b6c132dd8d0a5293f9c8c71d9ce1e1451,legacy,QR1,0,571,2007-07-31,2007-06-30,1959-12-31,2007-06-30,-3.0061550064305833,-3.258361421759635,-3.272895715924881,ok
30d8a037387ca5d3572817d56abeb86b6c132dd8d0a5293f9c8c71d9ce1e1451,legacy,QR1,0,571,2007-08-31,2007-07-31,1960-01-31,2007-07-31,-2.633783081660371,-3.0061550064305833,-3.018394685079403,ok
30d8a037387ca5d3572817d56abeb86b6c132dd8d0a5293f9c8c71d9ce1e1451,legacy,QR1,0,571,2007-09-30,2007-08-31,1960-02-29,2007-08-31,-3.1472509000198614,-2.633783081660371,-2.8964679465407945,ok
30d8a037387ca5d3572817d56abeb86b6c132dd8d0a5293f9c8c71d9ce1e1451,legacy,QR1,0,571,2007-10-31,2007-09-30,1960-03-31,2007-09-30,-3.190739924075638,-3.1472509000198614,-3.192376133291419,ok
30d8a037387ca5d3572817d56abeb86b6c132dd8d0a5293f9c8c71d9ce1e1451,legacy,QR1,0,571,2007-11-30,2007-10-31,1960-04-30,2007-10-31,-2.587719024765528,-3.190739924075638,-3.0151415423494425,ok
30d8a037387ca5d3572817d56abeb86b6c132dd8d0a5293f9c8c71d9ce1e1451,legacy,QR1,0,571,2007-12-31,2007-11-30,1960-05-31,2007-11-30,-3.02436059658321,-2.587719024765528,-2.5828618411747843,ok
30d8a037387ca5d3572817d56abeb86b6c132dd8d0a5293f9c8c71d9ce1e1451,legacy,QR1,0,571,2008-01-31,2007-12-31,1960-06-30,2007-12-31,-2.661249374022387,-3.02436059658321,-2.8514374457805944,ok
30d8a037387ca5d3572817d56abeb86b6c132dd8d0a5293f9c8c71d9ce1e1451,legacy,QR1,0,571,2008-02-29,2008-01-31,1960-07-31,2008-01-31,-2.8603506881048415,-2.661249374022387,-2.9765559228411336,ok
30d8a037387ca5d3572817d56abeb86b6c132dd8d0a5293f9c8c71d9ce1e1451,legacy,QR1,0,571,2008-03-31,2008-02-29,1960-08-31,2008-02-29,-2.538344113377069,-2.8603506881048415,-2.9595037786201877,ok
30d8a037387ca5d3572817d56abeb86b6c132dd8d0a5293f9c8c71d9ce1e1451,legacy,QR1,0,571,2008-04-30,2008-03-31,1960-09-30,2008-03-31,-2.9300382779186895,-2.538344113377069,-2.793807549731987,ok
30d8a037387ca5d3572817d56abeb86b6c132dd8d0a5293f9c8c71d9ce1e1451,legacy,QR1,0,571,2008-05-31,2008-04-30,1960-10-31,2008-04-30,-3.204756024564677,-2.9300382779186895,-3.0660843573445624,ok
30d8a037387ca5d3572817d56abeb86b6c132dd8d0a5293f9c8c71d9ce1e1451,legacy,QR1,0,571,2008-06-30,2008-05-31,1960-11-30,2008-05-31,-2.8296817644581433,-3.204756024564677,-3.0755718282635485,ok
30d8a037387ca5d3572817d56abeb86b6c132dd8d0a5293f9c8c71d9ce1e1451,legacy,QR1,0,571,2008-07-31,2008-06-30,1960-12-31,2008-06-30,-2.705460207716502,-2.8296817644581433,-2.5126963981479644,ok
30d8a037387ca5d3572817d56abeb86b6c132dd8d0a5293f9c8c71d9ce1e1451,legacy,QR1,0,571,2008-08-31,2008-07-31,1961-01-31,2008-07-31,-2.837812391125573,-2.705460207716502,-2.8628191903514164,ok
30d8a037387ca5d3572817d56abeb86b6c132dd8d0a5293f9c8c71d9ce1e1451,legacy,QR1,0,571,2008-09-30,2008-08-31,1961-02-28,2008-08-31,-1.8529192183645744,-2.837812391125573,-3.0624728888245545,ok
30d8a037387ca5d3572817d56abeb86b6c132dd8d0a5293f9c8c71d9ce1e1451,legacy,QR1,0,571,2008-10-31,2008-09-30,1961-03-31,2008-09-30,-1.42971613203937,-1.8529192183645744,-2.3572374479218774,ok
30d8a037387ca5d3572817d56abeb86b6c132dd8d0a5293f9c8c71d9ce1e1451,legacy,QR1,0,571,2008-11-30,2008-10-31,1961-04-30,2008-10-31,-1.656316012106184,-1.42971613203937,-2.0466422430741775,ok
30d8a037387ca5d3572817d56abeb86b6c132dd8d0a5293f9c8c71d9ce1e1451,legacy,QR1,0,571,2008-12-31,2008-11-30,1961-05-31,2008-11-30,-1.94077400987452,-1.656316012106184,-1.8383709036607736,ok
30d8a037387ca5d3572817d56abeb86b6c132dd8d0a5293f9c8c71d9ce1e1451,legacy,QR1,0,571,2009-01-31,2008-12-31,1961-06-30,2008-12-31,-2.206526753661318,-1.94077400987452,-2.1105459984623325,ok
30d8a037387ca5d3572817d56abeb86b6c132dd8d0a5293f9c8c71d9ce1e1451,legacy,QR1,0,571,2009-02-28,2009-01-31,1961-07-31,2009-01-31,-2.2946239453922495,-2.206526753661318,-2.1431124609371217,ok
30d8a037387ca5d3572817d56abeb86b6c132dd8d0a5293f9c8c71d9ce1e1451,legacy,QR1,0,571,2009-03-31,2009-02-28,1961-08-31,2009-02-28,-1.9582508837470343,-2.2946239453922495,-1.999073485564156,ok
30d8a037387ca5d3572817d56abeb86b6c132dd8d0a5293f9c8c71d9ce1e1451,legacy,QR1,0,571,2009-04-30,2009-03-31,1961-09-30,2009-03-31,-2.443587835277547,-1.9582508837470343,-2.387696959161177,ok
30d8a037387ca5d3572817d56abeb86b6c132dd8d0a5293f9c8c71d9ce1e1451,legacy,QR1,0,571,2009-05-31,2009-04-30,1961-10-31,2009-04-30,-2.5321700284042636,-2.443587835277547,-2.2246942134794065,ok
30d8a037387ca5d3572817d56abeb86b6c132dd8d0a5293f9c8c71d9ce1e1451,legacy,QR1,0,571,2009-06-30,2009-05-31,1961-11-30,2009-05-31,-2.8287513462734335,-2.5321700284042636,-2.4452195245311734,ok
30d8a037387ca5d3572817d56abeb86b6c132dd8d0a5293f9c8c71d9ce1e1451,legacy,QR1,0,571,2009-07-31,2009-06-30,1961-12-31,2009-06-30,-2.793345786712595,-2.8287513462734335,-2.993494749162354,ok
30d8a037387ca5d3572817d56abeb86b6c132dd8d0a5293f9c8c71d9ce1e1451,legacy,QR1,0,571,2009-08-31,2009-07-31,1962-01-31,2009-07-31,-3.0644616714098785,-2.793345786712595,-3.1187541330600763,ok
30d8a037387ca5d3572817d56abeb86b6c132dd8d0a5293f9c8c71d9ce1e1451,legacy,QR1,0,571,2009-09-30,2009-08-31,1962-02-28,2009-08-31,-3.130025280604083,-3.0644616714098785,-3.057093451323989,ok
30d8a037387ca5d3572817d56abeb86b6c132dd8d0a5293f9c8c71d9ce1e1451,legacy,QR1,0,571,2009-10-31,2009-09-30,1962-03-31,2009-09-30,-2.7700971285615434,-3.130025280604083,-3.1315126253762138,ok
30d8a037387ca5d3572817d56abeb86b6c132dd8d0a5293f9c8c71d9ce1e1451,legacy,QR1,0,571,2009-11-30,2009-10-31,1962-04-30,2009-10-31,-3.1107964455907346,-2.7700971285615434,-2.933487307192392,ok
30d8a037387ca5d3572817d56abeb86b6c132dd8d0a5293f9c8c71d9ce1e1451,legacy,QR1,0,571,2009-12-31,2009-11-30,1962-05-31,2009-11-30,-3.4880632358514134,-3.1107964455907346,-3.180894520860094,ok
30d8a037387ca5d3572817d56abeb86b6c132dd8d0a5293f9c8c71d9ce1e1451,legacy,QR1,0,571,2010-01-31,2009-12-31,1962-06-30,2009-12-31,-3.1051107340740467,-3.4880632358514134,-3.337665145666425,ok
30d8a037387ca5d3572817d56abeb86b6c132dd8d0a5293f9c8c71d9ce1e1451,legacy,QR1,0,571,2010-02-28,2010-01-31,1962-07-31,2010-01-31,-3.0178391591893847,-3.1051107340740467,-3.096833289292859,ok
30d8a037387ca5d3572817d56abeb86b6c132dd8d0a5293f9c8c71d9ce1e1451,legacy,QR1,0,571,2010-03-31,2010-02-28,1962-08-31,2010-02-28,-3.6861498116127507,-3.0178391591893847,-3.214959024650729,ok
30d8a037387ca5d3572817d56abeb86b6c132dd8d0a5293f9c8c71d9ce1e1451,legacy,QR1,0,571,2010-04-30,2010-03-31,1962-09-30,2010-03-31,-3.1571807998960457,-3.6861498116127507,-3.5178437823560307,ok
30d8a037387ca5d3572817d56abeb86b6c132dd8d0a5293f9c8c71d9ce1e1451,legacy,QR1,0,571,2010-05-31,2010-04-30,1962-10-31,2010-04-30,-2.407193011304442,-3.1571807998960457,-3.217724259383992,ok
30d8a037387ca5d3572817d56abeb86b6c132dd8d0a5293f9c8c71d9ce1e1451,legacy,QR1,0,571,2010-06-30,2010-05-31,1962-11-30,2010-05-31,-2.590131684949471,-2.407193011304442,-2.615809295709369,ok
30d8a037387ca5d3572817d56abeb86b6c132dd8d0a5293f9c8c71d9ce1e1451,legacy,QR1,0,571,2010-07-31,2010-06-30,1962-12-31,2010-06-30,-2.852932567849959,-2.590131684949471,-2.576661135801275,ok
30d8a037387ca5d3572817d56abeb86b6c132dd8d0a5293f9c8c71d9ce1e1451,legacy,QR1,0,571,2010-08-31,2010-07-31,1963-01-31,2010-07-31,-2.9530416640092794,-2.852932567849959,-3.1515552902677477,ok
30d8a037387ca5d3572817d56abeb86b6c132dd8d0a5293f9c8c71d9ce1e1451,legacy,QR1,0,571,2010-09-30,2010-08-31,1963-02-28,2010-08-31,-3.038118590021741,-2.9530416640092794,-2.916729690777509,ok
30d8a037387ca5d3572817d56abeb86b6c132dd8d0a5293f9c8c71d9ce1e1451,legacy,QR1,0,571,2010-10-31,2010-09-30,1963-03-31,2010-09-30,-3.418407956833649,-3.038118590021741,-3.0092685272213737,ok
30d8a037387ca5d3572817d56abeb86b6c132dd8d0a5293f9c8c71d9ce1e1451,legacy,QR1,0,571,2010-11-30,2010-10-31,1963-04-30,2010-10-31,-3.1787815912351842,-3.418407956833649,-3.1790973521598724,ok
30d8a037387ca5d3572817d56abeb86b6c132dd8d0a5293f9c8c71d9ce1e1451,legacy,QR1,0,571,2010-12-31,2010-11-30,1963-05-31,2010-11-30,-3.553444149972958,-3.1787815912351842,-3.093387991359394,ok
30d8a037387ca5d3572817d56abeb86b6c132dd8d0a5293f9c8c71d9ce1e1451,legacy,QR1,0,571,2011-01-31,2010-12-31,1963-06-30,2010-12-31,-3.5254625792369607,-3.553444149972958,-3.496129443644287,ok
30d8a037387ca5d3572817d56abeb86b6c132dd8d0a5293f9c8c71d9ce1e1451,legacy,QR1,0,571,2011-02-28,2011-01-31,1963-07-31,2011-01-31,-3.421017028944507,-3.5254625792369607,-3.4565467043806,ok
30d8a037387ca5d3572817d56abeb86b6c132dd8d0a5293f9c8c71d9ce1e1451,legacy,QR1,0,571,2011-03-31,2011-02-28,1963-08-31,2011-02-28,-3.0256567272535344,-3.421017028944507,-3.440826344051443,ok
30d8a037387ca5d3572817d56abeb86b6c132dd8d0a5293f9c8c71d9ce1e1451,legacy,QR1,0,571,2011-04-30,2011-03-31,1963-09-30,2011-03-31,-3.6813619979803685,-3.0256567272535344,-3.1924498492672777,ok
30d8a037387ca5d3572817d56abeb86b6c132dd8d0a5293f9c8c71d9ce1e1451,legacy,QR1,0,571,2011-05-31,2011-04-30,1963-10-31,2011-04-30,-3.4864984354795028,-3.6813619979803685,-3.4553928414250694,ok
30d8a037387ca5d3572817d56abeb86b6c132dd8d0a5293f9c8c71d9ce1e1451,legacy,QR1,0,571,2011-06-30,2011-05-31,1963-11-30,2011-05-31,-3.0353184736868135,-3.4864984354795028,-3.3095169480027185,ok
30d8a037387ca5d3572817d56abeb86b6c132dd8d0a5293f9c8c71d9ce1e1451,legacy,QR1,0,571,2011-07-31,2011-06-30,1963-12-31,2011-06-30,-3.1500524848844638,-3.0353184736868135,-3.0974378252569723,ok
30d8a037387ca5d3572817d56abeb86b6c132dd8d0a5293f9c8c71d9ce1e1451,legacy,QR1,0,571,2011-08-31,2011-07-31,1964-01-31,2011-07-31,-1.9665046707257416,-3.1500524848844638,-3.1171173318426098,ok
30d8a037387ca5d3572817d56abeb86b6c132dd8d0a5293f9c8c71d9ce1e1451,legacy,QR1,0,571,2011-09-30,2011-08-31,1964-02-29,2011-08-31,-2.481306279652722,-1.9665046707257416,-2.5833698936047145,ok
30d8a037387ca5d3572817d56abeb86b6c132dd8d0a5293f9c8c71d9ce1e1451,legacy,QR1,0,571,2011-10-31,2011-09-30,1964-03-31,2011-09-30,-2.457655436729706,-2.481306279652722,-2.4540018188381487,ok
30d8a037387ca5d3572817d56abeb86b6c132dd8d0a5293f9c8c71d9ce1e1451,legacy,QR1,0,571,2011-11-30,2011-10-31,1964-04-30,2011-10-31,-2.4359863431041875,-2.457655436729706,-2.8119729084678613,ok
30d8a037387ca5d3572817d56abeb86b6c132dd8d0a5293f9c8c71d9ce1e1451,legacy,QR1,0,571,2011-12-31,2011-11-30,1964-05-31,2011-11-30,-2.9483163558607832,-2.4359863431041875,-2.7094610327381097,ok
30d8a037387ca5d3572817d56abeb86b6c132dd8d0a5293f9c8c71d9ce1e1451,legacy,QR1,0,571,2012-01-31,2011-12-31,1964-06-30,2011-12-31,-3.6753549263674072,-2.9483163558607832,-2.8008349891148496,ok
30d8a037387ca5d3572817d56abeb86b6c132dd8d0a5293f9c8c71d9ce1e1451,legacy,QR1,0,571,2012-02-29,2012-01-31,1964-07-31,2012-01-31,-3.6938984477186816,-3.6753549263674072,-3.367826390207869,ok
30d8a037387ca5d3572817d56abeb86b6c132dd8d0a5293f9c8c71d9ce1e1451,legacy,QR1,0,571,2012-03-31,2012-02-29,1964-08-31,2012-02-29,-3.3843465262657215,-3.6938984477186816,-3.546880362595058,ok
30d8a037387ca5d3572817d56abeb86b6c132dd8d0a5293f9c8c71d9ce1e1451,legacy,QR1,0,571,2012-04-30,2012-03-31,1964-09-30,2012-03-31,-3.210146241345559,-3.3843465262657215,-3.4250735887587287,ok
30d8a037387ca5d3572817d56abeb86b6c132dd8d0a5293f9c8c71d9ce1e1451,legacy,QR1,0,571,2012-05-31,2012-04-30,1964-10-31,2012-04-30,-3.2497545069314553,-3.210146241345559,-3.2725246147254743,ok
30d8a037387ca5d3572817d56abeb86b6c132dd8d0a5293f9c8c71d9ce1e1451,legacy,QR1,0,571,2012-06-30,2012-05-31,1964-11-30,2012-05-31,-2.8366615287918187,-3.2497545069314553,-3.071555499388638,ok
30d8a037387ca5d3572817d56abeb86b6c132dd8d0a5293f9c8c71d9ce1e1451,legacy,QR1,0,571,2012-07-31,2012-06-30,1964-12-31,2012-06-30,-3.2378719180591355,-2.8366615287918187,-3.043159496746039,ok
30d8a037387ca5d3572817d56abeb86b6c132dd8d0a5293f9c8c71d9ce1e1451,legacy,QR1,0,571,2012-08-31,2012-07-31,1965-01-31,2012-07-31,-3.6166817154299276,-3.2378719180591355,-3.302965420882508,ok
30d8a037387ca5d3572817d56abeb86b6c132dd8d0a5293f9c8c71d9ce1e1451,legacy,QR1,0,571,2012-09-30,2012-08-31,1965-02-28,2012-08-31,-3.4378098591980444,-3.6166817154299276,-3.4286362890460937,ok
30d8a037387ca5d3572817d56abeb86b6c132dd8d0a5293f9c8c71d9ce1e1451,legacy,QR1,0,571,2012-10-31,2012-09-30,1965-03-31,2012-09-30,-3.4888694072163897,-3.4378098591980444,-3.4162062798535846,ok
30d8a037387ca5d3572817d56abeb86b6c132dd8d0a5293f9c8c71d9ce1e1451,legacy,QR1,0,571,2012-11-30,2012-10-31,1965-04-30,2012-10-31,-3.130457558392097,-3.4888694072163897,-3.358582528739512,ok
30d8a037387ca5d3572817d56abeb86b6c132dd8d0a5293f9c8c71d9ce1e1451,legacy,QR1,0,571,2012-12-31,2012-11-30,1965-05-31,2012-11-30,-3.438879816972799,-3.130457558392097,-3.2972018175925384,ok
30d8a037387ca5d3572817d56abeb86b6c132dd8d0a5293f9c8c71d9ce1e1451,legacy,QR1,0,571,2013-01-31,2012-12-31,1965-06-30,2012-12-31,-3.5122743260836247,-3.438879816972799,-3.421684088244573,ok
30d8a037387ca5d3572817d56abeb86b6c132dd8d0a5293f9c8c71d9ce1e1451,legacy,QR1,0,571,2013-02-28,2013-01-31,1965-07-31,2013-01-31,-3.3434701265797875,-3.5122743260836247,-3.476578873842847,ok
30d8a037387ca5d3572817d56abeb86b6c132dd8d0a5293f9c8c71d9ce1e1451,legacy,QR1,0,571,2013-03-31,2013-02-28,1965-08-31,2013-02-28,-3.8179084623195907,-3.3434701265797875,-3.3150141073223387,ok
30d8a037387ca5d3572817d56abeb86b6c132dd8d0a5293f9c8c71d9ce1e1451,legacy,QR1,0,571,2013-04-30,2013-03-31,1965-09-30,2013-03-31,-3.190861789295619,-3.8179084623195907,-3.5544119204874973,ok
30d8a037387ca5d3572817d56abeb86b6c132dd8d0a5293f9c8c71d9ce1e1451,legacy,QR1,0,571,2013-05-31,2013-04-30,1965-10-31,2013-04-30,-3.446126454815234,-3.190861789295619,-3.3266806550849943,ok
30d8a037387ca5d3572817d56abeb86b6c132dd8d0a5293f9c8c71d9ce1e1451,legacy,QR1,0,571,2013-06-30,2013-05-31,1965-11-30,2013-05-31,-3.0453169802170232,-3.446126454815234,-3.466526141454269,ok
30d8a037387ca5d3572817d56abeb86b6c132dd8d0a5293f9c8c71d9ce1e1451,legacy,QR1,0,571,2013-07-31,2013-06-30,1965-12-31,2013-06-30,-3.802623427578242,-3.0453169802170232,-3.2248867494708784,ok
30d8a037387ca5d3572817d56abeb86b6c132dd8d0a5293f9c8c71d9ce1e1451,legacy,QR1,0,571,2013-08-31,2013-07-31,1966-01-31,2013-07-31,-3.4765909912871975,-3.802623427578242,-3.558822308386693,ok
30d8a037387ca5d3572817d56abeb86b6c132dd8d0a5293f9c8c71d9ce1e1451,legacy,QR1,0,571,2013-09-30,2013-08-31,1966-02-28,2013-08-31,-3.6937395473295953,-3.4765909912871975,-3.3293890129053496,ok
30d8a037387ca5d3572817d56abeb86b6c132dd8d0a5293f9c8c71d9ce1e1451,legacy,QR1,0,571,2013-10-31,2013-09-30,1966-03-31,2013-09-30,-3.2760200523947183,-3.6937395473295953,-3.522844500773841,ok
30d8a037387ca5d3572817d56abeb86b6c132dd8d0a5293f9c8c71d9ce1e1451,legacy,QR1,0,571,2013-11-30,2013-10-31,1966-04-30,2013-10-31,-3.6747290764851526,-3.2760200523947183,-3.465709156025158,ok
30d8a037387ca5d3572817d56abeb86b6c132dd8d0a5293f9c8c71d9ce1e1451,legacy,QR1,0,571,2013-12-31,2013-11-30,1966-05-31,2013-11-30,-3.6040416781045184,-3.6747290764851526,-3.5550284395692273,ok
30d8a037387ca5d3572817d56abeb86b6c132dd8d0a5293f9c8c71d9ce1e1451,legacy,QR1,0,571,2014-01-31,2013-12-31,1966-06-30,2013-12-31,-3.3171375685353466,-3.6040416781045184,-3.554871483155445,ok
30d8a037387ca5d3572817d56abeb86b6c132dd8d0a5293f9c8c71d9ce1e1451,legacy,QR1,0,571,2014-02-28,2014-01-31,1966-07-31,2014-01-31,-3.3386797926341574,-3.3171375685353466,-3.2901090472306347,ok
30d8a037387ca5d3572817d56abeb86b6c132dd8d0a5293f9c8c71d9ce1e1451,legacy,QR1,0,571,2014-03-31,2014-02-28,1966-08-31,2014-02-28,-3.5256578627092043,-3.3386797926341574,-3.392064741675808,ok
30d8a037387ca5d3572817d56abeb86b6c132dd8d0a5293f9c8c71d9ce1e1451,legacy,QR1,0,571,2014-04-30,2014-03-31,1966-09-30,2014-03-31,-3.2955126404999024,-3.5256578627092043,-3.4836110546245385,ok
30d8a037387ca5d3572817d56abeb86b6c132dd8d0a5293f9c8c71d9ce1e1451,legacy,QR1,0,571,2014-05-31,2014-04-30,1966-10-31,2014-04-30,-3.7483017283266418,-3.2955126404999024,-3.2836140407759897,ok
30d8a037387ca5d3572817d56abeb86b6c132dd8d0a5293f9c8c71d9ce1e1451,legacy,QR1,0,571,2014-06-30,2014-05-31,1966-11-30,2014-05-31,-4.087403595110627,-3.7483017283266418,-3.5287282865879037,ok
30d8a037387ca5d3572817d56abeb86b6c132dd8d0a5293f9c8c71d9ce1e1451,legacy,QR1,0,571,2014-07-31,2014-06-30,1966-12-31,2014-06-30,-3.4754874909402718,-4.087403595110627,-3.675147598402721,ok
30d8a037387ca5d3572817d56abeb86b6c132dd8d0a5293f9c8c71d9ce1e1451,legacy,QR1,0,571,2014-08-31,2014-07-31,1967-01-31,2014-07-31,-3.758175341489735,-3.4754874909402718,-3.4803642503845458,ok
30d8a037387ca5d3572817d56abeb86b6c132dd8d0a5293f9c8c71d9ce1e1451,legacy,QR1,0,571,2014-09-30,2014-08-31,1967-02-28,2014-08-31,-3.6148214505759886,-3.758175341489735,-3.6720375041471023,ok
30d8a037387ca5d3572817d56abeb86b6c132dd8d0a5293f9c8c71d9ce1e1451,legacy,QR1,0,571,2014-10-31,2014-09-30,1967-03-31,2014-09-30,-2.9141171757759734,-3.6148214505759886,-3.491604541241574,ok
30d8a037387ca5d3572817d56abeb86b6c132dd8d0a5293f9c8c71d9ce1e1451,legacy,QR1,0,571,2014-11-30,2014-10-31,1967-04-30,2014-10-31,-4.403441476450015,-2.9141171757759734,-3.201659642503417,ok
30d8a037387ca5d3572817d56abeb86b6c132dd8d0a5293f9c8c71d9ce1e1451,legacy,QR1,0,571,2014-12-31,2014-11-30,1967-05-31,2014-11-30,-3.1118286510639352,-4.403441476450015,-3.638801613963354,ok
30d8a037387ca5d3572817d56abeb86b6c132dd8d0a5293f9c8c71d9ce1e1451,legacy,QR1,0,571,2015-01-31,2014-12-31,1967-06-30,2014-12-31,-3.0531195840611964,-3.1118286510639352,-3.326605580193152,ok
30d8a037387ca5d3572817d56abeb86b6c132dd8d0a5293f9c8c71d9ce1e1451,legacy,QR1,0,571,2015-02-28,2015-01-31,1967-07-31,2015-01-31,-3.562245097331633,-3.0531195840611964,-3.14842896384331,ok
30d8a037387ca5d3572817d56abeb86b6c132dd8d0a5293f9c8c71d9ce1e1451,legacy,QR1,0,571,2015-03-31,2015-02-28,1967-08-31,2015-02-28,-3.1816129636323156,-3.562245097331633,-3.520784410232431,ok
30d8a037387ca5d3572817d56abeb86b6c132dd8d0a5293f9c8c71d9ce1e1451,legacy,QR1,0,571,2015-04-30,2015-03-31,1967-09-30,2015-03-31,-3.7301577097521137,-3.1816129636323156,-3.2170248745385983,ok
30d8a037387ca5d3572817d56abeb86b6c132dd8d0a5293f9c8c71d9ce1e1451,legacy,QR1,0,571,2015-05-31,2015-04-30,1967-10-31,2015-04-30,-3.515261724921692,-3.7301577097521137,-3.41887388883075,ok
30d8a037387ca5d3572817d56abeb86b6c132dd8d0a5293f9c8c71d9ce1e1451,legacy,QR1,0,571,2015-06-30,2015-05-31,1967-11-30,2015-05-31,-3.4246395604529183,-3.515261724921692,-3.5468891058188694,ok
30d8a037387ca5d3572817d56abeb86b6c132dd8d0a5293f9c8c71d9ce1e1451,legacy,QR1,0,571,2015-07-31,2015-06-30,1967-12-31,2015-06-30,-3.379834324533906,-3.4246395604529183,-3.3440165956256314,ok
30d8a037387ca5d3572817d56abeb86b6c132dd8d0a5293f9c8c71d9ce1e1451,legacy,QR1,0,571,2015-08-31,2015-07-31,1968-01-31,2015-07-31,-2.567702579344776,-3.379834324533906,-3.2962985312946715,ok
30d8a037387ca5d3572817d56abeb86b6c132dd8d0a5293f9c8c71d9ce1e1451,legacy,QR1,0,571,2015-09-30,2015-08-31,1968-02-29,2015-08-31,-2.7509836865610584,-2.567702579344776,-2.988466417302841,ok
30d8a037387ca5d3572817d56abeb86b6c132dd8d0a5293f9c8c71d9ce1e1451,legacy,QR1,0,571,2015-10-31,2015-09-30,1968-03-31,2015-09-30,-3.219259102962737,-2.7509836865610584,-2.8304673413275636,ok
30d8a037387ca5d3572817d56abeb86b6c132dd8d0a5293f9c8c71d9ce1e1451,legacy,QR1,0,571,2015-11-30,2015-10-31,1968-04-30,2015-10-31,-3.3994804010076436,-3.219259102962737,-3.2550333371843445,ok
30d8a037387ca5d3572817d56abeb86b6c132dd8d0a5293f9c8c71d9ce1e1451,legacy,QR1,0,571,2015-12-31,2015-11-30,1968-05-31,2015-11-30,-2.9313513610844177,-3.3994804010076436,-3.1980075852161622,ok
30d8a037387ca5d3572817d56abeb86b6c132dd8d0a5293f9c8c71d9ce1e1451,legacy,QR1,0,571,2016-01-31,2015-12-31,1968-06-30,2015-12-31,-2.721796067769684,-2.9313513610844177,-2.9984768346131627,ok
30d8a037387ca5d3572817d56abeb86b6c132dd8d0a5293f9c8c71d9ce1e1451,legacy,QR1,0,571,2016-02-29,2016-01-31,1968-07-31,2016-01-31,-2.975885937336674,-2.721796067769684,-2.84797631095856,ok
30d8a037387ca5d3572817d56abeb86b6c132dd8d0a5293f9c8c71d9ce1e1451,legacy,QR1,0,571,2016-03-31,2016-02-29,1968-08-31,2016-02-29,-3.3396579653309333,-2.975885937336674,-3.0075527727604987,ok
30d8a037387ca5d3572817d56abeb86b6c132dd8d0a5293f9c8c71d9ce1e1451,legacy,QR1,0,571,2016-04-30,2016-03-31,1968-09-30,2016-03-31,-3.5543031478531373,-3.3396579653309333,-3.3304238002225963,ok
30d8a037387ca5d3572817d56abeb86b6c132dd8d0a5293f9c8c71d9ce1e1451,legacy,QR1,0,571,2016-05-31,2016-04-30,1968-10-31,2016-04-30,-3.457732751318138,-3.5543031478531373,-3.329973295109772,ok
30d8a037387ca5d3572817d56abeb86b6c132dd8d0a5293f9c8c71d9ce1e1451,legacy,QR1,0,571,2016-06-30,2016-05-31,1968-11-30,2016-05-31,-2.9208097471793346,-3.457732751318138,-3.3839670506618837,ok
30d8a037387ca5d3572817d56abeb86b6c132dd8d0a5293f9c8c71d9ce1e1451,legacy,QR1,0,571,2016-07-31,2016-06-30,1968-12-31,2016-06-30,-3.82748206452236,-2.9208097471793346,-3.2225800589194127,ok
30d8a037387ca5d3572817d56abeb86b6c132dd8d0a5293f9c8c71d9ce1e1451,legacy,QR1,0,571,2016-08-31,2016-07-31,1969-01-31,2016-07-31,-4.092448513398336,-3.82748206452236,-3.575871261300617,ok
30d8a037387ca5d3572817d56abeb86b6c132dd8d0a5293f9c8c71d9ce1e1451,legacy,QR1,0,571,2016-09-30,2016-08-31,1969-02-28,2016-08-31,-3.192551585892722,-4.092448513398336,-3.608611488347634,ok
30d8a037387ca5d3572817d56abeb86b6c132dd8d0a5293f9c8c71d9ce1e1451,legacy,QR1,0,571,2016-10-31,2016-09-30,1969-03-31,2016-09-30,-3.9566514163288296,-3.192551585892722,-3.3724896558529447,ok
30d8a037387ca5d3572817d56abeb86b6c132dd8d0a5293f9c8c71d9ce1e1451,legacy,QR1,0,571,2016-11-30,2016-10-31,1969-04-30,2016-10-31,-3.487974422258749,-3.9566514163288296,-3.640650000940849,ok
30d8a037387ca5d3572817d56abeb86b6c132dd8d0a5293f9c8c71d9ce1e1451,legacy,QR1,0,571,2016-12-31,2016-11-30,1969-05-31,2016-11-30,-3.7787223692336043,-3.487974422258749,-3.5894721300408556,ok
30d8a037387ca5d3572817d56abeb86b6c132dd8d0a5293f9c8c71d9ce1e1451,legacy,QR1,0,571,2017-01-31,2016-12-31,1969-06-30,2016-12-31,-4.001828361753411,-3.7787223692336043,-3.563001551288555,ok
30d8a037387ca5d3572817d56abeb86b6c132dd8d0a5293f9c8c71d9ce1e1451,legacy,QR1,0,571,2017-02-28,2017-01-31,1969-07-31,2017-01-31,-4.204700139152802,-4.001828361753411,-3.702922330504912,ok
30d8a037387ca5d3572817d56abeb86b6c132dd8d0a5293f9c8c71d9ce1e1451,legacy,QR1,0,571,2017-03-31,2017-02-28,1969-08-31,2017-02-28,-3.7314192152872128,-4.204700139152802,-3.8027551347854365,ok
30d8a037387ca5d3572817d56abeb86b6c132dd8d0a5293f9c8c71d9ce1e1451,legacy,QR1,0,571,2017-04-30,2017-03-31,1969-09-30,2017-03-31,-3.926652018374449,-3.7314192152872128,-3.6430989014324107,ok
30d8a037387ca5d3572817d56abeb86b6c132dd8d0a5293f9c8c71d9ce1e1451,legacy,QR1,0,571,2017-05-31,2017-04-30,1969-10-31,2017-04-30,-3.7920847378875453,-3.926652018374449,-3.6883977663531,ok
30d8a037387ca5d3572817d56abeb86b6c132dd8d0a5293f9c8c71d9ce1e1451,legacy,QR1,0,571,2017-06-30,2017-05-31,1969-11-30,2017-05-31,-3.856214910874562,-3.7920847378875453,-3.604350674181787,ok
30d8a037387ca5d3572817d56abeb86b6c132dd8d0a5293f9c8c71d9ce1e1451,legacy,QR1,0,571,2017-07-31,2017-06-30,1969-12-31,2017-06-30,-4.129870024958818,-3.856214910874562,-3.7258543756991336,ok
30d8a037387ca5d3572817d56abeb86b6c132dd8d0a5293f9c8c71d9ce1e1451,legacy,QR1,0,571,2017-08-31,2017-07-31,1970-01-31,2017-07-31,-3.5924378123925567,-4.129870024958818,-3.8336149136656616,ok
30d8a037387ca5d3572817d56abeb86b6c132dd8d0a5293f9c8c71d9ce1e1451,legacy,QR1,0,571,2017-09-30,2017-08-31,1970-02-28,2017-08-31,-4.134666486968067,-3.5924378123925567,-3.6256240951460867,ok
30d8a037387ca5d3572817d56abeb86b6c132dd8d0a5293f9c8c71d9ce1e1451,legacy,QR1,0,571,2017-10-31,2017-09-30,1970-03-31,2017-09-30,-4.216826264874244,-4.134666486968067,-3.792309792762534,ok
30d8a037387ca5d3572817d56abeb86b6c132dd8d0a5293f9c8c71d9ce1e1451,legacy,QR1,0,571,2017-11-30,2017-10-31,1970-04-30,2017-10-31,-3.974205538921206,-4.216826264874244,-3.818153606872354,ok
30d8a037387ca5d3572817d56abeb86b6c132dd8d0a5293f9c8c71d9ce1e1451,legacy,QR1,0,571,2017-12-31,2017-11-30,1970-05-31,2017-11-30,-4.1605958145165705,-3.974205538921206,-3.821661813490546,ok
30d8a037387ca5d3572817d56abeb86b6c132dd8d0a5293f9c8c71d9ce1e1451,legacy,QR2,0,571,1997-08-31,1997-07-31,1950-01-31,1997-07-31,-2.997998940254238,-3.1084047309706033,-3.3190681969341345,ok
30d8a037387ca5d3572817d56abeb86b6c132dd8d0a5293f9c8c71d9ce1e1451,legacy,QR2,0,571,1997-09-30,1997-08-31,1950-02-28,1997-08-31,-2.9805233450013167,-2.997998940254238,-2.93903619586174,ok
30d8a037387ca5d3572817d56abeb86b6c132dd8d0a5293f9c8c71d9ce1e1451,legacy,QR2,0,571,1997-10-31,1997-09-30,1950-03-31,1997-09-30,-2.3238652771202104,-2.9805233450013167,-3.2471902932780385,ok
30d8a037387ca5d3572817d56abeb86b6c132dd8d0a5293f9c8c71d9ce1e1451,legacy,QR2,0,571,1997-11-30,1997-10-31,1950-04-30,1997-10-31,-2.967779424466623,-2.3238652771202104,-2.702420824345994,ok
30d8a037387ca5d3572817d56abeb86b6c132dd8d0a5293f9c8c71d9ce1e1451,legacy,QR2,0,571,1997-12-31,1997-11-30,1950-05-31,1997-11-30,-3.0514972683227777,-2.967779424466623,-3.0008569813662787,ok
30d8a037387ca5d3572817d56abeb86b6c132dd8d0a5293f9c8c71d9ce1e1451,legacy,QR2,0,571,1998-01-31,1997-12-31,1950-06-30,1997-12-31,-2.998809877493172,-3.0514972683227777,-3.115895331864286,ok
30d8a037387ca5d3572817d56abeb86b6c132dd8d0a5293f9c8c71d9ce1e1451,legacy,QR2,0,571,1998-02-28,1998-01-31,1950-07-31,1998-01-31,-3.4342451514940397,-2.998809877493172,-3.1424829123008315,ok
30d8a037387ca5d3572817d56abeb86b6c132dd8d0a5293f9c8c71d9ce1e1451,legacy,QR2,0,571,1998-03-31,1998-02-28,1950-08-31,1998-02-28,-3.3950363195710853,-3.4342451514940397,-3.4172673168355123,ok
30d8a037387ca5d3572817d56abeb86b6c132dd8d0a5293f9c8c71d9ce1e1451,legacy,QR2,0,571,1998-04-30,1998-03-31,1950-09-30,1998-03-31,-3.2134051996183786,-3.3950363195710853,-3.3663084298960846,ok
30d8a037387ca5d3572817d56abeb86b6c132dd8d0a5293f9c8c71d9ce1e1451,legacy,QR2,0,571,1998-05-31,1998-04-30,1950-10-31,1998-04-30,-3.473595749393068,-3.2134051996183786,-3.304477938409528,ok
30d8a037387ca5d3572817d56abeb86b6c132dd8d0a5293f9c8c71d9ce1e1451,legacy,QR2,0,571,1998-06-30,1998-05-31,1950-11-30,1998-05-31,-3.084631870788053,-3.473595749393068,-3.3202653363756305,ok
30d8a037387ca5d3572817d56abeb86b6c132dd8d0a5293f9c8c71d9ce1e1451,legacy,QR2,0,571,1998-07-31,1998-06-30,1950-12-31,1998-06-30,-3.0497952329188918,-3.084631870788053,-3.29591972849417,ok
30d8a037387ca5d3572817d56abeb86b6c132dd8d0a5293f9c8c71d9ce1e1451,legacy,QR2,0,571,1998-08-31,1998-07-31,1951-01-31,1998-07-31,-2.314262503723685,-3.0497952329188918,-3.147820962292812,ok
30d8a037387ca5d3572817d56abeb86b6c132dd8d0a5293f9c8c71d9ce1e1451,legacy,QR2,0,571,1998-09-30,1998-08-31,1951-02-28,1998-08-31,-2.3129763371118237,-2.314262503723685,-2.5979233962602497,ok
30d8a037387ca5d3572817d56abeb86b6c132dd8d0a5293f9c8c71d9ce1e1451,legacy,QR2,0,571,1998-10-31,1998-09-30,1951-03-31,1998-09-30,-2.638868495322673,-2.3129763371118237,-2.9105599913467906,ok
30d8a037387ca5d3572817d56abeb86b6c132dd8d0a5293f9c8c71d9ce1e1451,legacy,QR2,0,571,1998-11-30,1998-10-31,1951-04-30,1998-10-31,-3.1231521925257173,-2.638868495322673,-3.2189526900923067,ok
30d8a037387ca5d3572817d56abeb86b6c132dd8d0a5293f9c8c71d9ce1e1451,legacy,QR2,0,571,1998-12-31,1998-11-30,1951-05-31,1998-11-30,-2.8614581487687634,-3.1231521925257173,-3.0390523133617044,ok
30d8a037387ca5d3572817d56abeb86b6c132dd8d0a5293f9c8c71d9ce1e1451,legacy,QR2,0,571,1999-01-31,1998-12-31,1951-06-30,1998-12-31,-2.8546598491125996,-2.8614581487687634,-2.9117360630335147,ok
30d8a037387ca5d3572817d56abeb86b6c132dd8d0a5293f9c8c71d9ce1e1451,legacy,QR2,0,571,1999-02-28,1999-01-31,1951-07-31,1999-01-31,-2.8306547199882983,-2.8546598491125996,-2.9134000008336667,ok
30d8a037387ca5d3572817d56abeb86b6c132dd8d0a5293f9c8c71d9ce1e1451,legacy,QR2,0,571,1999-03-31,1999-02-28,1951-08-31,1999-02-28,-2.8717218927726718,-2.8306547199882983,-2.878335104805264,ok
30d8a037387ca5d3572817d56abeb86b6c132dd8d0a5293f9c8c71d9ce1e1451,legacy,QR2,0,571,1999-04-30,1999-03-31,1951-09-30,1999-03-31,-2.9550032409961746,-2.8717218927726718,-3.0099925723678966,ok
30d8a037387ca5d3572817d56abeb86b6c132dd8d0a5293f9c8c71d9ce1e1451,legacy,QR2,0,571,1999-05-31,1999-04-30,1951-10-31,1999-04-30,-2.8875770664081015,-2.9550032409961746,-3.105457266733713,ok
30d8a037387ca5d3572817d56abeb86b6c132dd8d0a5293f9c8c71d9ce1e1451,legacy,QR2,0,571,1999-06-30,1999-05-31,1951-11-30,1999-05-31,-3.0191012625883085,-2.8875770664081015,-2.8775623046277015,ok
30d8a037387ca5d3572817d56abeb86b6c132dd8d0a5293f9c8c71d9ce1e1451,legacy,QR2,0,571,1999-07-31,1999-06-30,1951-12-31,1999-06-30,-3.2101509685854186,-3.0191012625883085,-3.0870600795228347,ok
30d8a037387ca5d3572817d56abeb86b6c132dd8d0a5293f9c8c71d9ce1e1451,legacy,QR2,0,571,1999-08-31,1999-07-31,1952-01-31,1999-07-31,-2.9534789867089692,-3.2101509685854186,-3.0595358192376683,ok
30d8a037387ca5d3572817d56abeb86b6c132dd8d0a5293f9c8c71d9ce1e1451,legacy,QR2,0,571,1999-09-30,1999-08-31,1952-02-29,1999-08-31,-2.9564823177564232,-2.9534789867089692,-2.918247029539839,ok
30d8a037387ca5d3572817d56abeb86b6c132dd8d0a5293f9c8c71d9ce1e1451,legacy,QR2,0,571,1999-10-31,1999-09-30,1952-03-31,1999-09-30,-2.6655450376900633,-2.9564823177564232,-2.945754472159669,ok
30d8a037387ca5d3572817d56abeb86b6c132dd8d0a5293f9c8c71d9ce1e1451,legacy,QR2,0,571,1999-11-30,1999-10-31,1952-04-30,1999-10-31,-3.3039253672881648,-2.6655450376900633,-3.0114361679599835,ok
30d8a037387ca5d3572817d56abeb86b6c132dd8d0a5293f9c8c71d9ce1e1451,legacy,QR2,0,571,1999-12-31,1999-11-30,1952-05-31,1999-11-30,-3.388665152890443,-3.3039253672881648,-3.213319011443803,ok
30d8a037387ca5d3572817d56abeb86b6c132dd8d0a5293f9c8c71d9ce1e1451,legacy,QR2,0,571,2000-01-31,1999-12-31,1952-06-30,1999-12-31,-2.6226733886036615,-3.388665152890443,-3.526070739048425,ok
30d8a037387ca5d3572817d56abeb86b6c132dd8d0a5293f9c8c71d9ce1e1451,legacy,QR2,0,571,2000-02-29,2000-01-31,1952-07-31,2000-01-31,-2.897488125745266,-2.6226733886036615,-2.847669832176072,ok
30d8a037387ca5d3572817d56abeb86b6c132dd8d0a5293f9c8c71d9ce1e1451,legacy,QR2,0,571,2000-03-31,2000-02-29,1952-08-31,2000-02-29,-2.51469776513013,-2.897488125745266,-3.204074133964368,ok
30d8a037387ca5d3572817d56abeb86b6c132dd8d0a5293f9c8c71d9ce1e1451,legacy,QR2,0,571,2000-04-30,2000-03-31,1952-09-30,2000-03-31,-2.4094082379010313,-2.51469776513013,-3.1442158617675595,ok
30d8a037387ca5d3572817d56abeb86b6c132dd8d0a5293f9c8c71d9ce1e1451,legacy,QR2,0,571,2000-05-31,2000-04-30,1952-10-31,2000-04-30,-2.632644632266094,-2.4094082379010313,-2.578593850156558,ok
30d8a037387ca5d3572817d56abeb86b6c132dd8d0a5293f9c8c71d9ce1e1451,legacy,QR2,0,571,2000-06-30,2000-05-31,1952-11-30,2000-05-31,-3.0278251725128413,-2.632644632266094,-2.3601145588725068,ok
30d8a037387ca5d3572817d56abeb86b6c132dd8d0a5293f9c8c71d9ce1e1451,legacy,QR2,0,571,2000-07-31,2000-06-30,1952-12-31,2000-06-30,-3.088181553822785,-3.0278251725128413,-3.0470203271331413,ok
30d8a037387ca5d3572817d56abeb86b6c132dd8d0a5293f9c8c71d9ce1e1451,legacy,QR2,0,571,2000-08-31,2000-07-31,1953-01-31,2000-07-31,-3.438073668437876,-3.088181553822785,-3.2197547560306603,ok
30d8a037387ca5d3572817d56abeb86b6c132dd8d0a5293f9c8c71d9ce1e1451,legacy,QR2,0,571,2000-09-30,2000-08-31,1953-02-28,2000-08-31,-3.2193963619434802,-3.438073668437876,-3.2390966166069637,ok
30d8a037387ca5d3572817d56abeb86b6c132dd8d0a5293f9c8c71d9ce1e1451,legacy,QR2,0,571,2000-10-31,2000-09-30,1953-03-31,2000-09-30,-2.5991038256087786,-3.2193963619434802,-3.0580312417216344,ok
30d8a037387ca5d3572817d56abeb86b6c132dd8d0a5293f9c8c71d9ce1e1451,legacy,QR2,0,571,2000-11-30,2000-10-31,1953-04-30,2000-10-31,-2.8568188775989833,-2.5991038256087786,-2.8423487987851273,ok
30d8a037387ca5d3572817d56abeb86b6c132dd8d0a5293f9c8c71d9ce1e1451,legacy,QR2,0,571,2000-12-31,2000-11-30,1953-05-31,2000-11-30,-2.6226966266401908,-2.8568188775989833,-2.767679733573636,ok
30d8a037387ca5d3572817d56abeb86b6c132dd8d0a5293f9c8c71d9ce1e1451,legacy,QR2,0,571,2001-01-31,2000-12-31,1953-06-30,2000-12-31,-2.6642256902470183,-2.6226966266401908,-2.8190875884432356,ok
30d8a037387ca5d3572817d56abeb86b6c132dd8d0a5293f9c8c71d9ce1e1451,legacy,QR2,0,571,2001-02-28,2001-01-31,1953-07-31,2001-01-31,-2.9853721170174463,-2.6642256902470183,-2.9491411367445943,ok
30d8a037387ca5d3572817d56abeb86b6c132dd8d0a5293f9c8c71d9ce1e1451,legacy,QR2,0,571,2001-03-31,2001-02-28,1953-08-31,2001-02-28,-2.462501150398544,-2.9853721170174463,-2.8886257480892596,ok
30d8a037387ca5d3572817d56abeb86b6c132dd8d0a5293f9c8c71d9ce1e1451,legacy,QR2,0,571,2001-04-30,2001-03-31,1953-09-30,2001-03-31,-2.459030693452129,-2.462501150398544,-2.429954665407847,ok
30d8a037387ca5d3572817d56abeb86b6c132dd8d0a5293f9c8c71d9ce1e1451,legacy,QR2,0,571,2001-05-31,2001-04-30,1953-10-31,2001-04-30,-2.9922247396924284,-2.459030693452129,-2.9724278603845624,ok
30d8a037387ca5d3572817d56abeb86b6c132dd8d0a5293f9c8c71d9ce1e1451,legacy,QR2,0,571,2001-06-30,2001-05-31,1953-11-30,2001-05-31,-3.246919804266744,-2.9922247396924284,-3.1898296278814415,ok
30d8a037387ca5d3572817d56abeb86b6c132dd8d0a5293f9c8c71d9ce1e1451,legacy,QR2,0,571,2001-07-31,2001-06-30,1953-12-31,2001-06-30,-2.9201817277563444,-3.246919804266744,-2.940106059371655,ok
30d8a037387ca5d3572817d56abeb86b6c132dd8d0a5293f9c8c71d9ce1e1451,legacy,QR2,0,571,2001-08-31,2001-07-31,1954-01-31,2001-07-31,-3.0514884107311104,-2.9201817277563444,-2.9305816342527873,ok
30d8a037387ca5d3572817d56abeb86b6c132dd8d0a5293f9c8c71d9ce1e1451,legacy,QR2,0,571,2001-09-30,2001-08-31,1954-02-28,2001-08-31,-2.4611074485824003,-3.0514884107311104,-2.794030301670706,ok
30d8a037387ca5d3572817d56abeb86b6c132dd8d0a5293f9c8c71d9ce1e1451,legacy,QR2,0,571,2001-10-31,2001-09-30,1954-03-31,2001-09-30,-2.8652673663392614,-2.4611074485824003,-2.526845566307951,ok
30d8a037387ca5d3572817d56abeb86b6c132dd8d0a5293f9c8c71d9ce1e1451,legacy,QR2,0,571,2001-11-30,2001-10-31,1954-04-30,2001-10-31,-3.0669535317160372,-2.8652673663392614,-2.9746909031631183,ok
30d8a037387ca5d3572817d56abeb86b6c132dd8d0a5293f9c8c71d9ce1e1451,legacy,QR2,0,571,2001-12-31,2001-11-30,1954-05-31,2001-11-30,-3.161773107603656,-3.0669535317160372,-3.017210404388118,ok
30d8a037387ca5d3572817d56abeb86b6c132dd8d0a5293f9c8c71d9ce1e1451,legacy,QR2,0,571,2002-01-31,2001-12-31,1954-06-30,2001-12-31,-3.0579996618641534,-3.161773107603656,-3.136448153623372,ok
30d8a037387ca5d3572817d56abeb86b6c132dd8d0a5293f9c8c71d9ce1e1451,legacy,QR2,0,571,2002-02-28,2002-01-31,1954-07-31,2002-01-31,-2.9799350071903916,-3.0579996618641534,-3.1844215584002424,ok
30d8a037387ca5d3572817d56abeb86b6c132dd8d0a5293f9c8c71d9ce1e1451,legacy,QR2,0,571,2002-03-31,2002-02-28,1954-08-31,2002-02-28,-3.10739363963361,-2.9799350071903916,-2.9682733779068444,ok
30d8a037387ca5d3572817d56abeb86b6c132dd8d0a5293f9c8c71d9ce1e1451,legacy,QR2,0,571,2002-04-30,2002-03-31,1954-09-30,2002-03-31,-3.0313070929650197,-3.10739363963361,-3.2430079400063736,ok
30d8a037387ca5d3572817d56abeb86b6c132dd8d0a5293f9c8c71d9ce1e1451,legacy,QR2,0,571,2002-05-31,2002-04-30,1954-10-31,2002-04-30,-2.7538487761487103,-3.0313070929650197,-2.9881315936569943,ok
30d8a037387ca5d3572817d56abeb86b6c132dd8d0a5293f9c8c71d9ce1e1451,legacy,QR2,0,571,2002-06-30,2002-05-31,1954-11-30,2002-05-31,-2.7963899311292977,-2.7538487761487103,-2.848883742464681,ok
30d8a037387ca5d3572817d56abeb86b6c132dd8d0a5293f9c8c71d9ce1e1451,legacy,QR2,0,571,2002-07-31,2002-06-30,1954-12-31,2002-06-30,-2.0936717644219573,-2.7963899311292977,-2.671800229370738,ok
30d8a037387ca5d3572817d56abeb86b6c132dd8d0a5293f9c8c71d9ce1e1451,legacy,QR2,0,571,2002-08-31,2002-07-31,1955-01-31,2002-07-31,-2.334965250310743,-2.0936717644219573,-2.6390396796117987,ok
30d8a037387ca5d3572817d56abeb86b6c132dd8d0a5293f9c8c71d9ce1e1451,legacy,QR2,0,571,2002-09-30,2002-08-31,1955-02-28,2002-08-31,-2.4457724947083546,-2.334965250310743,-2.845062183220219,ok
30d8a037387ca5d3572817d56abeb86b6c132dd8d0a5293f9c8c71d9ce1e1451,legacy,QR2,0,571,2002-10-31,2002-09-30,1955-03-31,2002-09-30,-2.2381485874590115,-2.4457724947083546,-2.3154658910874537,ok
30d8a037387ca5d3572817d56abeb86b6c132dd8d0a5293f9c8c71d9ce1e1451,legacy,QR2,0,571,2002-11-30,2002-10-31,1955-04-30,2002-10-31,-2.710705924175827,-2.2381485874590115,-2.566953110430573,ok
30d8a037387ca5d3572817d56abeb86b6c132dd8d0a5293f9c8c71d9ce1e1451,legacy,QR2,0,571,2002-12-31,2002-11-30,1955-05-31,2002-11-30,-2.9669397498106065,-2.710705924175827,-2.921471438098834,ok
30d8a037387ca5d3572817d56abeb86b6c132dd8d0a5293f9c8c71d9ce1e1451,legacy,QR2,0,571,2003-01-31,2002-12-31,1955-06-30,2002-12-31,-2.6330623630544365,-2.9669397498106065,-2.5834543035986033,ok
30d8a037387ca5d3572817d56abeb86b6c132dd8d0a5293f9c8c71d9ce1e1451,legacy,QR2,0,571,2003-02-28,2003-01-31,1955-07-31,2003-01-31,-2.9840745753000455,-2.6330623630544365,-2.691011199003482,ok
30d8a037387ca5d3572817d56abeb86b6c132dd8d0a5293f9c8c71d9ce1e1451,legacy,QR2,0,571,2003-03-31,2003-02-28,1955-08-31,2003-02-28,-2.548760188534542,-2.9840745753000455,-2.873790434122153,ok
30d8a037387ca5d3572817d56abeb86b6c132dd8d0a5293f9c8c71d9ce1e1451,legacy,QR2,0,571,2003-04-30,2003-03-31,1955-09-30,2003-03-31,-2.9002583606826637,-2.548760188534542,-2.8535313395966986,ok
30d8a037387ca5d3572817d56abeb86b6c132dd8d0a5293f9c8c71d9ce1e1451,legacy,QR2,0,571,2003-05-31,2003-04-30,1955-10-31,2003-04-30,-3.054018052228417,-2.9002583606826637,-3.092804855653469,ok
30d8a037387ca5d3572817d56abeb86b6c132dd8d0a5293f9c8c71d9ce1e1451,legacy,QR2,0,571,2003-06-30,2003-05-31,1955-11-30,2003-05-31,-3.1099359128331163,-3.054018052228417,-3.0159275639443863,ok
30d8a037387ca5d3572817d56abeb86b6c132dd8d0a5293f9c8c71d9ce1e1451,legacy,QR2,0,571,2003-07-31,2003-06-30,1955-12-31,2003-06-30,-3.0977800803014732,-3.1099359128331163,-2.9939762360564544,ok
30d8a037387ca5d3572817d56abeb86b6c132dd8d0a5293f9c8c71d9ce1e1451,legacy,QR2,0,571,2003-08-31,2003-07-31,1956-01-31,2003-07-31,-3.468517511759465,-3.0977800803014732,-3.1859634727157564,ok
30d8a037387ca5d3572817d56abeb86b6c132dd8d0a5293f9c8c71d9ce1e1451,legacy,QR2,0,571,2003-09-30,2003-08-31,1956-02-29,2003-08-31,-3.140232437438156,-3.468517511759465,-3.276826581525329,ok
30d8a037387ca5d3572817d56abeb86b6c132dd8d0a5293f9c8c71d9ce1e1451,legacy,QR2,0,571,2003-10-31,2003-09-30,1956-03-31,2003-09-30,-3.2870041546527653,-3.140232437438156,-3.209146848581315,ok
30d8a037387ca5d3572817d56abeb86b6c132dd8d0a5293f9c8c71d9ce1e1451,legacy,QR2,0,571,2003-11-30,2003-10-31,1956-04-30,2003-10-31,-3.4985470857007,-3.2870041546527653,-3.3954324206950464,ok
30d8a037387ca5d3572817d56abeb86b6c132dd8d0a5293f9c8c71d9ce1e1451,legacy,QR2,0,571,2003-12-31,2003-11-30,1956-05-31,2003-11-30,-3.513401310816597,-3.4985470857007,-3.300100614527058,ok
30d8a037387ca5d3572817d56abeb86b6c132dd8d0a5293f9c8c71d9ce1e1451,legacy,QR2,0,571,2004-01-31,2003-12-31,1956-06-30,2003-12-31,-3.4650613410497333,-3.513401310816597,-3.5143657175181344,ok
30d8a037387ca5d3572817d56abeb86b6c132dd8d0a5293f9c8c71d9ce1e1451,legacy,QR2,0,571,2004-02-29,2004-01-31,1956-07-31,2004-01-31,-3.7030672085876466,-3.4650613410497333,-3.534400341763664,ok
30d8a037387ca5d3572817d56abeb86b6c132dd8d0a5293f9c8c71d9ce1e1451,legacy,QR2,0,571,2004-03-31,2004-02-29,1956-08-31,2004-02-29,-3.1111763767700684,-3.7030672085876466,-3.5891182777645234,ok
30d8a037387ca5d3572817d56abeb86b6c132dd8d0a5293f9c8c71d9ce1e1451,legacy,QR2,0,571,2004-04-30,2004-03-31,1956-09-30,2004-03-31,-3.3476570468612863,-3.1111763767700684,-3.240183288161008,ok
30d8a037387ca5d3572817d56abeb86b6c132dd8d0a5293f9c8c71d9ce1e1451,legacy,QR2,0,571,2004-05-31,2004-04-30,1956-10-31,2004-04-30,-3.465504072923295,-3.3476570468612863,-3.3481252397994536,ok
30d8a037387ca5d3572817d56abeb86b6c132dd8d0a5293f9c8c71d9ce1e1451,legacy,QR2,0,571,2004-06-30,2004-05-31,1956-11-30,2004-05-31,-3.585854204402475,-3.465504072923295,-3.4862374256398887,ok
30d8a037387ca5d3572817d56abeb86b6c132dd8d0a5293f9c8c71d9ce1e1451,legacy,QR2,0,571,2004-07-31,2004-06-30,1956-12-31,2004-06-30,-3.5773152908117005,-3.585854204402475,-3.53720811648248,ok
30d8a037387ca5d3572817d56abeb86b6c132dd8d0a5293f9c8c71d9ce1e1451,legacy,QR2,0,571,2004-08-31,2004-07-31,1957-01-31,2004-07-31,-3.2695206621770985,-3.5773152908117005,-3.361282342999501,ok
30d8a037387ca5d3572817d56abeb86b6c132dd8d0a5293f9c8c71d9ce1e1451,legacy,QR2,0,571,2004-09-30,2004-08-31,1957-02-28,2004-08-31,-3.6272968251254625,-3.2695206621770985,-3.362809044541347,ok
30d8a037387ca5d3572817d56abeb86b6c132dd8d0a5293f9c8c71d9ce1e1451,legacy,QR2,0,571,2004-10-31,2004-09-30,1957-03-31,2004-09-30,-3.35206685176624,-3.6272968251254625,-3.638444063431331,ok
30d8a037387ca5d3572817d56abeb86b6c132dd8d0a5293f9c8c71d9ce1e1451,legacy,QR2,0,571,2004-11-30,2004-10-31,1957-04-30,2004-10-31,-3.5343348563403656,-3.35206685176624,-3.477265598909414,ok
30d8a037387ca5d3572817d56abeb86b6c132dd8d0a5293f9c8c71d9ce1e1451,legacy,QR2,0,571,2004-12-31,2004-11-30,1957-05-31,2004-11-30,-3.615011393242337,-3.5343348563403656,-3.5819583259544885,ok
30d8a037387ca5d3572817d56abeb86b6c132dd8d0a5293f9c8c71d9ce1e1451,legacy,QR2,0,571,2005-01-31,2004-12-31,1957-06-30,2004-12-31,-3.550604189909233,-3.615011393242337,-3.59143454761039,ok
30d8a037387ca5d3572817d56abeb86b6c132dd8d0a5293f9c8c71d9ce1e1451,legacy,QR2,0,571,2005-02-28,2005-01-31,1957-07-31,2005-01-31,-3.543820432764916,-3.550604189909233,-3.4737918060162203,ok
30d8a037387ca5d3572817d56abeb86b6c132dd8d0a5293f9c8c71d9ce1e1451,legacy,QR2,0,571,2005-03-31,2005-02-28,1957-08-31,2005-02-28,-3.5291465415700136,-3.543820432764916,-3.5708179619287703,ok
30d8a037387ca5d3572817d56abeb86b6c132dd8d0a5293f9c8c71d9ce1e1451,legacy,QR2,0,571,2005-04-30,2005-03-31,1957-09-30,2005-03-31,-3.152720424000165,-3.5291465415700136,-3.4756825353495016,ok
30d8a037387ca5d3572817d56abeb86b6c132dd8d0a5293f9c8c71d9ce1e1451,legacy,QR2,0,571,2005-05-31,2005-04-30,1957-10-31,2005-04-30,-3.531069871409308,-3.152720424000165,-3.257184128030759,ok
30d8a037387ca5d3572817d56abeb86b6c132dd8d0a5293f9c8c71d9ce1e1451,legacy,QR2,0,571,2005-06-30,2005-05-31,1957-11-30,2005-05-31,-3.760011284416737,-3.531069871409308,-3.5777492367009427,ok
30d8a037387ca5d3572817d56abeb86b6c132dd8d0a5293f9c8c71d9ce1e1451,legacy,QR2,0,571,2005-07-31,2005-06-30,1957-12-31,2005-06-30,-3.670772300891824,-3.760011284416737,-3.5963565301571183,ok
30d8a037387ca5d3572817d56abeb86b6c132dd8d0a5293f9c8c71d9ce1e1451,legacy,QR2,0,571,2005-08-31,2005-07-31,1958-01-31,2005-07-31,-3.63388825571129,-3.670772300891824,-3.653334779837648,ok
30d8a037387ca5d3572817d56abeb86b6c132dd8d0a5293f9c8c71d9ce1e1451,legacy,QR2,0,571,2005-09-30,2005-08-31,1958-02-28,2005-08-31,-3.6631012230129896,-3.63388825571129,-3.544525363283698,ok
30d8a037387ca5d3572817d56abeb86b6c132dd8d0a5293f9c8c71d9ce1e1451,legacy,QR2,0,571,2005-10-31,2005-09-30,1958-03-31,2005-09-30,-3.1557527692250877,-3.6631012230129896,-3.575952857409253,ok
30d8a037387ca5d3572817d56abeb86b6c132dd8d0a5293f9c8c71d9ce1e1451,legacy,QR2,0,571,2005-11-30,2005-10-31,1958-04-30,2005-10-31,-3.7638501534181033,-3.1557527692250877,-3.394833776480305,ok
30d8a037387ca5d3572817d56abeb86b6c132dd8d0a5293f9c8c71d9ce1e1451,legacy,QR2,0,571,2005-12-31,2005-11-30,1958-05-31,2005-11-30,-3.873253742668005,-3.7638501534181033,-3.6299510043608887,ok
30d8a037387ca5d3572817d56abeb86b6c132dd8d0a5293f9c8c71d9ce1e1451,legacy,QR2,0,571,2006-01-31,2005-12-31,1958-06-30,2005-12-31,-3.4661978775292708,-3.873253742668005,-3.672024732701564,ok
30d8a037387ca5d3572817d56abeb86b6c132dd8d0a5293f9c8c71d9ce1e1451,legacy,QR2,0,571,2006-02-28,2006-01-31,1958-07-31,2006-01-31,-3.670294829123373,-3.4661978775292708,-3.6256999070789675,ok
30d8a037387ca5d3572817d56abeb86b6c132dd8d0a5293f9c8c71d9ce1e1451,legacy,QR2,0,571,2006-03-31,2006-02-28,1958-08-31,2006-02-28,-3.7601645367414083,-3.670294829123373,-3.637920973719739,ok
30d8a037387ca5d3572817d56abeb86b6c132dd8d0a5293f9c8c71d9ce1e1451,legacy,QR2,0,571,2006-04-30,2006-03-31,1958-09-30,2006-03-31,-3.7197949446689256,-3.7601645367414083,-3.684945028370433,ok
30d8a037387ca5d3572817d56abeb86b6c132dd8d0a5293f9c8c71d9ce1e1451,legacy,QR2,0,571,2006-05-31,2006-04-30,1958-10-31,2006-04-30,-3.2999604149500312,-3.7197949446689256,-3.6719081012562826,ok
30d8a037387ca5d3572817d56abeb86b6c132dd8d0a5293f9c8c71d9ce1e1451,legacy,QR2,0,571,2006-06-30,2006-05-31,1958-11-30,2006-05-31,-3.085582461863455,-3.2999604149500312,-3.430701909884437,ok
30d8a037387ca5d3572817d56abeb86b6c132dd8d0a5293f9c8c71d9ce1e1451,legacy,QR2,0,571,2006-07-31,2006-06-30,1958-12-31,2006-06-30,-3.2709844618608197,-3.085582461863455,-3.3412235448546412,ok
30d8a037387ca5d3572817d56abeb86b6c132dd8d0a5293f9c8c71d9ce1e1451,legacy,QR2,0,571,2006-08-31,2006-07-31,1959-01-31,2006-07-31,-3.8405365199338846,-3.2709844618608197,-3.326029952723564,ok
30d8a037387ca5d3572817d56abeb86b6c132dd8d0a5293f9c8c71d9ce1e1451,legacy,QR2,0,571,2006-09-30,2006-08-31,1959-02-28,2006-08-31,-3.783882481202963,-3.8405365199338846,-3.6069394453427224,ok
30d8a037387ca5d3572817d56abeb86b6c132dd8d0a5293f9c8c71d9ce1e1451,legacy,QR2,0,571,2006-10-31,2006-09-30,1959-03-31,2006-09-30,-3.8554878543326674,-3.783882481202963,-3.662416188483982,ok
30d8a037387ca5d3572817d56abeb86b6c132dd8d0a5293f9c8c71d9ce1e1451,legacy,QR2,0,571,2006-11-30,2006-10-31,1959-04-30,2006-10-31,-3.716627101662895,-3.8554878543326674,-3.7317323887307134,ok
30d8a037387ca5d3572817d56abeb86b6c132dd8d0a5293f9c8c71d9ce1e1451,legacy,QR2,0,571,2006-12-31,2006-11-30,1959-05-31,2006-11-30,-3.9701695128147905,-3.716627101662895,-3.696860936728751,ok
30d8a037387ca5d3572817d56abeb86b6c132dd8d0a5293f9c8c71d9ce1e1451,legacy,QR2,0,571,2007-01-31,2006-12-31,1959-06-30,2006-12-31,-3.8522491840295054,-3.9701695128147905,-3.8129720830138263,ok
30d8a037387ca5d3572817d56abeb86b6c132dd8d0a5293f9c8c71d9ce1e1451,legacy,QR2,0,571,2007-02-28,2007-01-31,1959-07-31,2007-01-31,-3.2447480356532115,-3.8522491840295054,-3.802450493130229,ok
30d8a037387ca5d3572817d56abeb86b6c132dd8d0a5293f9c8c71d9ce1e1451,legacy,QR2,0,571,2007-03-31,2007-02-28,1959-08-31,2007-02-28,-3.222494860521297,-3.2447480356532115,-3.5138798688641177,ok
30d8a037387ca5d3572817d56abeb86b6c132dd8d0a5293f9c8c71d9ce1e1451,legacy,QR2,0,571,2007-04-30,2007-03-31,1959-09-30,2007-03-31,-3.7287460922933597,-3.222494860521297,-3.4582112855267466,ok
30d8a037387ca5d3572817d56abeb86b6c132dd8d0a5293f9c8c71d9ce1e1451,legacy,QR2,0,571,2007-05-31,2007-04-30,1959-10-31,2007-04-30,-3.6341144694358256,-3.7287460922933597,-3.604616522513711,ok
30d8a037387ca5d3572817d56abeb86b6c132dd8d0a5293f9c8c71d9ce1e1451,legacy,QR2,0,571,2007-06-30,2007-05-31,1959-11-30,2007-05-31,-3.258361421759635,-3.6341144694358256,-3.5806453480712355,ok
30d8a037387ca5d3572817d56abeb86b6c132dd8d0a5293f9c8c71d9ce1e1451,legacy,QR2,0,571,2007-07-31,2007-06-30,1959-12-31,2007-06-30,-3.0061550064305833,-3.258361421759635,-3.360504713774474,ok
30d8a037387ca5d3572817d56abeb86b6c132dd8d0a5293f9c8c71d9ce1e1451,legacy,QR2,0,571,2007-08-31,2007-07-31,1960-01-31,2007-07-31,-2.633783081660371,-3.0061550064305833,-3.0956981489760986,ok
30d8a037387ca5d3572817d56abeb86b6c132dd8d0a5293f9c8c71d9ce1e1451,legacy,QR2,0,571,2007-09-30,2007-08-31,1960-02-29,2007-08-31,-3.1472509000198614,-2.633783081660371,-3.001139572144493,ok
30d8a037387ca5d3572817d56abeb86b6c132dd8d0a5293f9c8c71d9ce1e1451,legacy,QR2,0,571,2007-10-31,2007-09-30,1960-03-31,2007-09-30,-3.190739924075638,-3.1472509000198614,-3.214395200545354,ok
30d8a037387ca5d3572817d56abeb86b6c132dd8d0a5293f9c8c71d9ce1e1451,legacy,QR2,0,571,2007-11-30,2007-10-31,1960-04-30,2007-10-31,-2.587719024765528,-3.190739924075638,-3.081916274883886,ok
30d8a037387ca5d3572817d56abeb86b6c132dd8d0a5293f9c8c71d9ce1e1451,legacy,QR2,0,571,2007-12-31,2007-11-30,1960-05-31,2007-11-30,-3.02436059658321,-2.587719024765528,-2.65885113373053,ok
30d8a037387ca5d3572817d56abeb86b6c132dd8d0a5293f9c8c71d9ce1e1451,legacy,QR2,0,571,2008-01-31,2007-12-31,1960-06-30,2007-12-31,-2.661249374022387,-3.02436059658321,-2.9092780536823017,ok
30d8a037387ca5d3572817d56abeb86b6c132dd8d0a5293f9c8c71d9ce1e1451,legacy,QR2,0,571,2008-02-29,2008-01-31,1960-07-31,2008-01-31,-2.8603506881048415,-2.661249374022387,-2.9619396599671752,ok
30d8a037387ca5d3572817d56abeb86b6c132dd8d0a5293f9c8c71d9ce1e1451,legacy,QR2,0,571,2008-03-31,2008-02-29,1960-08-31,2008-02-29,-2.538344113377069,-2.8603506881048415,-3.043846128202097,ok
30d8a037387ca5d3572817d56abeb86b6c132dd8d0a5293f9c8c71d9ce1e1451,legacy,QR2,0,571,2008-04-30,2008-03-31,1960-09-30,2008-03-31,-2.9300382779186895,-2.538344113377069,-2.7225037626001956,ok
30d8a037387ca5d3572817d56abeb86b6c132dd8d0a5293f9c8c71d9ce1e1451,legacy,QR2,0,571,2008-05-31,2008-04-30,1960-10-31,2008-04-30,-3.204756024564677,-2.9300382779186895,-3.021848876827126,ok
30d8a037387ca5d3572817d56abeb86b6c132dd8d0a5293f9c8c71d9ce1e1451,legacy,QR2,0,571,2008-06-30,2008-05-31,1960-11-30,2008-05-31,-2.8296817644581433,-3.204756024564677,-2.975070188240055,ok
30d8a037387ca5d3572817d56abeb86b6c132dd8d0a5293f9c8c71d9ce1e1451,legacy,QR2,0,571,2008-07-31,2008-06-30,1960-12-31,2008-06-30,-2.705460207716502,-2.8296817644581433,-2.3621938258516346,ok
30d8a037387ca5d3572817d56abeb86b6c132dd8d0a5293f9c8c71d9ce1e1451,legacy,QR2,0,571,2008-08-31,2008-07-31,1961-01-31,2008-07-31,-2.837812391125573,-2.705460207716502,-2.851999610421972,ok
30d8a037387ca5d3572817d56abeb86b6c132dd8d0a5293f9c8c71d9ce1e1451,legacy,QR2,0,571,2008-09-30,2008-08-31,1961-02-28,2008-08-31,-1.8529192183645744,-2.837812391125573,-2.987001602730607,ok
30d8a037387ca5d3572817d56abeb86b6c132dd8d0a5293f9c8c71d9ce1e1451,legacy,QR2,0,571,2008-10-31,2008-09-30,1961-03-31,2008-09-30,-1.42971613203937,-1.8529192183645744,-2.132934402858845,ok
30d8a037387ca5d3572817d56abeb86b6c132dd8d0a5293f9c8c71d9ce1e1451,legacy,QR2,0,571,2008-11-30,2008-10-31,1961-04-30,2008-10-31,-1.656316012106184,-1.42971613203937,-1.7694222085691385,ok
30d8a037387ca5d3572817d56abeb86b6c132dd8d0a5293f9c8c71d9ce1e1451,legacy,QR2,0,571,2008-12-31,2008-11-30,1961-05-31,2008-11-30,-1.94077400987452,-1.656316012106184,-1.666522167501752,ok
30d8a037387ca5d3572817d56abeb86b6c132dd8d0a5293f9c8c71d9ce1e1451,legacy,QR2,0,571,2009-01-31,2008-12-31,1961-06-30,2008-12-31,-2.206526753661318,-1.94077400987452,-2.1403831451896576,ok
30d8a037387ca5d3572817d56abeb86b6c132dd8d0a5293f9c8c71d9ce1e1451,legacy,QR2,0,571,2009-02-28,2009-01-31,1961-07-31,2009-01-31,-2.2946239453922495,-2.206526753661318,-1.9743051522145336,ok
30d8a037387ca5d3572817d56abeb86b6c132dd8d0a5293f9c8c71d9ce1e1451,legacy,QR2,0,571,2009-03-31,2009-02-28,1961-08-31,2009-02-28,-1.9582508837470343,-2.2946239453922495,-2.035233243910519,ok
30d8a037387ca5d3572817d56abeb86b6c132dd8d0a5293f9c8c71d9ce1e1451,legacy,QR2,0,571,2009-04-30,2009-03-31,1961-09-30,2009-03-31,-2.443587835277547,-1.9582508837470343,-2.422306270366135,ok
30d8a037387ca5d3572817d56abeb86b6c132dd8d0a5293f9c8c71d9ce1e1451,legacy,QR2,0,571,2009-05-31,2009-04-30,1961-10-31,2009-04-30,-2.5321700284042636,-2.443587835277547,-2.23432341965515,ok
30d8a037387ca5d3572817d56abeb86b6c132dd8d0a5293f9c8c71d9ce1e1451,legacy,QR2,0,571,2009-06-30,2009-05-31,1961-11-30,2009-05-31,-2.8287513462734335,-2.5321700284042636,-2.594411414938071,ok
30d8a037387ca5d3572817d56abeb86b6c132dd8d0a5293f9c8c71d9ce1e1451,legacy,QR2,0,571,2009-07-31,2009-06-30,1961-12-31,2009-06-30,-2.793345786712595,-2.8287513462734335,-2.857760723754335,ok
30d8a037387ca5d3572817d56abeb86b6c132dd8d0a5293f9c8c71d9ce1e1451,legacy,QR2,0,571,2009-08-31,2009-07-31,1962-01-31,2009-07-31,-3.0644616714098785,-2.793345786712595,-2.9531561057058937,ok
30d8a037387ca5d3572817d56abeb86b6c132dd8d0a5293f9c8c71d9ce1e1451,legacy,QR2,0,571,2009-09-30,2009-08-31,1962-02-28,2009-08-31,-3.130025280604083,-3.0644616714098785,-2.803511067254937,ok
30d8a037387ca5d3572817d56abeb86b6c132dd8d0a5293f9c8c71d9ce1e1451,legacy,QR2,0,571,2009-10-31,2009-09-30,1962-03-31,2009-09-30,-2.7700971285615434,-3.130025280604083,-3.1165508169804763,ok
30d8a037387ca5d3572817d56abeb86b6c132dd8d0a5293f9c8c71d9ce1e1451,legacy,QR2,0,571,2009-11-30,2009-10-31,1962-04-30,2009-10-31,-3.1107964455907346,-2.7700971285615434,-2.904782567509516,ok
30d8a037387ca5d3572817d56abeb86b6c132dd8d0a5293f9c8c71d9ce1e1451,legacy,QR2,0,571,2009-12-31,2009-11-30,1962-05-31,2009-11-30,-3.4880632358514134,-3.1107964455907346,-3.1806292848446036,ok
30d8a037387ca5d3572817d56abeb86b6c132dd8d0a5293f9c8c71d9ce1e1451,legacy,QR2,0,571,2010-01-31,2009-12-31,1962-06-30,2009-12-31,-3.1051107340740467,-3.4880632358514134,-3.384285170020254,ok
30d8a037387ca5d3572817d56abeb86b6c132dd8d0a5293f9c8c71d9ce1e1451,legacy,QR2,0,571,2010-02-28,2010-01-31,1962-07-31,2010-01-31,-3.0178391591893847,-3.1051107340740467,-3.1743539730626686,ok
30d8a037387ca5d3572817d56abeb86b6c132dd8d0a5293f9c8c71d9ce1e1451,legacy,QR2,0,571,2010-03-31,2010-02-28,1962-08-31,2010-02-28,-3.6861498116127507,-3.0178391591893847,-3.223042038565332,ok
30d8a037387ca5d3572817d56abeb86b6c132dd8d0a5293f9c8c71d9ce1e1451,legacy,QR2,0,571,2010-04-30,2010-03-31,1962-09-30,2010-03-31,-3.1571807998960457,-3.6861498116127507,-3.495087227560897,ok
30d8a037387ca5d3572817d56abeb86b6c132dd8d0a5293f9c8c71d9ce1e1451,legacy,QR2,0,571,2010-05-31,2010-04-30,1962-10-31,2010-04-30,-2.407193011304442,-3.1571807998960457,-3.2528049327464843,ok
30d8a037387ca5d3572817d56abeb86b6c132dd8d0a5293f9c8c71d9ce1e1451,legacy,QR2,0,571,2010-06-30,2010-05-31,1962-11-30,2010-05-31,-2.590131684949471,-2.407193011304442,-2.7557131065550293,ok
30d8a037387ca5d3572817d56abeb86b6c132dd8d0a5293f9c8c71d9ce1e1451,legacy,QR2,0,571,2010-07-31,2010-06-30,1962-12-31,2010-06-30,-2.852932567849959,-2.590131684949471,-2.6024666161048424,ok
30d8a037387ca5d3572817d56abeb86b6c132dd8d0a5293f9c8c71d9ce1e1451,legacy,QR2,0,571,2010-08-31,2010-07-31,1963-01-31,2010-07-31,-2.9530416640092794,-2.852932567849959,-3.1037511386909697,ok
30d8a037387ca5d3572817d56abeb86b6c132dd8d0a5293f9c8c71d9ce1e1451,legacy,QR2,0,571,2010-09-30,2010-08-31,1963-02-28,2010-08-31,-3.038118590021741,-2.9530416640092794,-2.950444525839786,ok
30d8a037387ca5d3572817d56abeb86b6c132dd8d0a5293f9c8c71d9ce1e1451,legacy,QR2,0,571,2010-10-31,2010-09-30,1963-03-31,2010-09-30,-3.418407956833649,-3.038118590021741,-3.0453860375031447,ok
30d8a037387ca5d3572817d56abeb86b6c132dd8d0a5293f9c8c71d9ce1e1451,legacy,QR2,0,571,2010-11-30,2010-10-31,1963-04-30,2010-10-31,-3.1787815912351842,-3.418407956833649,-3.1844549221856555,ok
30d8a037387ca5d3572817d56abeb86b6c132dd8d0a5293f9c8c71d9ce1e1451,legacy,QR2,0,571,2010-12-31,2010-11-30,1963-05-31,2010-11-30,-3.553444149972958,-3.1787815912351842,-3.1574528149375936,ok
30d8a037387ca5d3572817d56abeb86b6c132dd8d0a5293f9c8c71d9ce1e1451,legacy,QR2,0,571,2011-01-31,2010-12-31,1963-06-30,2010-12-31,-3.5254625792369607,-3.553444149972958,-3.5054355676609132,ok
30d8a037387ca5d3572817d56abeb86b6c132dd8d0a5293f9c8c71d9ce1e1451,legacy,QR2,0,571,2011-02-28,2011-01-31,1963-07-31,2011-01-31,-3.421017028944507,-3.5254625792369607,-3.454028159450428,ok
30d8a037387ca5d3572817d56abeb86b6c132dd8d0a5293f9c8c71d9ce1e1451,legacy,QR2,0,571,2011-03-31,2011-02-28,1963-08-31,2011-02-28,-3.0256567272535344,-3.421017028944507,-3.4996744384949556,ok
30d8a037387ca5d3572817d56abeb86b6c132dd8d0a5293f9c8c71d9ce1e1451,legacy,QR2,0,571,2011-04-30,2011-03-31,1963-09-30,2011-03-31,-3.6813619979803685,-3.0256567272535344,-3.2464680239246047,ok
30d8a037387ca5d3572817d56abeb86b6c132dd8d0a5293f9c8c71d9ce1e1451,legacy,QR2,0,571,2011-05-31,2011-04-30,1963-10-31,2011-04-30,-3.4864984354795028,-3.6813619979803685,-3.529957266297523,ok
30d8a037387ca5d3572817d56abeb86b6c132dd8d0a5293f9c8c71d9ce1e1451,legacy,QR2,0,571,2011-06-30,2011-05-31,1963-11-30,2011-05-31,-3.0353184736868135,-3.4864984354795028,-3.3771342439946332,ok
30d8a037387ca5d3572817d56abeb86b6c132dd8d0a5293f9c8c71d9ce1e1451,legacy,QR2,0,571,2011-07-31,2011-06-30,1963-12-31,2011-06-30,-3.1500524848844638,-3.0353184736868135,-3.233932051150899,ok
30d8a037387ca5d3572817d56abeb86b6c132dd8d0a5293f9c8c71d9ce1e1451,legacy,QR2,0,571,2011-08-31,2011-07-31,1964-01-31,2011-07-31,-1.9665046707257416,-3.1500524848844638,-3.1616723984102064,ok
30d8a037387ca5d3572817d56abeb86b6c132dd8d0a5293f9c8c71d9ce1e1451,legacy,QR2,0,571,2011-09-30,2011-08-31,1964-02-29,2011-08-31,-2.481306279652722,-1.9665046707257416,-2.6363799136762496,ok
30d8a037387ca5d3572817d56abeb86b6c132dd8d0a5293f9c8c71d9ce1e1451,legacy,QR2,0,571,2011-10-31,2011-09-30,1964-03-31,2011-09-30,-2.457655436729706,-2.481306279652722,-2.429073109068902,ok
30d8a037387ca5d3572817d56abeb86b6c132dd8d0a5293f9c8c71d9ce1e1451,legacy,QR2,0,571,2011-11-30,2011-10-31,1964-04-30,2011-10-31,-2.4359863431041875,-2.457655436729706,-2.747709451761968,ok
30d8a037387ca5d3572817d56abeb86b6c132dd8d0a5293f9c8c71d9ce1e1451,legacy,QR2,0,571,2011-12-31,2011-11-30,1964-05-31,2011-11-30,-2.9483163558607832,-2.4359863431041875,-2.866026939693681,ok
30d8a037387ca5d3572817d56abeb86b6c132dd8d0a5293f9c8c71d9ce1e1451,legacy,QR2,0,571,2012-01-31,2011-12-31,1964-06-30,2011-12-31,-3.6753549263674072,-2.9483163558607832,-2.8886514200089906,ok
30d8a037387ca5d3572817d56abeb86b6c132dd8d0a5293f9c8c71d9ce1e1451,legacy,QR2,0,571,2012-02-29,2012-01-31,1964-07-31,2012-01-31,-3.6938984477186816,-3.6753549263674072,-3.365958585635843,ok
30d8a037387ca5d3572817d56abeb86b6c132dd8d0a5293f9c8c71d9ce1e1451,legacy,QR2,0,571,2012-03-31,2012-02-29,1964-08-31,2012-02-29,-3.3843465262657215,-3.6938984477186816,-3.5167397624825596,ok
30d8a037387ca5d3572817d56abeb86b6c132dd8d0a5293f9c8c71d9ce1e1451,legacy,QR2,0,571,2012-04-30,2012-03-31,1964-09-30,2012-03-31,-3.210146241345559,-3.3843465262657215,-3.4184620764525233,ok
30d8a037387ca5d3572817d56abeb86b6c132dd8d0a5293f9c8c71d9ce1e1451,legacy,QR2,0,571,2012-05-31,2012-04-30,1964-10-31,2012-04-30,-3.2497545069314553,-3.210146241345559,-3.2801084741341784,ok
30d8a037387ca5d3572817d56abeb86b6c132dd8d0a5293f9c8c71d9ce1e1451,legacy,QR2,0,571,2012-06-30,2012-05-31,1964-11-30,2012-05-31,-2.8366615287918187,-3.2497545069314553,-3.0712274867993026,ok
30d8a037387ca5d3572817d56abeb86b6c132dd8d0a5293f9c8c71d9ce1e1451,legacy,QR2,0,571,2012-07-31,2012-06-30,1964-12-31,2012-06-30,-3.2378719180591355,-2.8366615287918187,-3.137882020528617,ok
30d8a037387ca5d3572817d56abeb86b6c132dd8d0a5293f9c8c71d9ce1e1451,legacy,QR2,0,571,2012-08-31,2012-07-31,1965-01-31,2012-07-31,-3.6166817154299276,-3.2378719180591355,-3.2751025595202985,ok
30d8a037387ca5d3572817d56abeb86b6c132dd8d0a5293f9c8c71d9ce1e1451,legacy,QR2,0,571,2012-09-30,2012-08-31,1965-02-28,2012-08-31,-3.4378098591980444,-3.6166817154299276,-3.440774782571418,ok
30d8a037387ca5d3572817d56abeb86b6c132dd8d0a5293f9c8c71d9ce1e1451,legacy,QR2,0,571,2012-10-31,2012-09-30,1965-03-31,2012-09-30,-3.4888694072163897,-3.4378098591980444,-3.3809742380512287,ok
30d8a037387ca5d3572817d56abeb86b6c132dd8d0a5293f9c8c71d9ce1e1451,legacy,QR2,0,571,2012-11-30,2012-10-31,1965-04-30,2012-10-31,-3.130457558392097,-3.4888694072163897,-3.3526776750047085,ok
30d8a037387ca5d3572817d56abeb86b6c132dd8d0a5293f9c8c71d9ce1e1451,legacy,QR2,0,571,2012-12-31,2012-11-30,1965-05-31,2012-11-30,-3.438879816972799,-3.130457558392097,-3.307424988358872,ok
30d8a037387ca5d3572817d56abeb86b6c132dd8d0a5293f9c8c71d9ce1e1451,legacy,QR2,0,571,2013-01-31,2012-12-31,1965-06-30,2012-12-31,-3.5122743260836247,-3.438879816972799,-3.4182539921400883,ok
30d8a037387ca5d3572817d56abeb86b6c132dd8d0a5293f9c8c71d9ce1e1451,legacy,QR2,0,571,2013-02-28,2013-01-31,1965-07-31,2013-01-31,-3.3434701265797875,-3.5122743260836247,-3.4830121643133536,ok
30d8a037387ca5d3572817d56abeb86b6c132dd8d0a5293f9c8c71d9ce1e1451,legacy,QR2,0,571,2013-03-31,2013-02-28,1965-08-31,2013-02-28,-3.8179084623195907,-3.3434701265797875,-3.3598108911910827,ok
30d8a037387ca5d3572817d56abeb86b6c132dd8d0a5293f9c8c71d9ce1e1451,legacy,QR2,0,571,2013-04-30,2013-03-31,1965-09-30,2013-03-31,-3.190861789295619,-3.8179084623195907,-3.580922754260474,ok
30d8a037387ca5d3572817d56abeb86b6c132dd8d0a5293f9c8c71d9ce1e1451,legacy,QR2,0,571,2013-05-31,2013-04-30,1965-10-31,2013-04-30,-3.446126454815234,-3.190861789295619,-3.344629169179872,ok
30d8a037387ca5d3572817d56abeb86b6c132dd8d0a5293f9c8c71d9ce1e1451,legacy,QR2,0,571,2013-06-30,2013-05-31,1965-11-30,2013-05-31,-3.0453169802170232,-3.446126454815234,-3.528418731987405,ok
30d8a037387ca5d3572817d56abeb86b6c132dd8d0a5293f9c8c71d9ce1e1451,legacy,QR2,0,571,2013-07-31,2013-06-30,1965-12-31,2013-06-30,-3.802623427578242,-3.0453169802170232,-3.2390220332185624,ok
30d8a037387ca5d3572817d56abeb86b6c132dd8d0a5293f9c8c71d9ce1e1451,legacy,QR2,0,571,2013-08-31,2013-07-31,1966-01-31,2013-07-31,-3.4765909912871975,-3.802623427578242,-3.5828890973848875,ok
30d8a037387ca5d3572817d56abeb86b6c132dd8d0a5293f9c8c71d9ce1e1451,legacy,QR2,0,571,2013-09-30,2013-08-31,1966-02-28,2013-08-31,-3.6937395473295953,-3.4765909912871975,-3.336382926106289,ok
30d8a037387ca5d3572817d56abeb86b6c132dd8d0a5293f9c8c71d9ce1e1451,legacy,QR2,0,571,2013-10-31,2013-09-30,1966-03-31,2013-09-30,-3.2760200523947183,-3.6937395473295953,-3.635160350325747,ok
30d8a037387ca5d3572817d56abeb86b6c132dd8d0a5293f9c8c71d9ce1e1451,legacy,QR2,0,571,2013-11-30,2013-10-31,1966-04-30,2013-10-31,-3.6747290764851526,-3.2760200523947183,-3.4639378726050456,ok
30d8a037387ca5d3572817d56abeb86b6c132dd8d0a5293f9c8c71d9ce1e1451,legacy,QR2,0,571,2013-12-31,2013-11-30,1966-05-31,2013-11-30,-3.6040416781045184,-3.6747290764851526,-3.597783334585876,ok
30d8a037387ca5d3572817d56abeb86b6c132dd8d0a5293f9c8c71d9ce1e1451,legacy,QR2,0,571,2014-01-31,2013-12-31,1966-06-30,2013-12-31,-3.3171375685353466,-3.6040416781045184,-3.598962041292137,ok
30d8a037387ca5d3572817d56abeb86b6c132dd8d0a5293f9c8c71d9ce1e1451,legacy,QR2,0,571,2014-02-28,2014-01-31,1966-07-31,2014-01-31,-3.3386797926341574,-3.3171375685353466,-3.363684087252153,ok
30d8a037387ca5d3572817d56abeb86b6c132dd8d0a5293f9c8c71d9ce1e1451,legacy,QR2,0,571,2014-03-31,2014-02-28,1966-08-31,2014-02-28,-3.5256578627092043,-3.3386797926341574,-3.4898112645333974,ok
30d8a037387ca5d3572817d56abeb86b6c132dd8d0a5293f9c8c71d9ce1e1451,legacy,QR2,0,571,2014-04-30,2014-03-31,1966-09-30,2014-03-31,-3.2955126404999024,-3.5256578627092043,-3.5015174556601587,ok
30d8a037387ca5d3572817d56abeb86b6c132dd8d0a5293f9c8c71d9ce1e1451,legacy,QR2,0,571,2014-05-31,2014-04-30,1966-10-31,2014-04-30,-3.7483017283266418,-3.2955126404999024,-3.364876827756863,ok
30d8a037387ca5d3572817d56abeb86b6c132dd8d0a5293f9c8c71d9ce1e1451,legacy,QR2,0,571,2014-06-30,2014-05-31,1966-11-30,2014-05-31,-4.087403595110627,-3.7483017283266418,-3.581499480644132,ok
30d8a037387ca5d3572817d56abeb86b6c132dd8d0a5293f9c8c71d9ce1e1451,legacy,QR2,0,571,2014-07-31,2014-06-30,1966-12-31,2014-06-30,-3.4754874909402718,-4.087403595110627,-3.6895023454228797,ok
30d8a037387ca5d3572817d56abeb86b6c132dd8d0a5293f9c8c71d9ce1e1451,legacy,QR2,0,571,2014-08-31,2014-07-31,1967-01-31,2014-07-31,-3.758175341489735,-3.4754874909402718,-3.5625615884790207,ok
30d8a037387ca5d3572817d56abeb86b6c132dd8d0a5293f9c8c71d9ce1e1451,legacy,QR2,0,571,2014-09-30,2014-08-31,1967-02-28,2014-08-31,-3.6148214505759886,-3.758175341489735,-3.711330335139409,ok
30d8a037387ca5d3572817d56abeb86b6c132dd8d0a5293f9c8c71d9ce1e1451,legacy,QR2,0,571,2014-10-31,2014-09-30,1967-03-31,2014-09-30,-2.9141171757759734,-3.6148214505759886,-3.5115749100354705,ok
30d8a037387ca5d3572817d56abeb86b6c132dd8d0a5293f9c8c71d9ce1e1451,legacy,QR2,0,571,2014-11-30,2014-10-31,1967-04-30,2014-10-31,-4.403441476450015,-2.9141171757759734,-3.3587267229176305,ok
30d8a037387ca5d3572817d56abeb86b6c132dd8d0a5293f9c8c71d9ce1e1451,legacy,QR2,0,571,2014-12-31,2014-11-30,1967-05-31,2014-11-30,-3.1118286510639352,-4.403441476450015,-3.6181414075570686,ok
30d8a037387ca5d3572817d56abeb86b6c132dd8d0a5293f9c8c71d9ce1e1451,legacy,QR2,0,571,2015-01-31,2014-12-31,1967-06-30,2014-12-31,-3.0531195840611964,-3.1118286510639352,-3.3566575710209525,ok
30d8a037387ca5d3572817d56abeb86b6c132dd8d0a5293f9c8c71d9ce1e1451,legacy,QR2,0,571,2015-02-28,2015-01-31,1967-07-31,2015-01-31,-3.562245097331633,-3.0531195840611964,-3.3197826044506615,ok
30d8a037387ca5d3572817d56abeb86b6c132dd8d0a5293f9c8c71d9ce1e1451,legacy,QR2,0,571,2015-03-31,2015-02-28,1967-08-31,2015-02-28,-3.1816129636323156,-3.562245097331633,-3.4665256457674785,ok
30d8a037387ca5d3572817d56abeb86b6c132dd8d0a5293f9c8c71d9ce1e1451,legacy,QR2,0,571,2015-04-30,2015-03-31,1967-09-30,2015-03-31,-3.7301577097521137,-3.1816129636323156,-3.2353040567552993,ok
30d8a037387ca5d3572817d56abeb86b6c132dd8d0a5293f9c8c71d9ce1e1451,legacy,QR2,0,571,2015-05-31,2015-04-30,1967-10-31,2015-04-30,-3.515261724921692,-3.7301577097521137,-3.4557886263770476,ok
30d8a037387ca5d3572817d56abeb86b6c132dd8d0a5293f9c8c71d9ce1e1451,legacy,QR2,0,571,2015-06-30,2015-05-31,1967-11-30,2015-05-31,-3.4246395604529183,-3.515261724921692,-3.5089693080072526,ok
30d8a037387ca5d3572817d56abeb86b6c132dd8d0a5293f9c8c71d9ce1e1451,legacy,QR2,0,571,2015-07-31,2015-06-30,1967-12-31,2015-06-30,-3.379834324533906,-3.4246395604529183,-3.30055870301545,ok
30d8a037387ca5d3572817d56abeb86b6c132dd8d0a5293f9c8c71d9ce1e1451,legacy,QR2,0,571,2015-08-31,2015-07-31,1968-01-31,2015-07-31,-2.567702579344776,-3.379834324533906,-3.3750974432464704,ok
30d8a037387ca5d3572817d56abeb86b6c132dd8d0a5293f9c8c71d9ce1e1451,legacy,QR2,0,571,2015-09-30,2015-08-31,1968-02-29,2015-08-31,-2.7509836865610584,-2.567702579344776,-2.9489273652192782,ok
30d8a037387ca5d3572817d56abeb86b6c132dd8d0a5293f9c8c71d9ce1e1451,legacy,QR2,0,571,2015-10-31,2015-09-30,1968-03-31,2015-09-30,-3.219259102962737,-2.7509836865610584,-2.933652324052163,ok
30d8a037387ca5d3572817d56abeb86b6c132dd8d0a5293f9c8c71d9ce1e1451,legacy,QR2,0,571,2015-11-30,2015-10-31,1968-04-30,2015-10-31,-3.3994804010076436,-3.219259102962737,-3.2967455211294183,ok
30d8a037387ca5d3572817d56abeb86b6c132dd8d0a5293f9c8c71d9ce1e1451,legacy,QR2,0,571,2015-12-31,2015-11-30,1968-05-31,2015-11-30,-2.9313513610844177,-3.3994804010076436,-3.1930677962392817,ok
30d8a037387ca5d3572817d56abeb86b6c132dd8d0a5293f9c8c71d9ce1e1451,legacy,QR2,0,571,2016-01-31,2015-12-31,1968-06-30,2015-12-31,-2.721796067769684,-2.9313513610844177,-2.9813422691056357,ok
30d8a037387ca5d3572817d56abeb86b6c132dd8d0a5293f9c8c71d9ce1e1451,legacy,QR2,0,571,2016-02-29,2016-01-31,1968-07-31,2016-01-31,-2.975885937336674,-2.721796067769684,-2.7056050824136584,ok
30d8a037387ca5d3572817d56abeb86b6c132dd8d0a5293f9c8c71d9ce1e1451,legacy,QR2,0,571,2016-03-31,2016-02-29,1968-08-31,2016-02-29,-3.3396579653309333,-2.975885937336674,-3.0248245586513387,ok
30d8a037387ca5d3572817d56abeb86b6c132dd8d0a5293f9c8c71d9ce1e1451,legacy,QR2,0,571,2016-04-30,2016-03-31,1968-09-30,2016-03-31,-3.5543031478531373,-3.3396579653309333,-3.290922023970241,ok
30d8a037387ca5d3572817d56abeb86b6c132dd8d0a5293f9c8c71d9ce1e1451,legacy,QR2,0,571,2016-05-31,2016-04-30,1968-10-31,2016-04-30,-3.457732751318138,-3.5543031478531373,-3.285382675078737,ok
30d8a037387ca5d3572817d56abeb86b6c132dd8d0a5293f9c8c71d9ce1e1451,legacy,QR2,0,571,2016-06-30,2016-05-31,1968-11-30,2016-05-31,-2.9208097471793346,-3.457732751318138,-3.3573162272854895,ok
30d8a037387ca5d3572817d56abeb86b6c132dd8d0a5293f9c8c71d9ce1e1451,legacy,QR2,0,571,2016-07-31,2016-06-30,1968-12-31,2016-06-30,-3.82748206452236,-2.9208097471793346,-3.1864002812560894,ok
30d8a037387ca5d3572817d56abeb86b6c132dd8d0a5293f9c8c71d9ce1e1451,legacy,QR2,0,571,2016-08-31,2016-07-31,1969-01-31,2016-07-31,-4.092448513398336,-3.82748206452236,-3.4906651929235917,ok
30d8a037387ca5d3572817d56abeb86b6c132dd8d0a5293f9c8c71d9ce1e1451,legacy,QR2,0,571,2016-09-30,2016-08-31,1969-02-28,2016-08-31,-3.192551585892722,-4.092448513398336,-3.5159087319288584,ok
30d8a037387ca5d3572817d56abeb86b6c132dd8d0a5293f9c8c71d9ce1e1451,legacy,QR2,0,571,2016-10-31,2016-09-30,1969-03-31,2016-09-30,-3.9566514163288296,-3.192551585892722,-3.4062435999612823,ok
30d8a037387ca5d3572817d56abeb86b6c132dd8d0a5293f9c8c71d9ce1e1451,legacy,QR2,0,571,2016-11-30,2016-10-31,1969-04-30,2016-10-31,-3.487974422258749,-3.9566514163288296,-3.6137800799238278,ok
30d8a037387ca5d3572817d56abeb86b6c132dd8d0a5293f9c8c71d9ce1e1451,legacy,QR2,0,571,2016-12-31,2016-11-30,1969-05-31,2016-11-30,-3.7787223692336043,-3.487974422258749,-3.5869439473386144,ok
30d8a037387ca5d3572817d56abeb86b6c132dd8d0a5293f9c8c71d9ce1e1451,legacy,QR2,0,571,2017-01-31,2016-12-31,1969-06-30,2016-12-31,-4.001828361753411,-3.7787223692336043,-3.605104198142289,ok
30d8a037387ca5d3572817d56abeb86b6c132dd8d0a5293f9c8c71d9ce1e1451,legacy,QR2,0,571,2017-02-28,2017-01-31,1969-07-31,2017-01-31,-4.204700139152802,-4.001828361753411,-3.702513665243772,ok
30d8a037387ca5d3572817d56abeb86b6c132dd8d0a5293f9c8c71d9ce1e1451,legacy,QR2,0,571,2017-03-31,2017-02-28,1969-08-31,2017-02-28,-3.7314192152872128,-4.204700139152802,-3.7741879947439556,ok
30d8a037387ca5d3572817d56abeb86b6c132dd8d0a5293f9c8c71d9ce1e1451,legacy,QR2,0,571,2017-04-30,2017-03-31,1969-09-30,2017-03-31,-3.926652018374449,-3.7314192152872128,-3.6911322214709354,ok
30d8a037387ca5d3572817d56abeb86b6c132dd8d0a5293f9c8c71d9ce1e1451,legacy,QR2,0,571,2017-05-31,2017-04-30,1969-10-31,2017-04-30,-3.7920847378875453,-3.926652018374449,-3.769259573200819,ok
30d8a037387ca5d3572817d56abeb86b6c132dd8d0a5293f9c8c71d9ce1e1451,legacy,QR2,0,571,2017-06-30,2017-05-31,1969-11-30,2017-05-31,-3.856214910874562,-3.7920847378875453,-3.6222742395761225,ok
30d8a037387ca5d3572817d56abeb86b6c132dd8d0a5293f9c8c71d9ce1e1451,legacy,QR2,0,571,2017-07-31,2017-06-30,1969-12-31,2017-06-30,-4.129870024958818,-3.856214910874562,-3.790308207600816,ok
30d8a037387ca5d3572817d56abeb86b6c132dd8d0a5293f9c8c71d9ce1e1451,legacy,QR2,0,571,2017-08-31,2017-07-31,1970-01-31,2017-07-31,-3.5924378123925567,-4.129870024958818,-3.769141296451515,ok
30d8a037387ca5d3572817d56abeb86b6c132dd8d0a5293f9c8c71d9ce1e1451,legacy,QR2,0,571,2017-09-30,2017-08-31,1970-02-28,2017-08-31,-4.134666486968067,-3.5924378123925567,-3.6696188743286617,ok
30d8a037387ca5d3572817d56abeb86b6c132dd8d0a5293f9c8c71d9ce1e1451,legacy,QR2,0,571,2017-10-31,2017-09-30,1970-03-31,2017-09-30,-4.216826264874244,-4.134666486968067,-3.8106310783864714,ok
30d8a037387ca5d3572817d56abeb86b6c132dd8d0a5293f9c8c71d9ce1e1451,legacy,QR2,0,571,2017-11-30,2017-10-31,1970-04-30,2017-10-31,-3.974205538921206,-4.216826264874244,-3.790435460650502,ok
30d8a037387ca5d3572817d56abeb86b6c132dd8d0a5293f9c8c71d9ce1e1451,legacy,QR2,0,571,2017-12-31,2017-11-30,1970-05-31,2017-11-30,-4.1605958145165705,-3.974205538921206,-3.9095147764197535,ok
