run_id,configuration,model,seed,window,target_month,forecast_origin,training_start,training_end,actual_log_rv,previous_log_rv,predicted_log_rv,status,warnings,seconds,error,mse_log_rv,mae_log_rv,mse_rv,mae_rv,qlike_variance,directional_accuracy
0a8ac71748b632f87da5fded013ca670ea8652daa0eca3ea04089ef5c432f285,modern,AR1,0,120,2025-09-30,2025-08-31,2015-09-30,2025-08-31,-3.84430960652608,-3.3885322185760227,-3.3456983629786645,ok,[],0.00010312499944120646,,0.24861317219190007,0.4986112435474155,0.000191391387957124,0.01383442763388222,0.3661251384936761,0.0
0a8ac71748b632f87da5fded013ca670ea8652daa0eca3ea04089ef5c432f285,modern,AR1,0,120,2025-10-31,2025-09-30,2015-10-31,2025-09-30,-3.200563742469265,-3.84430960652608,-3.610385264513111,ok,[],9.616700117476285e-05,,0.1679536799303345,0.4098215220438459,0.00018762984296263538,0.013697804311736804,0.4500464697373352,1.0
0a8ac71748b632f87da5fded013ca670ea8652daa0eca3ea04089ef5c432f285,modern,AR1,0,120,2025-11-30,2025-10-31,2015-11-30,2025-10-31,-3.187697796475165,-3.200563742469265,-3.2386622740460242,ok,[],9.1583002358675e-05,,0.002597377974070622,0.05096447757085931,4.204326510421991e-06,0.002050445441952063,0.005375845479024616,0.0
0a8ac71748b632f87da5fded013ca670ea8652daa0eca3ea04089ef5c432f285,modern,AR1,0,120,2025-12-31,2025-11-30,2015-12-31,2025-11-30,-3.6690396499504754,-3.187697796475165,-3.2296517949839725,ok,[],9.079099982045591e-05,,0.1930616870920646,0.4393878549665029,0.0001979741097254394,0.014070327278547554,0.2940667471964006,1.0
0a8ac71748b632f87da5fded013ca670ea8652daa0eca3ea04089ef5c432f285,modern,AR1,0,120,2026-01-31,2025-12-31,2016-01-31,2025-12-31,-3.5432590006801346,-3.6690396499504754,-3.5096589590676395,ok,[],9.020802099257708e-05,,0.001128962796361401,0.03360004161249508,9.765109946087668e-07,0.0009881857085633078,0.0022081864081130997,1.0
0a8ac71748b632f87da5fded013ca670ea8652daa0eca3ea04089ef5c432f285,modern,AR1,0,120,2026-02-28,2026-01-31,2016-02-29,2026-01-31,-3.319270460859548,-3.5432590006801346,-3.440754036364553,ok,[],9.012498776428401e-05,,0.014758259117480249,0.12148357550500499,1.712883587406103e-05,0.004138699780614805,0.032059589079907136,1.0
0a8ac71748b632f87da5fded013ca670ea8652daa0eca3ea04089ef5c432f285,modern,AR1,0,120,2026-03-31,2026-02-28,2016-03-31,2026-02-28,-2.9305194230637723,-3.319270460859548,-3.313623899704833,ok,[],8.995798998512328e-05,,0.14676904002242105,0.38310447664106073,0.0002884979499638765,0.016985227403949484,0.3853850262594034,1.0
0a8ac71748b632f87da5fded013ca670ea8652daa0eca3ea04089ef5c432f285,modern,AR1,0,120,2026-04-30,2026-03-31,2016-04-30,2026-03-31,-3.2372756219261025,-2.9305194230637723,-3.08932264719872,ok,[],8.900000830180943e-05,,0.02189008273068147,0.14795297472738245,3.9213243796268464e-05,0.006262047891566182,0.03976333437777968,1.0
0a8ac71748b632f87da5fded013ca670ea8652daa0eca3ea04089ef5c432f285,modern,AR1,0,120,2026-05-31,2026-04-30,2016-05-31,2026-04-30,-3.511913129771558,-3.2372756219261025,-3.2617909595156647,ok,[],8.841598173603415e-05,,0.06256110005351799,0.2501221702558931,7.190929833145591e-05,0.00847993504287951,0.10662681831677023,1.0
0a8ac71748b632f87da5fded013ca670ea8652daa0eca3ea04089ef5c432f285,modern,AR1,0,120,2026-06-30,2026-05-31,2016-06-30,2026-05-31,-3.0167824583115244,-3.511913129771558,-3.4179714032912125,ok,[],8.787499973550439e-05,,0.16095256957391524,0.40118894497968816,0.00026178038050842856,0.016179628565218318,0.4284614269568685,1.0
0a8ac71748b632f87da5fded013ca670ea8652daa0eca3ea04089ef5c432f285,modern,AR1,0,120,2026-07-31,2026-06-30,2016-07-31,2026-06-30,-3.371790235714744,-3.0167824583115244,-3.14060594674479,ok,[],8.666698704473674e-05,,0.053446175466543205,0.23118428896995402,7.971725357934698e-05,0.008928451913929256,0.09215874833458354,1.0
0a8ac71748b632f87da5fded013ca670ea8652daa0eca3ea04089ef5c432f285,modern,AR1,0,120,2026-08-31,2026-07-31,2016-08-31,2026-07-31,-3.5077496504538077,-3.371790235714744,-3.336074556049742,ok,[],0.00011695901048369706,,0.029472338038644946,0.17167509440406592,3.149530942351837e-05,0.005612068194838546,0.05273993651599873,0.0
0a8ac71748b632f87da5fded013ca670ea8652daa0eca3ea04089ef5c432f285,modern,AR1,0,571,2025-09-30,2025-08-31,1978-02-28,2025-08-31,-3.84430960652608,-3.3885322185760227,-3.3360281543766943,ok,[],0.00021820800611749291,,0.2583500345990883,0.5082814521493857,0.00020098211317689014,0.014176816045110063,0.37839937620003716,0.0
0a8ac71748b632f87da5fded013ca670ea8652daa0eca3ea04089ef5c432f285,modern,AR1,0,571,2025-10-31,2025-09-30,1978-03-31,2025-09-30,-3.200563742469265,-3.84430960652608,-3.6257001374253406,ok,[],0.00022050002007745206,,0.1807409543162483,0.4251363949560756,0.0001990578207460138,0.01410878523282617,0.49001238113259116,1.0
0a8ac71748b632f87da5fded013ca670ea8652daa0eca3ea04089ef5c432f285,modern,AR1,0,571,2025-11-30,2025-10-31,1978-04-30,2025-10-31,-3.187697796475165,-3.200563742469265,-3.216281693446243,ok,[],0.00022087499382905662,,0.0008170391660532081,0.028583896971078104,1.352257784951877e-06,0.0011628661939156529,0.001665667389115326,0.0
0a8ac71748b632f87da5fded013ca670ea8652daa0eca3ea04089ef5c432f285,modern,AR1,0,571,2025-12-31,2025-11-30,1978-05-31,2025-11-30,-3.6690396499504754,-3.187697796475165,-3.2086315039596185,ok,[],0.00021991701214574277,,0.21197566089473818,0.4604081459908569,0.00022233586079845497,0.01491093091656101,0.31901015790542486,1.0
0a8ac71748b632f87da5fded013ca670ea8652daa0eca3ea04089ef5c432f285,modern,AR1,0,571,2026-01-31,2025-12-31,1978-06-30,2025-12-31,-3.5432590006801346,-3.6690396499504754,-3.5137245515327575,ok,[],0.00027766599669121206,,0.000872283686438999,0.029534449147377018,7.514157667122907e-07,0.0008668424116944733,0.001710718800457138,1.0
0a8ac71748b632f87da5fded013ca670ea8652daa0eca3ea04089ef5c432f285,modern,AR1,0,571,2026-02-28,2026-01-31,1978-07-31,2026-01-31,-3.319270460859548,-3.5432590006801346,-3.4340067737502036,ok,[],0.00023154201335273683,,0.013164421495742464,0.11473631289065578,1.5380382112914662e-05,0.003921783027261282,0.02846380594368675,1.0
0a8ac71748b632f87da5fded013ca670ea8652daa0eca3ea04089ef5c432f285,modern,AR1,0,571,2026-03-31,2026-02-28,1978-08-31,2026-02-28,-2.9305194230637723,-3.319270460859548,-3.291707686855549,ok,[],0.00020375000895000994,,0.13045696190091807,0.3611882637917767,0.00026176081493791347,0.016179023917959744,0.33694490645218433,1.0
0a8ac71748b632f87da5fded013ca670ea8652daa0eca3ea04089ef5c432f285,modern,AR1,0,571,2026-04-30,2026-03-31,1978-09-30,2026-03-31,-3.2372756219261025,-2.9305194230637723,-3.045310268397416,ok,[],0.00019766698824241757,,0.036850696955393586,0.1919653535286865,6.906954318971753e-05,0.008310808816819067,0.06510933347309322,1.0
0a8ac71748b632f87da5fded013ca670ea8652daa0eca3ea04089ef5c432f285,modern,AR1,0,571,2026-05-31,2026-04-30,1978-10-31,2026-04-30,-3.511913129771558,-3.2372756219261025,-3.239346281822465,ok,[],0.0001949590223375708,,0.07429268660090375,0.2725668479490926,8.74175105734198e-05,0.009349733181937322,0.12489796195198971,1.0
0a8ac71748b632f87da5fded013ca670ea8652daa0eca3ea04089ef5c432f285,modern,AR1,0,571,2026-06-30,2026-05-31,1978-11-30,2026-05-31,-3.0167824583115244,-3.511913129771558,-3.4139266295941337,ok,[],0.00019520800560712814,,0.15772349278375056,0.39714417128260937,0.0002574990516918783,0.016046776987665726,0.41857729146539824,1.0
0a8ac71748b632f87da5fded013ca670ea8652daa0eca3ea04089ef5c432f285,modern,AR1,0,571,2026-07-31,2026-06-30,1978-12-31,2026-06-30,-3.371790235714744,-3.0167824583115244,-3.1010797172014968,ok,[],0.00019520800560712814,,0.07328418483371117,0.27071051851324723,0.00011390143195598837,0.010672461382267372,0.12334177066337243,1.0
0a8ac71748b632f87da5fded013ca670ea8652daa0eca3ea04089ef5c432f285,modern,AR1,0,571,2026-08-31,2026-07-31,1979-01-31,2026-07-31,-3.5077496504538077,-3.371790235714744,-3.3251247857233492,ok,[],0.0001939999929163605,,0.03335184121781826,0.18262486473045847,3.604515184941048e-05,0.006003761475059655,0.05927304062841876,0.0
0a8ac71748b632f87da5fded013ca670ea8652daa0eca3ea04089ef5c432f285,modern,AR3,0,120,2025-09-30,2025-08-31,2015-09-30,2025-08-31,-3.84430960652608,-3.3885322185760227,-3.384953226394925,ok,[],0.00011500000255182385,,0.21100828396719826,0.4593563801311551,0.00015570186334507062,0.012478055270957515,0.31774512120471365,0.0
0a8ac71748b632f87da5fded013ca670ea8652daa0eca3ea04089ef5c432f285,modern,AR3,0,120,2025-10-31,2025-09-30,2015-10-31,2025-09-30,-3.200563742469265,-3.84430960652608,-3.5851013805030445,ok,[],0.00011591598740778863,,0.14786919506459803,0.3845376380337795,0.00016913978548321082,0.013005375253456197,0.38869471331299055,1.0
0a8ac71748b632f87da5fded013ca670ea8652daa0eca3ea04089ef5c432f285,modern,AR3,0,120,2025-11-30,2025-10-31,2015-11-30,2025-10-31,-3.187697796475165,-3.200563742469265,-3.2979489187072257,ok,[],0.00011766600073315203,,0.01215530995342881,0.1102511222320608,1.8557750365008154e-05,0.004307870746088856,0.026200478450499082,0.0
0a8ac71748b632f87da5fded013ca670ea8652daa0eca3ea04089ef5c432f285,modern,AR3,0,120,2025-12-31,2025-11-30,2015-12-31,2025-11-30,-3.6690396499504754,-3.187697796475165,-3.209849289648851,ok,[],0.0001159579842351377,,0.21085578699393576,0.4591903603016245,0.00022087154951353866,0.014861747861995865,0.3175455981138948,1.0
0a8ac71748b632f87da5fded013ca670ea8652daa0eca3ea04089ef5c432f285,modern,AR3,0,120,2026-01-31,2025-12-31,2016-01-31,2025-12-31,-3.5432590006801346,-3.6690396499504754,-3.484248414090537,ok,[],0.00011575000826269388,,0.0034822493296483925,0.05901058658959757,3.090140278079235e-06,0.0017578794833774114,0.006698409472241859,1.0
0a8ac71748b632f87da5fded013ca670ea8652daa0eca3ea04089ef5c432f285,modern,AR3,0,120,2026-02-28,2026-01-31,2016-02-29,2026-01-31,-3.319270460859548,-3.5432590006801346,-3.4709786620876173,ok,[],0.00011733299470506608,,0.023015378319856426,0.1517082012280695,2.5934816998353504e-05,0.00509262378331185,0.05106195268913427,1.0
0a8ac71748b632f87da5fded013ca670ea8652daa0eca3ea04089ef5c432f285,modern,AR3,0,120,2026-03-31,2026-02-28,2016-03-31,2026-02-28,-2.9305194230637723,-3.319270460859548,-3.3287393142275716,ok,[],0.00011716599692590535,,0.15857908171850815,0.3982198911637993,0.00030733779518867947,0.01753105231264454,0.4211918238294938,0.0
0a8ac71748b632f87da5fded013ca670ea8652daa0eca3ea04089ef5c432f285,modern,AR3,0,120,2026-04-30,2026-03-31,2016-04-30,2026-03-31,-3.2372756219261025,-2.9305194230637723,-3.1019098823826017,ok,[],0.00015124998753890395,,0.018323883442158906,0.13536573954350084,3.240464727492073e-05,0.005692507995156505,0.033552781466062304,1.0
0a8ac71748b632f87da5fded013ca670ea8652daa0eca3ea04089ef5c432f285,modern,AR3,0,120,2026-05-31,2026-04-30,2016-05-31,2026-04-30,-3.511913129771558,-3.2372756219261025,-3.225067068708681,ok,[],0.0001177079975605011,,0.08228066274728758,0.2868460610628767,9.82743666480776e-05,0.009913342859403058,0.13713342165610226,0.0
0a8ac71748b632f87da5fded013ca670ea8652daa0eca3ea04089ef5c432f285,modern,AR3,0,120,2026-06-30,2026-05-31,2016-06-30,2026-05-31,-3.0167824583115244,-3.511913129771558,-3.408177992123071,ok,[],0.00011766699026338756,,0.15319046388762558,0.3913955338115467,0.0002514455468322351,0.015857034616605814,0.4047783392949309,1.0
0a8ac71748b632f87da5fded013ca670ea8652daa0eca3ea04089ef5c432f285,modern,AR3,0,120,2026-07-31,2026-06-30,2016-07-31,2026-06-30,-3.371790235714744,-3.0167824583115244,-3.179072519472344,ok,[],0.0001177910016849637,,0.03714011815368624,0.19271771624240008,5.323330921699152e-05,0.007296116036425923,0.06558984287593278,1.0
0a8ac71748b632f87da5fded013ca670ea8652daa0eca3ea04089ef5c432f285,modern,AR3,0,120,2026-08-31,2026-07-31,2016-08-31,2026-07-31,-3.5077496504538077,-3.371790235714744,-3.2994997937727204,ok,[],0.000116915995022282,,0.0433680028076934,0.2082498566810873,4.812685977263012e-05,0.006937352504567583,0.0758504151524379,0.0
0a8ac71748b632f87da5fded013ca670ea8652daa0eca3ea04089ef5c432f285,modern,AR3,0,571,2025-09-30,2025-08-31,1978-02-28,2025-08-31,-3.84430960652608,-3.3885322185760227,-3.4530575651798756,ok,[],0.00028966699028387666,,0.15307815985757203,0.3912520413462044,0.00010501225176820357,0.010247548573595715,0.23976364344118628,1.0
0a8ac71748b632f87da5fded013ca670ea8652daa0eca3ea04089ef5c432f285,modern,AR3,0,571,2025-10-31,2025-09-30,1978-03-31,2025-09-30,-3.200563742469265,-3.84430960652608,-3.6120830261431554,ok,[],0.0002924170112237334,,0.16934812083547182,0.41151928367389035,0.00018888860961170488,0.013743675258521822,0.45437082911790694,1.0
0a8ac71748b632f87da5fded013ca670ea8652daa0eca3ea04089ef5c432f285,modern,AR3,0,571,2025-11-30,2025-10-31,1978-04-30,2025-10-31,-3.187697796475165,-3.200563742469265,-3.335511924422105,ok,[],0.00029416600591503084,,0.02184901642071436,0.14781412794694004,3.215351845796987e-05,0.005670407256799979,0.04834219496864539,0.0
0a8ac71748b632f87da5fded013ca670ea8652daa0eca3ea04089ef5c432f285,modern,AR3,0,571,2025-12-31,2025-11-30,1978-05-31,2025-11-30,-3.6690396499504754,-3.187697796475165,-3.247415089054131,ok,[],0.00029241599258966744,,0.1777672703510353,0.4216245608963445,0.00017885364048871464,0.013373617329979,0.27355924142518984,1.0
0a8ac71748b632f87da5fded013ca670ea8652daa0eca3ea04089ef5c432f285,modern,AR3,0,571,2026-01-31,2025-12-31,1978-06-30,2025-12-31,-3.5432590006801346,-3.6690396499504754,-3.440354147002769,ok,[],0.0002920409897342324,,0.010589408910359973,0.10290485367736535,9.824495878950545e-06,0.00313440518742401,0.019797664822452765,1.0
0a8ac71748b632f87da5fded013ca670ea8652daa0eca3ea04089ef5c432f285,modern,AR3,0,571,2026-02-28,2026-01-31,1978-07-31,2026-01-31,-3.319270460859548,-3.5432590006801346,-3.4598133477445634,ok,[],0.00029329099925234914,,0.01975230305397429,0.1405428868850156,2.2501620293320126e-05,0.004743587281090138,0.04348143841630142,1.0
0a8ac71748b632f87da5fded013ca670ea8652daa0eca3ea04089ef5c432f285,modern,AR3,0,571,2026-03-31,2026-02-28,1978-08-31,2026-02-28,-2.9305194230637723,-3.319270460859548,-3.360405832117218,ok,[],0.000316707999445498,,0.18480232468886632,0.42988640905344555,0.0003477532960137866,0.018648144572953808,0.5028510692574364,0.0
0a8ac71748b632f87da5fded013ca670ea8652daa0eca3ea04089ef5c432f285,modern,AR3,0,571,2026-04-30,2026-03-31,1978-09-30,2026-03-31,-3.2372756219261025,-2.9305194230637723,-3.1218999999681776,ok,[],0.0002933329960796982,,0.013311534142178012,0.11537562195792495,2.3065078414209384e-05,0.00480261162433622,0.024688182032671563,1.0
0a8ac71748b632f87da5fded013ca670ea8652daa0eca3ea04089ef5c432f285,modern,AR3,0,571,2026-05-31,2026-04-30,1978-10-31,2026-04-30,-3.511913129771558,-3.2372756219261025,-3.1924493651900954,ok,[],0.00029091699980199337,,0.10205709688056004,0.3194637645814624,0.00012614382834032925,0.011231376956559212,0.16678576230601733,0.0
0a8ac71748b632f87da5fded013ca670ea8652daa0eca3ea04089ef5c432f285,modern,AR3,0,571,2026-06-30,2026-05-31,1978-11-30,2026-05-31,-3.0167824583115244,-3.511913129771558,-3.3533968344447773,ok,[],0.00029120800900273025,,0.1133092382195791,0.33661437613325296,0.00019580714586757883,0.01399311065730486,0.2873285138264686,1.0
0a8ac71748b632f87da5fded013ca670ea8652daa0eca3ea04089ef5c432f285,modern,AR3,0,571,2026-07-31,2026-06-30,1978-12-31,2026-06-30,-3.371790235714744,-3.0167824583115244,-3.1779228157301573,ok,[],0.00029150000773370266,,0.03758457653148012,0.19386741998458668,5.3934322849084424e-05,0.007343999104648939,0.06632709492277095,1.0
0a8ac71748b632f87da5fded013ca670ea8652daa0eca3ea04089ef5c432f285,modern,AR3,0,571,2026-08-31,2026-07-31,1979-01-31,2026-07-31,-3.5077496504538077,-3.371790235714744,-3.287370208364865,ok,[],0.00029124997672624886,,0.048567098495433635,0.22037944208894267,5.45778082356747e-05,0.007387679489235757,0.08430674161614199,0.0
0a8ac71748b632f87da5fded013ca670ea8652daa0eca3ea04089ef5c432f285,modern,ARMAX,0,120,2025-09-30,2025-08-31,2015-09-30,2025-08-31,-3.84430960652608,-3.3885322185760227,-3.434787230606479,ok,[],0.14030679198913276,,0.16770857637883513,0.40952237591960117,0.00011731263733691276,0.010831095851155263,0.2598973288838583,1.0
0a8ac71748b632f87da5fded013ca670ea8652daa0eca3ea04089ef5c432f285,modern,ARMAX,0,120,2025-10-31,2025-09-30,2015-10-31,2025-09-30,-3.200563742469265,-3.84430960652608,-3.51363499658314,ok,[],0.1389780419995077,,0.0980136101524346,0.31307125411387515,0.00011991990096753555,0.010950794535901746,0.2442391553809231,1.0
0a8ac71748b632f87da5fded013ca670ea8652daa0eca3ea04089ef5c432f285,modern,ARMAX,0,120,2025-11-30,2025-10-31,2015-11-30,2025-10-31,-3.187697796475165,-3.200563742469265,-3.3343606910737473,ok,[],0.12236270800349303,,0.021510004652034887,0.1466628945985824,3.169018876124541e-05,0.005629403943691144,0.0475537741591438,0.0
0a8ac71748b632f87da5fded013ca670ea8652daa0eca3ea04089ef5c432f285,modern,ARMAX,0,120,2025-12-31,2025-11-30,2015-12-31,2025-11-30,-3.6690396499504754,-3.187697796475165,-3.24234232633186,ok,[],0.15630408297874965,,0.18207060598328936,0.42669732361861534,0.0001841807211376856,0.013571319800877349,0.2793611161695173,1.0
0a8ac71748b632f87da5fded013ca670ea8652daa0eca3ea04089ef5c432f285,modern,ARMAX,0,120,2026-01-31,2025-12-31,2016-01-31,2025-12-31,-3.5432590006801346,-3.6690396499504754,-3.3334378048156577,ok,[],0.15576345802401192,,0.044024934233999176,0.2098211958644769,4.5580592986327644e-05,0.006751340088184541,0.07692421893903068,1.0
0a8ac71748b632f87da5fded013ca670ea8652daa0eca3ea04089ef5c432f285,modern,ARMAX,0,120,2026-02-28,2026-01-31,2016-02-29,2026-01-31,-3.319270460859548,-3.5432590006801346,-3.402775181987252,ok,[],0.12409008300164714,,0.006973038450615655,0.08350472112770424,8.400924433056132e-06,0.002898434824703866,0.014755981531236667,1.0
0a8ac71748b632f87da5fded013ca670ea8652daa0eca3ea04089ef5c432f285,modern,ARMAX,0,120,2026-03-31,2026-02-28,2016-03-31,2026-02-28,-2.9305194230637723,-3.319270460859548,-3.446684856828292,ok,[],0.1373488749959506,,0.2664267550133149,0.5161654337645198,0.0004630353993103951,0.021518257348363393,0.775271495502281,0.0
0a8ac71748b632f87da5fded013ca670ea8652daa0eca3ea04089ef5c432f285,modern,ARMAX,0,120,2026-04-30,2026-03-31,2016-04-30,2026-03-31,-3.2372756219261025,-2.9305194230637723,-3.1069173357325175,ok,[],0.13010283297626302,,0.01699328277932862,0.13035828619358503,2.989814275003054e-05,0.005467919416929125,0.031215841826227136,1.0
0a8ac71748b632f87da5fded013ca670ea8652daa0eca3ea04089ef5c432f285,modern,ARMAX,0,120,2026-05-31,2026-04-30,2016-05-31,2026-04-30,-3.511913129771558,-3.2372756219261025,-3.3557485867300647,ok,[],0.1505615409987513,,0.024387364503358343,0.15616454304149308,2.543663810924876e-05,0.005043474805057398,0.044069769008948045,1.0
0a8ac71748b632f87da5fded013ca670ea8652daa0eca3ea04089ef5c432f285,modern,ARMAX,0,120,2026-06-30,2026-05-31,2016-06-30,2026-05-31,-3.0167824583115244,-3.511913129771558,-3.47458095996362,ok,[],0.1684047080052551,,0.20957946811490394,0.4577985016520958,0.0003234127609781618,0.017983680406917873,0.5826692767059751,1.0
0a8ac71748b632f87da5fded013ca670ea8652daa0eca3ea04089ef5c432f285,modern,ARMAX,0,120,2026-07-31,2026-06-30,2016-07-31,2026-06-30,-3.371790235714744,-3.0167824583115244,-3.2603629733225423,ok,[],0.1378605839854572,,0.012416034804220565,0.11142726239220169,1.6372865126877795e-05,0.004046339719657482,0.0230857794260019,1.0
0a8ac71748b632f87da5fded013ca670ea8652daa0eca3ea04089ef5c432f285,modern,ARMAX,0,120,2026-08-31,2026-07-31,2016-08-31,2026-07-31,-3.5077496504538077,-3.371790235714744,-3.368085425212998,ok,[],0.13362770801177248,,0.01950609581211565,0.1396642252408098,2.0171535351553233e-05,0.004491273243920173,0.03561990860428019,0.0
0a8ac71748b632f87da5fded013ca670ea8652daa0eca3ea04089ef5c432f285,modern,ARMAX,0,571,2025-09-30,2025-08-31,1978-02-28,2025-08-31,-3.84430960652608,-3.3885322185760227,-3.442838627925751,ok,[],0.45712899998761714,,0.16117894665830582,0.401470978600329,0.00011178035686364567,0.010572622988816241,0.25095095732725037,1.0
0a8ac71748b632f87da5fded013ca670ea8652daa0eca3ea04089ef5c432f285,modern,ARMAX,0,571,2025-10-31,2025-09-30,1978-03-31,2025-09-30,-3.200563742469265,-3.84430960652608,-3.5367883633906185,ok,[],0.40956300002289936,,0.11304699571370788,0.3362246209213535,0.00013531677629162765,0.011632573932351672,0.28658034492322937,1.0
0a8ac71748b632f87da5fded013ca670ea8652daa0eca3ea04089ef5c432f285,modern,ARMAX,0,571,2025-11-30,2025-10-31,1978-04-30,2025-10-31,-3.187697796475165,-3.200563742469265,-3.2727750477467765,ok,[],0.41175741600454785,,0.007238138683932935,0.08507725127161159,1.13276842380388e-05,0.0033656625258689857,0.015333495539122027,0.0
0a8ac71748b632f87da5fded013ca670ea8652daa0eca3ea04089ef5c432f285,modern,ARMAX,0,571,2025-12-31,2025-11-30,1978-05-31,2025-11-30,-3.6690396499504754,-3.187697796475165,-3.244645608263639,ok,[],0.4292788750026375,,0.1801103026192884,0.4243940416868366,0.00018174892556651899,0.013481428914121789,0.27672132059271815,1.0
0a8ac71748b632f87da5fded013ca670ea8652daa0eca3ea04089ef5c432f285,modern,ARMAX,0,571,2026-01-31,2025-12-31,1978-06-30,2025-12-31,-3.5432590006801346,-3.6690396499504754,-3.312893742807161,ok,[],0.5040751659835223,,0.05306815203488161,0.23036525787297357,5.612604148335785e-05,0.007491731541062977,0.09155316701194821,1.0
0a8ac71748b632f87da5fded013ca670ea8652daa0eca3ea04089ef5c432f285,modern,ARMAX,0,571,2026-02-28,2026-01-31,1978-07-31,2026-01-31,-3.319270460859548,-3.5432590006801346,-3.396866498540319,ok,[],0.6192772500216961,,0.006021145063755659,0.07759603768077117,7.2965198941564935e-06,0.002701207117967168,0.012690185609169097,1.0
0a8ac71748b632f87da5fded013ca670ea8652daa0eca3ea04089ef5c432f285,modern,ARMAX,0,571,2026-03-31,2026-02-28,1978-08-31,2026-02-28,-2.9305194230637723,-3.319270460859548,-3.391495424376007,ok,[],0.4425081250083167,,0.21249887378581753,0.4609760013122348,0.00038852367471189437,0.019711003899139545,0.592241312443095,0.0
0a8ac71748b632f87da5fded013ca670ea8652daa0eca3ea04089ef5c432f285,modern,ARMAX,0,571,2026-04-30,2026-03-31,1978-09-30,2026-03-31,-3.2372756219261025,-2.9305194230637723,-3.0894637131671514,ok,[],0.4461866250203457,,0.02184836037096449,0.14781190875895112,3.913284686900308e-05,0.006255625218073976,0.0396910979733992,1.0
0a8ac71748b632f87da5fded013ca670ea8652daa0eca3ea04089ef5c432f285,modern,ARMAX,0,571,2026-05-31,2026-04-30,1978-10-31,2026-04-30,-3.511913129771558,-3.2372756219261025,-3.3007553565084997,ok,[],0.4841765830060467,,0.04458760520941304,0.21115777326305807,4.9217879263606165e-05,0.007015545542836007,0.07784270396352905,1.0
0a8ac71748b632f87da5fded013ca670ea8652daa0eca3ea04089ef5c432f285,modern,ARMAX,0,571,2026-06-30,2026-05-31,1978-11-30,2026-05-31,-3.0167824583115244,-3.511913129771558,-3.4415929523086275,ok,[],0.4074462080025114,,0.1804639558100628,0.42481049399710313,0.00028712769490852935,0.016944842723039047,0.4891392777096115,1.0
0a8ac71748b632f87da5fded013ca670ea8652daa0eca3ea04089ef5c432f285,modern,ARMAX,0,571,2026-07-31,2026-06-30,1978-12-31,2026-06-30,-3.371790235714744,-3.0167824583115244,-3.2810310903053654,ok,[],0.43264749998343177,,0.008237222475440724,0.09075914540937857,1.0636415626294718e-05,0.0032613518096480665,0.015521281385182994,1.0
0a8ac71748b632f87da5fded013ca670ea8652daa0eca3ea04089ef5c432f285,modern,ARMAX,0,571,2026-08-31,2026-07-31,1979-01-31,2026-07-31,-3.5077496504538077,-3.371790235714744,-3.311632466670276,ok,[],0.47202704098890536,,0.03846194977518351,0.1961171837835316,4.215050783763017e-05,0.0064923422458793845,0.06778013695458668,0.0
0a8ac71748b632f87da5fded013ca670ea8652daa0eca3ea04089ef5c432f285,modern,CRL,0,120,2025-09-30,2025-08-31,2015-09-30,2025-08-31,-3.84430960652608,-3.3885322185760227,-3.386482580219632,ok,[],0.00014141699648462236,,0.20960558601660514,0.4578270263064481,0.00015441247305768215,0.012426281545888221,0.3159088054067045,0.0
0a8ac71748b632f87da5fded013ca670ea8652daa0eca3ea04089ef5c432f285,modern,CRL,0,120,2025-10-31,2025-09-30,2015-10-31,2025-09-30,-3.200563742469265,-3.84430960652608,-3.5870427772190228,ok,[],0.0001442090142518282,,0.14936604430110445,0.38647903474975775,0.00017054180196625484,0.013059165439118031,0.3932063814573117,1.0
0a8ac71748b632f87da5fded013ca670ea8652daa0eca3ea04089ef5c432f285,modern,CRL,0,120,2025-11-30,2025-10-31,2015-11-30,2025-10-31,-3.187697796475165,-3.200563742469265,-3.294905695924563,ok,[],0.00014437499339692295,,0.01149353370435221,0.1072078994493979,1.7599915131986048e-05,0.004195225277858872,0.024721980917330105,0.0
0a8ac71748b632f87da5fded013ca670ea8652daa0eca3ea04089ef5c432f285,modern,CRL,0,120,2025-12-31,2025-11-30,2015-12-31,2025-11-30,-3.6690396499504754,-3.187697796475165,-3.2023145628500385,ok,[],0.00014445799752138555,,0.21783230692891042,0.4667250871004369,0.00023003844620824506,0.015167018369087744,0.3266449511666085,1.0
0a8ac71748b632f87da5fded013ca670ea8652daa0eca3ea04089ef5c432f285,modern,CRL,0,120,2026-01-31,2025-12-31,2016-01-31,2025-12-31,-3.5432590006801346,-3.6690396499504754,-3.4780208233108088,ok,[],0.0001474579912610352,,0.004256019786471613,0.0652381773693258,3.8006211421467462e-06,0.0019495181820508231,0.008153600349890128,1.0
0a8ac71748b632f87da5fded013ca670ea8652daa0eca3ea04089ef5c432f285,modern,CRL,0,120,2026-02-28,2026-01-31,2016-02-29,2026-01-31,-3.319270460859548,-3.5432590006801346,-3.468062886538825,ok,[],0.00014187497436068952,,0.022139185939523295,0.14879242567927742,2.5018503255480064e-05,0.005001849983304184,0.04901778020947656,1.0
0a8ac71748b632f87da5fded013ca670ea8652daa0eca3ea04089ef5c432f285,modern,CRL,0,120,2026-03-31,2026-02-28,2016-03-31,2026-02-28,-2.9305194230637723,-3.319270460859548,-3.3271269806819292,ok,[],0.00014770799316465855,,0.15729755475983967,0.3966075576181569,0.00030531350383870793,0.017473222480089583,0.41727688487289627,0.0
0a8ac71748b632f87da5fded013ca670ea8652daa0eca3ea04089ef5c432f285,modern,CRL,0,120,2026-04-30,2026-03-31,2016-04-30,2026-03-31,-3.2372756219261025,-2.9305194230637723,-3.0968148618076308,ok,[],0.00014616601401939988,,0.019729225133058866,0.14046076011847175,3.5072230827765124e-05,0.0059221812559026865,0.036009112487219164,1.0
0a8ac71748b632f87da5fded013ca670ea8652daa0eca3ea04089ef5c432f285,modern,CRL,0,120,2026-05-31,2026-04-30,2016-05-31,2026-04-30,-3.511913129771558,-3.2372756219261025,-3.2188185385170174,ok,[],0.00014291700790636241,,0.08590443942266611,0.2930945912545404,0.00010327679409983574,0.010162519082384826,0.1426329375356124,0.0
0a8ac71748b632f87da5fded013ca670ea8652daa0eca3ea04089ef5c432f285,modern,CRL,0,120,2026-06-30,2026-05-31,2016-06-30,2026-05-31,-3.0167824583115244,-3.511913129771558,-3.4028576611945622,ok,[],0.0001519579964224249,,0.14905406228117885,0.38607520288303787,0.0002458766563948379,0.01568045459783733,0.3922652190498386,1.0
0a8ac71748b632f87da5fded013ca670ea8652daa0eca3ea04089ef5c432f285,modern,CRL,0,120,2026-07-31,2026-06-30,2016-07-31,2026-06-30,-3.371790235714744,-3.0167824583115244,-3.174816446037971,ok,[],0.0001416669983882457,,0.03879867381962966,0.19697378967677315,5.585543535980166e-05,0.007473649400380089,0.06833698659611037,1.0
0a8ac71748b632f87da5fded013ca670ea8652daa0eca3ea04089ef5c432f285,modern,CRL,0,120,2026-08-31,2026-07-31,2016-08-31,2026-07-31,-3.5077496504538077,-3.371790235714744,-3.2922706400884247,ok,[],0.00014283397467806935,,0.046431203908044824,0.21547901036538297,5.191327255096362e-05,0.007205086574841667,0.08084421268031289,0.0
0a8ac71748b632f87da5fded013ca670ea8652daa0eca3ea04089ef5c432f285,modern,CRL,1,120,2025-09-30,2025-08-31,2015-09-30,2025-08-31,-3.84430960652608,-3.3885322185760227,-3.385980211835013,ok,[],0.00014275001012720168,,0.21006583403787982,0.4583293946910669,0.00015483520865282966,0.01244327965822635,0.31651159346888447,0.0
0a8ac71748b632f87da5fded013ca670ea8652daa0eca3ea04089ef5c432f285,modern,CRL,1,120,2025-10-31,2025-09-30,2015-10-31,2025-09-30,-3.200563742469265,-3.84430960652608,-3.585022064579796,ok,[],0.00014383302186615765,,0.1478082014400449,0.3844583221105311,0.00016908257125913202,0.013003175429837591,0.3885110812694508,1.0
0a8ac71748b632f87da5fded013ca670ea8652daa0eca3ea04089ef5c432f285,modern,CRL,1,120,2025-11-30,2025-10-31,2015-11-30,2025-10-31,-3.187697796475165,-3.200563742469265,-3.2978690001789666,ok,[],0.00014283301425166428,,0.012137694125544553,0.11017120370380162,1.8532309752939798e-05,0.0043049169275306345,0.02616106213789357,0.0
0a8ac71748b632f87da5fded013ca670ea8652daa0eca3ea04089ef5c432f285,modern,CRL,1,120,2025-12-31,2025-11-30,2015-12-31,2025-11-30,-3.6690396499504754,-3.187697796475165,-3.2090937226577405,ok,[],0.0001473749871365726,,0.21155025603317376,0.45994592729273487,0.00022177929194880442,0.014892256106742337,0.3184539960073901,1.0
0a8ac71748b632f87da5fded013ca670ea8652daa0eca3ea04089ef5c432f285,modern,CRL,1,120,2026-01-31,2025-12-31,2016-01-31,2025-12-31,-3.5432590006801346,-3.6690396499504754,-3.4830648779479323,ok,[],0.00014504199498333037,,0.0036233324114994287,0.06019412273220226,3.2191826555474275e-06,0.001794208085910725,0.006964406180841334,1.0
0a8ac71748b632f87da5fded013ca670ea8652daa0eca3ea04089ef5c432f285,modern,CRL,1,120,2026-02-28,2026-01-31,2016-02-29,2026-01-31,-3.319270460859548,-3.5432590006801346,-3.4701250555303798,ok,[],0.0001466670073568821,,0.022757108733301,0.15085459467083195,2.5665133488523684e-05,0.005066076735356827,0.050458755335114236,1.0
0a8ac71748b632f87da5fded013ca670ea8652daa0eca3ea04089ef5c432f285,modern,CRL,1,120,2026-03-31,2026-02-28,2016-03-31,2026-02-28,-2.9305194230637723,-3.319270460859548,-3.328601484149524,ok,[],0.0001434589794371277,,0.1584693273582801,0.3980820610857516,0.0003071646152406862,0.017526112382404896,0.42085625556040585,0.0
0a8ac71748b632f87da5fded013ca670ea8652daa0eca3ea04089ef5c432f285,modern,CRL,1,120,2026-04-30,2026-03-31,2016-04-30,2026-03-31,-3.2372756219261025,-2.9305194230637723,-3.100881609909037,ok,[],0.0001508750137872994,,0.01860332651411146,0.1363940120170657,3.2933437981762096e-05,0.005738766242125749,0.034042162142446625,1.0
0a8ac71748b632f87da5fded013ca670ea8652daa0eca3ea04089ef5c432f285,modern,CRL,1,120,2026-05-31,2026-04-30,2016-05-31,2026-04-30,-3.511913129771558,-3.2372756219261025,-3.224280274616741,ok,[],0.0001446249953005463,,0.08273265936451173,0.2876328551548166,9.889571920704892e-05,0.009944632683364877,0.1378210824939426,0.0
0a8ac71748b632f87da5fded013ca670ea8652daa0eca3ea04089ef5c432f285,modern,CRL,1,120,2026-06-30,2026-05-31,2016-06-30,2026-05-31,-3.0167824583115244,-3.511913129771558,-3.4070881384802387,ok,[],0.00022562500089406967,,0.15233852397196274,0.39030568016871436,0.00025030211741643534,0.015820939207785212,0.4021949785393222,1.0
0a8ac71748b632f87da5fded013ca670ea8652daa0eca3ea04089ef5c432f285,modern,CRL,1,120,2026-07-31,2026-06-30,2016-07-31,2026-06-30,-3.371790235714744,-3.0167824583115244,-3.177962844966295,ok,[],0.00017370798741467297,,0.037569057404351895,0.1938273907484489,5.390982502259402e-05,0.007342331034664265,0.06630136568445372,1.0
0a8ac71748b632f87da5fded013ca670ea8652daa0eca3ea04089ef5c432f285,modern,CRL,1,120,2026-08-31,2026-07-31,2016-08-31,2026-07-31,-3.5077496504538077,-3.371790235714744,-3.2986228430329003,ok,[],0.00015883299056440592,,0.043734021582061286,0.2091268074209074,4.857710284877145e-05,0.0069697276021930335,0.07644889400552324,0.0
0a8ac71748b632f87da5fded013ca670ea8652daa0eca3ea04089ef5c432f285,modern,CRL,2,120,2025-09-30,2025-08-31,2015-09-30,2025-08-31,-3.84430960652608,-3.3885322185760227,-3.3849555683394144,ok,[],0.00015337500371970236,,0.2110061323983967,0.45935403818666565,0.00015569988325429544,0.012477975927781534,0.3177423063433896,0.0
0a8ac71748b632f87da5fded013ca670ea8652daa0eca3ea04089ef5c432f285,modern,CRL,2,120,2025-10-31,2025-09-30,2015-10-31,2025-09-30,-3.200563742469265,-3.84430960652608,-3.5853143154967313,ok,[],0.0001610000035725534,,0.14803300344496367,0.3847505730274663,0.00016929341070380047,0.013011280133169083,0.38918796850377224,1.0
0a8ac71748b632f87da5fded013ca670ea8652daa0eca3ea04089ef5c432f285,modern,CRL,2,120,2025-11-30,2025-10-31,2015-11-30,2025-10-31,-3.187697796475165,-3.200563742469265,-3.2978950196338563,ok,[],0.0001489589922130108,,0.012143427991886432,0.1101972231586914,1.8540590881247518e-05,0.004305878642187622,0.026173891597530585,0.0
0a8ac71748b632f87da5fded013ca670ea8652daa0eca3ea04089ef5c432f285,modern,CRL,2,120,2025-12-31,2025-11-30,2015-12-31,2025-11-30,-3.6690396499504754,-3.187697796475165,-3.2102423884572273,ok,[],0.00014737501624040306,,0.21049492715370385,0.45879726149324807,0.00022040028517658665,0.014845884452486711,0.317073346368109,1.0
0a8ac71748b632f87da5fded013ca670ea8652daa0eca3ea04089ef5c432f285,modern,CRL,2,120,2026-01-31,2025-12-31,2016-01-31,2025-12-31,-3.5432590006801346,-3.6690396499504754,-3.4843824969108086,ok,[],0.00014875002671033144,,0.0034664426960994543,0.05887650376932596,3.0756970293092345e-06,0.001753766526453631,0.0066685884885007846,1.0
0a8ac71748b632f87da5fded013ca670ea8652daa0eca3ea04089ef5c432f285,modern,CRL,2,120,2026-02-28,2026-01-31,2016-02-29,2026-01-31,-3.319270460859548,-3.5432590006801346,-3.4709638743722095,ok,[],0.00014945800649002194,,0.023010891703123388,0.15169341351266175,2.5930135019984638e-05,0.0050921640802299994,0.051051469431445506,1.0
0a8ac71748b632f87da5fded013ca670ea8652daa0eca3ea04089ef5c432f285,modern,CRL,2,120,2026-03-31,2026-02-28,2016-03-31,2026-02-28,-2.9305194230637723,-3.319270460859548,-3.328976800237225,ok,[],0.00015350000467151403,,0.158768281423947,0.39845737717345253,0.0003076362487215438,0.0175395623868312,0.42177041495894296,0.0
0a8ac71748b632f87da5fded013ca670ea8652daa0eca3ea04089ef5c432f285,modern,CRL,2,120,2026-04-30,2026-03-31,2016-04-30,2026-03-31,-3.2372756219261025,-2.9305194230637723,-3.1020508653636023,ok,[],0.0001521660014986992,,0.018285734787387445,0.13522475656250021,3.233252232668803e-05,0.005686169389552867,0.03348593547325068,1.0
0a8ac71748b632f87da5fded013ca670ea8652daa0eca3ea04089ef5c432f285,modern,CRL,2,120,2026-05-31,2026-04-30,2016-05-31,2026-04-30,-3.511913129771558,-3.2372756219261025,-3.2253966723093765,ok,[],0.00015395900118164718,,0.08209168039667791,0.28651645746218124,9.801479658067246e-05,0.009900242248585257,0.13684576146670102,0.0
0a8ac71748b632f87da5fded013ca670ea8652daa0eca3ea04089ef5c432f285,modern,CRL,2,120,2026-06-30,2026-05-31,2016-06-30,2026-05-31,-3.0167824583115244,-3.511913129771558,-3.408288744373282,ok,[],0.00014537500101141632,,0.1532771720258707,0.3915062860617575,0.00025156181953871415,0.015860700474402578,0.40504144493280814,1.0
0a8ac71748b632f87da5fded013ca670ea8652daa0eca3ea04089ef5c432f285,modern,CRL,2,120,2026-07-31,2026-06-30,2016-07-31,2026-06-30,-3.371790235714744,-3.0167824583115244,-3.1790967567188453,ok,[],0.00014887499855831265,,0.037130776847542867,0.19269347899589873,5.321858893717066e-05,0.007295107191616218,0.0655743393222557,1.0
0a8ac71748b632f87da5fded013ca670ea8652daa0eca3ea04089ef5c432f285,modern,CRL,2,120,2026-08-31,2026-07-31,2016-08-31,2026-07-31,-3.5077496504538077,-3.371790235714744,-3.299859643427242,ok,[],0.00015458400594070554,,0.04321825502150562,0.2078900070265659,4.794282648549492e-05,0.0069240758578668765,0.07560542088984729,0.0
0a8ac71748b632f87da5fded013ca670ea8652daa0eca3ea04089ef5c432f285,modern,CRL,3,120,2025-09-30,2025-08-31,2015-09-30,2025-08-31,-3.84430960652608,-3.3885322185760227,-3.3854128435326043,ok,[],0.00014141699648462236,,0.21058623908589022,0.4588967629934757,0.00015531359158559808,0.01246248737554418,0.3171928597936873,0.0
0a8ac71748b632f87da5fded013ca670ea8652daa0eca3ea04089ef5c432f285,modern,CRL,3,120,2025-10-31,2025-09-30,2015-10-31,2025-09-30,-3.200563742469265,-3.84430960652608,-3.5852503438820946,ok,[],0.0001441249914932996,,0.14798378130655324,0.3846866014128296,0.00016924725350988377,0.013009506274639471,0.3890397397442764,1.0
0a8ac71748b632f87da5fded013ca670ea8652daa0eca3ea04089ef5c432f285,modern,CRL,3,120,2025-11-30,2025-10-31,2015-11-30,2025-10-31,-3.187697796475165,-3.200563742469265,-3.2978159277535406,ok,[],0.00014262498007155955,,0.012126002836241576,0.11011813127837566,1.8515423629524514e-05,0.0043029552204879515,0.026134904085644367,0.0
0a8ac71748b632f87da5fded013ca670ea8652daa0eca3ea04089ef5c432f285,modern,CRL,3,120,2025-12-31,2025-11-30,2015-12-31,2025-11-30,-3.6690396499504754,-3.187697796475165,-3.2096216456317226,ok,[],0.00014416701742447913,,0.21106490269222555,0.4594180043187528,0.0002211447742218338,0.014870937234143441,0.3178191925203311,1.0
0a8ac71748b632f87da5fded013ca670ea8652daa0eca3ea04089ef5c432f285,modern,CRL,3,120,2026-01-31,2025-12-31,2016-01-31,2025-12-31,-3.5432590006801346,-3.6690396499504754,-3.4838012900514537,ok,[],0.00014366599498316646,,0.0035352193532039514,0.05945771062868088,3.1385626189047803e-06,0.0017715988877013839,0.006798314862389049,1.0
0a8ac71748b632f87da5fded013ca670ea8652daa0eca3ea04089ef5c432f285,modern,CRL,3,120,2026-02-28,2026-01-31,2016-02-29,2026-01-31,-3.319270460859548,-3.5432590006801346,-3.47051155217585,ok,[],0.00014124999870546162,,0.02287386770254608,0.15124109131630226,2.5787094896368865e-05,0.0050780995358863205,0.05073138287051071,1.0
0a8ac71748b632f87da5fded013ca670ea8652daa0eca3ea04089ef5c432f285,modern,CRL,3,120,2026-03-31,2026-02-28,2016-03-31,2026-02-28,-2.9305194230637723,-3.319270460859548,-3.3289308538663342,ok,[],0.00013920801575295627,,0.15873166819414458,0.3984114308025619,0.00030757850120613614,0.01753791610215239,0.42165843600467534,0.0
0a8ac71748b632f87da5fded013ca670ea8652daa0eca3ea04089ef5c432f285,modern,CRL,3,120,2026-04-30,2026-03-31,2016-04-30,2026-03-31,-3.2372756219261025,-2.9305194230637723,-3.1015755481057496,ok,[],0.00014091699267737567,,0.01841451003484922,0.13570007382035287,3.257605009555766e-05,0.005707543262696978,0.0337115459001939,1.0
0a8ac71748b632f87da5fded013ca670ea8652daa0eca3ea04089ef5c432f285,modern,CRL,3,120,2026-05-31,2026-04-30,2016-05-31,2026-04-30,-3.511913129771558,-3.2372756219261025,-3.224898853425115,ok,[],0.000140416988870129,,0.08237719482667219,0.2870142763464427,9.840700518901192e-05,0.009920030503431525,0.13728032523041217,0.0
0a8ac71748b632f87da5fded013ca670ea8652daa0eca3ea04089ef5c432f285,modern,CRL,3,120,2026-06-30,2026-05-31,2016-06-30,2026-05-31,-3.0167824583115244,-3.511913129771558,-3.4077699270016613,ok,[],0.00013950001448392868,,0.15287120067272078,0.3909874686901369,0.0002510172625727359,0.015843524310352665,0.4038098563239618,1.0
0a8ac71748b632f87da5fded013ca670ea8652daa0eca3ea04089ef5c432f285,modern,CRL,3,120,2026-07-31,2026-06-30,2016-07-31,2026-06-30,-3.371790235714744,-3.0167824583115244,-3.178634759708018,ok,[],0.0001407500240020454,,0.0373090379113849,0.193155476006726,5.349959076046089e-05,0.0073143414440714274,0.06587013454061985,1.0
0a8ac71748b632f87da5fded013ca670ea8652daa0eca3ea04089ef5c432f285,modern,CRL,3,120,2026-08-31,2026-07-31,2016-08-31,2026-07-31,-3.5077496504538077,-3.371790235714744,-3.2992698038977046,ok,[],0.0001412919955328107,,0.04346384642005628,0.20847984655610308,4.824469997157091e-05,0.006945840479853457,0.07600717667394558,0.0
0a8ac71748b632f87da5fded013ca670ea8652daa0eca3ea04089ef5c432f285,modern,CRL,4,120,2025-09-30,2025-08-31,2015-09-30,2025-08-31,-3.84430960652608,-3.3885322185760227,-3.3850425450213506,ok,[],0.00013795800623483956,,0.2109262337831889,0.4592670615047294,0.00015562635753480812,0.012475029360078,0.3176377723638133,0.0
0a8ac71748b632f87da5fded013ca670ea8652daa0eca3ea04089ef5c432f285,modern,CRL,4,120,2025-10-31,2025-09-30,2015-10-31,2025-09-30,-3.200563742469265,-3.84430960652608,-3.58527895174109,ok,[],0.00014274998102337122,,0.1480057922450642,0.3847152092718251,0.00016926789441584086,0.01301029955134934,0.38910602270551475,1.0
0a8ac71748b632f87da5fded013ca670ea8652daa0eca3ea04089ef5c432f285,modern,CRL,4,120,2025-11-30,2025-10-31,2015-11-30,2025-10-31,-3.187697796475165,-3.200563742469265,-3.297884809975426,ok,[],0.0001456249738112092,,0.012141177944106737,0.11018701350026117,1.853734129123643e-05,0.004305501282224455,0.02616885710038655,0.0
0a8ac71748b632f87da5fded013ca670ea8652daa0eca3ea04089ef5c432f285,modern,CRL,4,120,2025-12-31,2025-11-30,2015-12-31,2025-11-30,-3.6690396499504754,-3.187697796475165,-3.2101898721368425,ok,[],0.00014204200124368072,,0.21054311859962027,0.4588497778136329,0.0002204632042331068,0.014848003375306285,0.31713642289654653,1.0
0a8ac71748b632f87da5fded013ca670ea8652daa0eca3ea04089ef5c432f285,modern,CRL,4,120,2026-01-31,2025-12-31,2016-01-31,2025-12-31,-3.5432590006801346,-3.6690396499504754,-3.484263424641311,ok,[],0.0001398750173393637,,0.0034804779921526244,0.05899557603882366,3.088521580501946e-06,0.0017574190110790158,0.006695067840719562,1.0
0a8ac71748b632f87da5fded013ca670ea8652daa0eca3ea04089ef5c432f285,modern,CRL,4,120,2026-02-28,2026-01-31,2016-02-29,2026-01-31,-3.319270460859548,-3.5432590006801346,-3.470883548873193,ok,[],0.00013875000877305865,,0.022986528457033275,0.15161308801364504,2.590470912197433e-05,0.005089666896956453,0.050994546042617606,1.0
0a8ac71748b632f87da5fded013ca670ea8652daa0eca3ea04089ef5c432f285,modern,CRL,4,120,2026-03-31,2026-02-28,2016-03-31,2026-02-28,-2.9305194230637723,-3.319270460859548,-3.3289380823074994,ok,[],0.00014045799616724253,,0.15873742803356913,0.3984186592437271,0.00030758758606052976,0.01753817510633674,0.42167605167725064,0.0
0a8ac71748b632f87da5fded013ca670ea8652daa0eca3ea04089ef5c432f285,modern,CRL,4,120,2026-04-30,2026-03-31,2016-04-30,2026-03-31,-3.2372756219261025,-2.9305194230637723,-3.1019538584364357,ok,[],0.00013991599553264678,,0.01831197967395333,0.13532176348966685,3.2382140017686006e-05,0.005690530732513972,0.03353192405022912,1.0
0a8ac71748b632f87da5fded013ca670ea8652daa0eca3ea04089ef5c432f285,modern,CRL,4,120,2026-05-31,2026-04-30,2016-05-31,2026-04-30,-3.511913129771558,-3.2372756219261025,-3.225307065789993,ok,[],0.00013770800433121622,,0.08214303591100484,0.28660606398156485,9.808532124171858e-05,0.00990380337252909,0.13692394094547944,0.0
0a8ac71748b632f87da5fded013ca670ea8652daa0eca3ea04089ef5c432f285,modern,CRL,4,120,2026-06-30,2026-05-31,2016-06-30,2026-05-31,-3.0167824583115244,-3.511913129771558,-3.4081889081366175,ok,[],0.0001387499796692282,,0.1531990089646831,0.3914064498250931,0.000251457006333537,0.01585739595058208,0.40480426686373994,1.0
0a8ac71748b632f87da5fded013ca670ea8652daa0eca3ea04089ef5c432f285,modern,CRL,4,120,2026-07-31,2026-06-30,2016-07-31,2026-06-30,-3.371790235714744,-3.0167824583115244,-3.1789923564040823,ok,[],0.000139375013532117,,0.03717102226668848,0.19279787931066172,5.3282012598374915e-05,0.007299452897195441,0.065641131224636,1.0
0a8ac71748b632f87da5fded013ca670ea8652daa0eca3ea04089ef5c432f285,modern,CRL,4,120,2026-08-31,2026-07-31,2016-08-31,2026-07-31,-3.5077496504538077,-3.371790235714744,-3.299774367831538,ok,[],0.00013825000496581197,,0.04325371818181301,0.20797528262226983,4.798640003140485e-05,0.006927221667552212,0.0756634476678571,0.0
0a8ac71748b632f87da5fded013ca670ea8652daa0eca3ea04089ef5c432f285,modern,CRL,0,571,2025-09-30,2025-08-31,1978-02-28,2025-08-31,-3.84430960652608,-3.3885322185760227,-3.45221120968813,ok,[],0.00016379202133975923,,0.15374115280289044,0.3920983968379499,0.00010556218532218967,0.010274345980265102,0.24068300086058314,1.0
0a8ac71748b632f87da5fded013ca670ea8652daa0eca3ea04089ef5c432f285,modern,CRL,0,571,2025-10-31,2025-09-30,1978-03-31,2025-09-30,-3.200563742469265,-3.84430960652608,-3.606056315302943,ok,[],0.00016850000247359276,,0.16442422662327566,0.405492572833678,0.00018442969797236852,0.013580489607240547,0.4391384489919177,1.0
0a8ac71748b632f87da5fded013ca670ea8652daa0eca3ea04089ef5c432f285,modern,CRL,0,571,2025-11-30,2025-10-31,1978-04-30,2025-10-31,-3.187697796475165,-3.200563742469265,-3.3382248336563203,ok,[],0.00016616698121652007,,0.022658388922536923,0.15052703718115534,3.325651363590427e-05,0.005766846073540048,0.05022833493472528,0.0
0a8ac71748b632f87da5fded013ca670ea8652daa0eca3ea04089ef5c432f285,modern,CRL,0,571,2025-12-31,2025-11-30,1978-05-31,2025-11-30,-3.6690396499504754,-3.187697796475165,-3.253296727325113,ok,[],0.00016058300388976932,,0.17284217771307786,0.41574292262536217,0.00017280791119489458,0.013145642289173039,0.2668877109136639,1.0
0a8ac71748b632f87da5fded013ca670ea8652daa0eca3ea04089ef5c432f285,modern,CRL,0,571,2026-01-31,2025-12-31,1978-06-30,2025-12-31,-3.5432590006801346,-3.6690396499504754,-3.442645807312945,ok,[],0.00018933298997581005,,0.010123014679543452,0.10061319336718944,9.369928796485717e-06,0.003061033942393602,0.018953674721665342,1.0
0a8ac71748b632f87da5fded013ca670ea8652daa0eca3ea04089ef5c432f285,modern,CRL,0,571,2026-02-28,2026-01-31,1978-07-31,2026-01-31,-3.319270460859548,-3.5432590006801346,-3.459569103607895,ok,[],0.000178082991624251,,0.019683709157028308,0.14029864274834702,2.242882813922022e-05,0.004735908375298262,0.043323049148148496,1.0
0a8ac71748b632f87da5fded013ca670ea8652daa0eca3ea04089ef5c432f285,modern,CRL,0,571,2026-03-31,2026-02-28,1978-08-31,2026-02-28,-2.9305194230637723,-3.319270460859548,-3.3634212322976933,ok,[],0.00017008298891596496,,0.1874039764380021,0.43290180923392096,0.0003516631979186951,0.018752685085573616,0.5111118333592715,0.0
0a8ac71748b632f87da5fded013ca670ea8652daa0eca3ea04089ef5c432f285,modern,CRL,0,571,2026-04-30,2026-03-31,1978-09-30,2026-03-31,-3.2372756219261025,-2.9305194230637723,-3.127613984815183,ok,[],0.0001623330172151327,,0.012025674653847015,0.10966163711091959,2.0716109412102997e-05,0.004551495294087757,0.022385341143679294,1.0
0a8ac71748b632f87da5fded013ca670ea8652daa0eca3ea04089ef5c432f285,modern,CRL,0,571,2026-05-31,2026-04-30,1978-10-31,2026-04-30,-3.511913129771558,-3.2372756219261025,-3.1983288823422265,ok,[],0.00019591700402088463,,0.09833508023582009,0.31358424742933133,0.00012079344065870798,0.010990606928587155,0.16127046931130834,0.0
0a8ac71748b632f87da5fded013ca670ea8652daa0eca3ea04089ef5c432f285,modern,CRL,0,571,2026-06-30,2026-05-31,1978-11-30,2026-05-31,-3.0167824583115244,-3.511913129771558,-3.357813752273157,ok,[],0.00015974999405443668,,0.11630234346114537,0.34103129396163245,0.00020014353094799218,0.014147209298939215,0.2958906422712685,1.0
0a8ac71748b632f87da5fded013ca670ea8652daa0eca3ea04089ef5c432f285,modern,CRL,0,571,2026-07-31,2026-06-30,1978-12-31,2026-06-30,-3.371790235714744,-3.0167824583115244,-3.1829554652416814,ok,[],0.00015979199088178575,,0.03565857053961424,0.18883477047306263,5.090543871705188e-05,0.0071348047427418695,0.0631265196537304,1.0
0a8ac71748b632f87da5fded013ca670ea8652daa0eca3ea04089ef5c432f285,modern,CRL,0,571,2026-08-31,2026-07-31,1979-01-31,2026-07-31,-3.5077496504538077,-3.371790235714744,-3.292921686258059,ok,[],0.0001577500079292804,,0.04615105420048988,0.21482796419574868,5.1565259953195605e-05,0.007180895484074086,0.08038888333514549,0.0
0a8ac71748b632f87da5fded013ca670ea8652daa0eca3ea04089ef5c432f285,modern,CRL,1,571,2025-09-30,2025-08-31,1978-02-28,2025-08-31,-3.84430960652608,-3.3885322185760227,-3.4546804301658827,ok,[],0.00014529100735671818,,0.15181089507112577,0.38962917636019734,0.00010396307822549725,0.010196228627561137,0.2380044656990088,1.0
0a8ac71748b632f87da5fded013ca670ea8652daa0eca3ea04089ef5c432f285,modern,CRL,1,571,2025-10-31,2025-09-30,1978-03-31,2025-09-30,-3.200563742469265,-3.84430960652608,-3.610889838809715,ok,[],0.00014633301179856062,,0.1683675053379921,0.4103260963404498,0.00018800373163604502,0.013711445278891829,0.4513289312170854,1.0
0a8ac71748b632f87da5fded013ca670ea8652daa0eca3ea04089ef5c432f285,modern,CRL,1,571,2025-11-30,2025-10-31,1978-04-30,2025-10-31,-3.187697796475165,-3.200563742469265,-3.336854998159053,ok,[],0.00014362498768605292,,0.02224787081416805,0.14915720168388802,3.26976248354691e-05,0.00571818370074529,0.04927100330492462,0.0
0a8ac71748b632f87da5fded013ca670ea8652daa0eca3ea04089ef5c432f285,modern,CRL,1,571,2025-12-31,2025-11-30,1978-05-31,2025-11-30,-3.6690396499504754,-3.187697796475165,-3.2485294494637937,ok,[],0.00014691700926050544,,0.17682882871334918,0.42051020048668164,0.0001776974628056464,0.013330321181638738,0.2722906312401139,1.0
0a8ac71748b632f87da5fded013ca670ea8652daa0eca3ea04089ef5c432f285,modern,CRL,1,571,2026-01-31,2025-12-31,1978-06-30,2025-12-31,-3.5432590006801346,-3.6690396499504754,-3.43979692446669,ok,[],0.0001459580089431256,,0.010704401214396576,0.10346207621344439,9.936812478710188e-06,0.0031522710033736294,0.020005470320454022,1.0
0a8ac71748b632f87da5fded013ca670ea8652daa0eca3ea04089ef5c432f285,modern,CRL,1,571,2026-02-28,2026-01-31,1978-07-31,2026-01-31,-3.319270460859548,-3.5432590006801346,-3.4594856936789222,ok,[],0.0002833330072462559,,0.019660311514591376,0.14021523281937442,2.2403992399226346e-05,0.004733285581837034,0.04326903122451331,1.0
0a8ac71748b632f87da5fded013ca670ea8652daa0eca3ea04089ef5c432f285,modern,CRL,1,571,2026-03-31,2026-02-28,1978-08-31,2026-02-28,-2.9305194230637723,-3.319270460859548,-3.3613826423075785,ok,[],0.00018829197506420314,,0.18564311369713624,0.4308632192438062,0.0003490187680745884,0.018682044001516226,0.5055176306262021,0.0
0a8ac71748b632f87da5fded013ca670ea8652daa0eca3ea04089ef5c432f285,modern,CRL,1,571,2026-04-30,2026-03-31,1978-09-30,2026-03-31,-3.2372756219261025,-2.9305194230637723,-3.1224605916101256,ok,[],0.0001723329769447446,,0.013182491186458707,0.11481503031597695,2.2828437317743334e-05,0.004777911397016832,0.024457646768796415,1.0
0a8ac71748b632f87da5fded013ca670ea8652daa0eca3ea04089ef5c432f285,modern,CRL,1,571,2026-05-31,2026-04-30,1978-10-31,2026-04-30,-3.511913129771558,-3.2372756219261025,-3.192879867167727,ok,[],0.00016829100786708295,,0.10178222264764486,0.3190332626038308,0.00012574705761726326,0.011213699550873622,0.166379442091469,0.0
0a8ac71748b632f87da5fded013ca670ea8652daa0eca3ea04089ef5c432f285,modern,CRL,1,571,2026-06-30,2026-05-31,1978-11-30,2026-05-31,-3.0167824583115244,-3.511913129771558,-3.3533764920533042,ok,[],0.0001677919935900718,,0.11329554355056246,0.3365940337417799,0.00019578724014668374,0.013992399370611308,0.28728943538517593,1.0
0a8ac71748b632f87da5fded013ca670ea8652daa0eca3ea04089ef5c432f285,modern,CRL,1,571,2026-07-31,2026-06-30,1978-12-31,2026-06-30,-3.371790235714744,-3.0167824583115244,-3.1781746889988334,ok,[],0.0001638329995330423,,0.03748697993010097,0.19361554671591064,5.3780285784542315e-05,0.007333504331800883,0.06616527299856506,1.0
0a8ac71748b632f87da5fded013ca670ea8652daa0eca3ea04089ef5c432f285,modern,CRL,1,571,2026-08-31,2026-07-31,1979-01-31,2026-07-31,-3.5077496504538077,-3.371790235714744,-3.287731476782106,ok,[],0.0001617079833522439,,0.04840799674583101,0.2200181736717015,5.437864640624606e-05,0.007374187847230776,0.0840493598390058,0.0
0a8ac71748b632f87da5fded013ca670ea8652daa0eca3ea04089ef5c432f285,modern,CRL,2,571,2025-09-30,2025-08-31,1978-02-28,2025-08-31,-3.84430960652608,-3.3885322185760227,-3.453009594200685,ok,[],0.00016566700651310384,,0.1531156996458544,0.39130001232539513,0.00010504337088811814,0.010249066830112785,0.2398157171262585,1.0
0a8ac71748b632f87da5fded013ca670ea8652daa0eca3ea04089ef5c432f285,modern,CRL,2,571,2025-10-31,2025-09-30,1978-03-31,2025-09-30,-3.200563742469265,-3.84430960652608,-3.611208675220849,ok,[],0.0001579590025357902,,0.16862926079455293,0.410644932751584,0.00018824008337869205,0.013720061347482819,0.45214050103244663,1.0
0a8ac71748b632f87da5fded013ca670ea8652daa0eca3ea04089ef5c432f285,modern,CRL,2,571,2025-11-30,2025-10-31,1978-04-30,2025-10-31,-3.187697796475165,-3.200563742469265,-3.3356610231991475,ok,[],0.00016062500071711838,,0.02189311646257266,0.14796322672398254,3.221373207440148e-05,0.005675714234737464,0.048444825875833264,0.0
0a8ac71748b632f87da5fded013ca670ea8652daa0eca3ea04089ef5c432f285,modern,CRL,2,571,2025-12-31,2025-11-30,1978-05-31,2025-11-30,-3.6690396499504754,-3.187697796475165,-3.247988411811182,ok,[],0.00016333299572579563,,0.177284145138632,0.42105123813929346,0.0001782581741807272,0.013351336044783203,0.2729062920725891,1.0
0a8ac71748b632f87da5fded013ca670ea8652daa0eca3ea04089ef5c432f285,modern,CRL,2,571,2026-01-31,2025-12-31,1978-06-30,2025-12-31,-3.5432590006801346,-3.6690396499504754,-3.440592452679632,ok,[],0.0001568750012665987,,0.010540420078339476,0.10266654800050246,9.776675665600984e-06,0.00312676760658687,0.019709101837835696,1.0
0a8ac71748b632f87da5fded013ca670ea8652daa0eca3ea04089ef5c432f285,modern,CRL,2,571,2026-02-28,2026-01-31,1978-07-31,2026-01-31,-3.319270460859548,-3.5432590006801346,-3.4599298330015413,ok,[],0.00016691599739715457,,0.019785058971379825,0.14065937214199353,2.253637169271207e-05,0.00474724885514885,0.04355708895494442,1.0
0a8ac71748b632f87da5fded013ca670ea8652daa0eca3ea04089ef5c432f285,modern,CRL,2,571,2026-03-31,2026-02-28,1978-08-31,2026-02-28,-2.9305194230637723,-3.319270460859548,-3.3606965385670433,ok,[],0.00016549997963011265,,0.18505235070271453,0.430177115503271,0.00034812979946222106,0.01865823677259513,0.5036437157721494,0.0
0a8ac71748b632f87da5fded013ca670ea8652daa0eca3ea04089ef5c432f285,modern,CRL,2,571,2026-04-30,2026-03-31,1978-09-30,2026-03-31,-3.2372756219261025,-2.9305194230637723,-3.122402869169055,ok,[],0.00016116700135171413,,0.013195749325981752,0.11487275275704745,2.285274107675248e-05,0.004780454065959894,0.024481338170270206,1.0
0a8ac71748b632f87da5fded013ca670ea8652daa0eca3ea04089ef5c432f285,modern,CRL,2,571,2026-05-31,2026-04-30,1978-10-31,2026-04-30,-3.511913129771558,-3.2372756219261025,-3.193075294356165,ok,[],0.0006577080057468265,,0.10165756529237303,0.3188378354153927,0.00012556720532431748,0.011205677370168993,0.16619512149020282,0.0
0a8ac71748b632f87da5fded013ca670ea8652daa0eca3ea04089ef5c432f285,modern,CRL,2,571,2026-06-30,2026-05-31,1978-11-30,2026-05-31,-3.0167824583115244,-3.511913129771558,-3.3538693935837074,ok,[],0.00016133300960063934,,0.11362760193119291,0.33708693527218303,0.00019626973172660674,0.0140096299639429,0.28823722996398493,1.0
0a8ac71748b632f87da5fded013ca670ea8652daa0eca3ea04089ef5c432f285,modern,CRL,2,571,2026-07-31,2026-06-30,1978-12-31,2026-06-30,-3.371790235714744,-3.0167824583115244,-3.178240138505359,ok,[],0.00020187502377666533,,0.03746164012976242,0.1935500972093851,5.3740301508355714e-05,0.007330777687827923,0.06612325161641608,1.0
0a8ac71748b632f87da5fded013ca670ea8652daa0eca3ea04089ef5c432f285,modern,CRL,2,571,2026-08-31,2026-07-31,1979-01-31,2026-07-31,-3.5077496504538077,-3.371790235714744,-3.2878857382677644,ok,[],0.0002644580090418458,,0.048340139881752155,0.2198639121860433,5.429373716982026e-05,0.007368428405692781,0.08393956032967109,0.0
0a8ac71748b632f87da5fded013ca670ea8652daa0eca3ea04089ef5c432f285,modern,CRL,3,571,2025-09-30,2025-08-31,1978-02-28,2025-08-31,-3.84430960652608,-3.3885322185760227,-3.4535078204378244,ok,[],0.0001552079920656979,,0.15272603600977067,0.39080178608825555,0.00010472046528938078,0.010233301778477012,0.23927508542417797,1.0
0a8ac71748b632f87da5fded013ca670ea8652daa0eca3ea04089ef5c432f285,modern,CRL,3,571,2025-10-31,2025-09-30,1978-03-31,2025-09-30,-3.200563742469265,-3.84430960652608,-3.6108579510447134,ok,[],0.00016125000547617674,,0.16834133759055356,0.4102942085754484,0.00018798009742799503,0.013710583409468579,0.4512478145670922,1.0
0a8ac71748b632f87da5fded013ca670ea8652daa0eca3ea04089ef5c432f285,modern,CRL,3,571,2025-11-30,2025-10-31,1978-04-30,2025-10-31,-3.187697796475165,-3.200563742469265,-3.33652343512147,ok,[],0.00016075000166893005,,0.022149070718480598,0.14882563864630516,3.2562945614201936e-05,0.005706395150548368,0.0490408065839682,0.0
0a8ac71748b632f87da5fded013ca670ea8652daa0eca3ea04089ef5c432f285,modern,CRL,3,571,2025-12-31,2025-11-30,1978-05-31,2025-11-30,-3.6690396499504754,-3.187697796475165,-3.2489463093276667,ok,[],0.00015700000221841037,,0.17647841483563115,0.4200933406228087,0.00017726625357357366,0.013314137357469828,0.2718166199385007,1.0
0a8ac71748b632f87da5fded013ca670ea8652daa0eca3ea04089ef5c432f285,modern,CRL,3,571,2026-01-31,2025-12-31,1978-06-30,2025-12-31,-3.5432590006801346,-3.6690396499504754,-3.440554225217897,ok,[],0.00015312500181607902,,0.010548270902748656,0.10270477546223766,9.784338053166553e-06,0.0031279926555486913,0.01972329608620163,1.0
0a8ac71748b632f87da5fded013ca670ea8652daa0eca3ea04089ef5c432f285,modern,CRL,3,571,2026-02-28,2026-01-31,1978-07-31,2026-01-31,-3.319270460859548,-3.5432590006801346,-3.459416245128005,ok,[],0.000159624993102625,,0.01964084084822096,0.14014578426845725,2.2383322649307824e-05,0.004731101631682395,0.043224083070615926,1.0
0a8ac71748b632f87da5fded013ca670ea8652daa0eca3ea04089ef5c432f285,modern,CRL,3,571,2026-03-31,2026-02-28,1978-08-31,2026-02-28,-2.9305194230637723,-3.319270460859548,-3.361420127082192,ok,[],0.00015270800213329494,,0.18567541672356985,0.43090070401841984,0.0003490673512984332,0.018683344221483295,0.505620138950382,0.0
0a8ac71748b632f87da5fded013ca670ea8652daa0eca3ea04089ef5c432f285,modern,CRL,3,571,2026-04-30,2026-03-31,1978-09-30,2026-03-31,-3.2372756219261025,-2.9305194230637723,-3.1231185224937796,ok,[],0.00015658399206586182,,0.013031843350801254,0.11415709943232288,2.2552430762235584e-05,0.00474893996195315,0.02418835665448915,1.0
0a8ac71748b632f87da5fded013ca670ea8652daa0eca3ea04089ef5c432f285,modern,CRL,3,571,2026-05-31,2026-04-30,1978-10-31,2026-04-30,-3.511913129771558,-3.2372756219261025,-3.193701405537994,ok,[],0.00016208298620767891,,0.10125870143969752,0.3182117242335636,0.00012499209587339254,0.011179986398622877,0.16560513755063522,0.0
0a8ac71748b632f87da5fded013ca670ea8652daa0eca3ea04089ef5c432f285,modern,CRL,3,571,2026-06-30,2026-05-31,1978-11-30,2026-05-31,-3.0167824583115244,-3.511913129771558,-3.3540666112473314,ok,[],0.00015791700570844114,,0.11376059982162488,0.33728415293580705,0.00019646288384872566,0.014016521817081642,0.28861699157663534,1.0
0a8ac71748b632f87da5fded013ca670ea8652daa0eca3ea04089ef5c432f285,modern,CRL,3,571,2026-07-31,2026-06-30,1978-12-31,2026-06-30,-3.371790235714744,-3.0167824583115244,-3.178927881389207,ok,[],0.00016341701848432422,,0.037195887715989064,0.19286235432553722,5.332120363559506e-05,0.007302136922545006,0.06568239503704942,1.0
0a8ac71748b632f87da5fded013ca670ea8652daa0eca3ea04089ef5c432f285,modern,CRL,3,571,2026-08-31,2026-07-31,1979-01-31,2026-07-31,-3.5077496504538077,-3.371790235714744,-3.288590175820933,ok,[],0.0001565830025356263,,0.048030875321357636,0.21915947463287466,5.3907006748170007e-05,0.0073421391125590915,0.08343893875899822,0.0
0a8ac71748b632f87da5fded013ca670ea8652daa0eca3ea04089ef5c432f285,modern,CRL,4,571,2025-09-30,2025-08-31,1978-02-28,2025-08-31,-3.84430960652608,-3.3885322185760227,-3.4531034281805795,ok,[],0.00015391700435429811,,0.15304227397569156,0.39120617834550053,0.00010498250581542861,0.01024609710160062,0.23971386195456335,1.0
0a8ac71748b632f87da5fded013ca670ea8652daa0eca3ea04089ef5c432f285,modern,CRL,4,571,2025-10-31,2025-09-30,1978-03-31,2025-09-30,-3.200563742469265,-3.84430960652608,-3.611918441576593,ok,[],0.0001514590112492442,,0.1692126884776802,0.4113546991073278,0.00018876649158131758,0.01373923184102072,0.45395046874198375,1.0
0a8ac71748b632f87da5fded013ca670ea8652daa0eca3ea04089ef5c432f285,modern,CRL,4,571,2025-11-30,2025-10-31,1978-04-30,2025-10-31,-3.187697796475165,-3.200563742469265,-3.335563604046117,ok,[],0.00014916702639311552,,0.021864297048609878,0.14786580757095225,3.2174383938331195e-05,0.005672246815709908,0.04837775467494482,0.0
0a8ac71748b632f87da5fded013ca670ea8652daa0eca3ea04089ef5c432f285,modern,CRL,4,571,2025-12-31,2025-11-30,1978-05-31,2025-11-30,-3.6690396499504754,-3.187697796475165,-3.2476773886223964,ok,[],0.00014829199062660336,,0.17754615527151232,0.42136226132807897,0.0001785810444887369,0.013363421885457964,0.27326044182780185,1.0
0a8ac71748b632f87da5fded013ca670ea8652daa0eca3ea04089ef5c432f285,modern,CRL,4,571,2026-01-31,2025-12-31,1978-06-30,2025-12-31,-3.5432590006801346,-3.6690396499504754,-3.4403693580192427,ok,[],0.00014812502195127308,,0.010586278566886015,0.10288964266089184,9.821439695173288e-06,0.0031339176273752455,0.019792006334643092,1.0
0a8ac71748b632f87da5fded013ca670ea8652daa0eca3ea04089ef5c432f285,modern,CRL,4,571,2026-02-28,2026-01-31,1978-07-31,2026-01-31,-3.319270460859548,-3.5432590006801346,-3.4597763856681354,ok,[],0.00014733299030922353,,0.01974191490631647,0.1405059248085876,2.2490598043770857e-05,0.004742425333494546,0.04345744867924095,1.0
0a8ac71748b632f87da5fded013ca670ea8652daa0eca3ea04089ef5c432f285,modern,CRL,4,571,2026-03-31,2026-02-28,1978-08-31,2026-02-28,-2.9305194230637723,-3.319270460859548,-3.360586948845988,ok,[],0.00014654098777100444,,0.1849580767324368,0.43006752578221574,0.00034798785515599106,0.018654432587350146,0.503344812241777,0.0
0a8ac71748b632f87da5fded013ca670ea8652daa0eca3ea04089ef5c432f285,modern,CRL,4,571,2026-04-30,2026-03-31,1978-09-30,2026-03-31,-3.2372756219261025,-2.9305194230637723,-3.1220297727081343,ok,[],0.0001477499899920076,,0.013281605761970664,0.11524584921796821,2.301017742746873e-05,0.0047968924761212575,0.024634726040023175,1.0
0a8ac71748b632f87da5fded013ca670ea8652daa0eca3ea04089ef5c432f285,modern,CRL,4,571,2026-05-31,2026-04-30,1978-10-31,2026-04-30,-3.511913129771558,-3.2372756219261025,-3.1926943684847267,ok,[],0.00014474999625235796,,0.10190061755749888,0.31921876128683113,0.00012591792429356342,0.011221315622223779,0.1665544731106286,0.0
0a8ac71748b632f87da5fded013ca670ea8652daa0eca3ea04089ef5c432f285,modern,CRL,4,571,2026-06-30,2026-05-31,1978-11-30,2026-05-31,-3.0167824583115244,-3.511913129771558,-3.353489092993054,ok,[],0.00014966700109653175,,0.11337135783856096,0.3367066346815295,0.00019589743160727506,0.01399633636375159,0.2875057864414481,1.0
0a8ac71748b632f87da5fded013ca670ea8652daa0eca3ea04089ef5c432f285,modern,CRL,4,571,2026-07-31,2026-06-30,1978-12-31,2026-06-30,-3.371790235714744,-3.0167824583115244,-3.17798963830813,ok,[],0.00015033301315270364,,0.037558671555160454,0.19380059740661393,5.3893431198315756e-05,0.007341214558798548,0.06628414639500962,1.0
0a8ac71748b632f87da5fded013ca670ea8652daa0eca3ea04089ef5c432f285,modern,CRL,4,571,2026-08-31,2026-07-31,1979-01-31,2026-07-31,-3.5077496504538077,-3.371790235714744,-3.287600679982771,ok,[],0.00015454099047929049,,0.048465569199457464,0.22014897047103688,5.445070235984271e-05,0.007379071917242894,0.08414250578952082,0.0
0a8ac71748b632f87da5fded013ca670ea8652daa0eca3ea04089ef5c432f285,modern,CRLX,0,120,2025-09-30,2025-08-31,2015-09-30,2025-08-31,-3.84430960652608,-3.3885322185760227,-3.236955234543429,ok,[],0.0001210409973282367,,0.3688793331664402,0.6073543719826509,0.00031977128874457144,0.01788215000341322,0.5115051894277542,0.0
0a8ac71748b632f87da5fded013ca670ea8652daa0eca3ea04089ef5c432f285,modern,CRLX,0,120,2025-10-31,2025-09-30,2015-10-31,2025-09-30,-3.200563742469265,-3.84430960652608,-3.270963151823661,ok,[],0.00012504099868237972,,0.004956076837447793,0.07039940935439581,7.669533879331954e-06,0.0027693923303374612,0.010394207478309186,1.0
0a8ac71748b632f87da5fded013ca670ea8652daa0eca3ea04089ef5c432f285,modern,CRLX,0,120,2025-11-30,2025-10-31,2015-11-30,2025-10-31,-3.187697796475165,-3.200563742469265,-3.3087435441285646,ok,[],0.00011879100929945707,,0.01465207302497052,0.1210457476533997,2.2134038434256386e-05,0.004704682607175152,0.031819249031743824,0.0
0a8ac71748b632f87da5fded013ca670ea8652daa0eca3ea04089ef5c432f285,modern,CRLX,0,120,2025-12-31,2025-11-30,2015-12-31,2025-11-30,-3.6690396499504754,-3.187697796475165,-3.3229090743876135,ok,[],0.00012137502199038863,,0.11980637533947802,0.34613057556286186,0.000111236367165194,0.010546865276715826,0.19270436216285158,1.0
0a8ac71748b632f87da5fded013ca670ea8652daa0eca3ea04089ef5c432f285,modern,CRLX,0,120,2026-01-31,2025-12-31,2016-01-31,2025-12-31,-3.5432590006801346,-3.6690396499504754,-3.299015805694048,ok,[],0.00012008400517515838,,0.05965473829701141,0.24424319498608638,6.40089432707507e-05,0.008000558934896405,0.10204076373256599,1.0
0a8ac71748b632f87da5fded013ca670ea8652daa0eca3ea04089ef5c432f285,modern,CRLX,0,120,2026-02-28,2026-01-31,2016-02-29,2026-01-31,-3.319270460859548,-3.5432590006801346,-3.7078956805959136,ok,[],0.00011941700358875096,,0.15102956141513857,0.38862521973636577,0.0001357255348625568,0.011650130250883756,0.3982319744962368,0.0
0a8ac71748b632f87da5fded013ca670ea8652daa0eca3ea04089ef5c432f285,modern,CRLX,0,120,2026-03-31,2026-02-28,2016-03-31,2026-02-28,-2.9305194230637723,-3.319270460859548,-3.58376790290152,ok,[],0.00011920800898224115,,0.4267335764103284,0.6532484798377478,0.0006552804752202126,0.025598446734523026,1.3867165898106886,0.0
0a8ac71748b632f87da5fded013ca670ea8652daa0eca3ea04089ef5c432f285,modern,CRLX,0,120,2026-04-30,2026-03-31,2016-04-30,2026-03-31,-3.2372756219261025,-2.9305194230637723,-3.1553848256352506,ok,[],0.00011904200073331594,,0.00670610251714981,0.08189079629085194,1.1230929979350966e-05,0.003351257969681082,0.012709006260443995,1.0
0a8ac71748b632f87da5fded013ca670ea8652daa0eca3ea04089ef5c432f285,modern,CRLX,0,120,2026-05-31,2026-04-30,2016-05-31,2026-04-30,-3.511913129771558,-3.2372756219261025,-3.5352826381164224,ok,[],0.0001178750244434923,,0.0005461339202806971,0.02336950834486462,4.750733641527744e-07,0.000689255659499996,0.0011094857303182853,1.0
0a8ac71748b632f87da5fded013ca670ea8652daa0eca3ea04089ef5c432f285,modern,CRLX,0,120,2026-06-30,2026-05-31,2016-06-30,2026-05-31,-3.0167824583115244,-3.511913129771558,-3.337953734780282,ok,[],0.00020404101815074682,,0.10315098882857124,0.32117127646875776,0.00018087414366027552,0.01344894581966466,0.25858614080861764,1.0
0a8ac71748b632f87da5fded013ca670ea8652daa0eca3ea04089ef5c432f285,modern,CRLX,0,120,2026-07-31,2026-06-30,2016-07-31,2026-06-30,-3.371790235714744,-3.0167824583115244,-3.165143786827909,ok,[],0.00013399997260421515,,0.04270275483753928,0.20664644888683492,6.209354188484489e-05,0.007879945550880722,0.07476140957089367,1.0
0a8ac71748b632f87da5fded013ca670ea8652daa0eca3ea04089ef5c432f285,modern,CRLX,0,120,2026-08-31,2026-07-31,2016-08-31,2026-07-31,-3.5077496504538077,-3.371790235714744,-3.242680782707163,ok,[],0.00012675000471062958,,0.07026150464848818,0.2650688677466446,8.271497061652123e-05,0.009094777106478269,0.11866163895876886,0.0
0a8ac71748b632f87da5fded013ca670ea8652daa0eca3ea04089ef5c432f285,modern,CRLX,1,120,2025-09-30,2025-08-31,2015-09-30,2025-08-31,-3.84430960652608,-3.3885322185760227,-3.3088845649606826,ok,[],0.0001255410024896264,,0.2866799751353075,0.5354250415653974,0.00022969694621458443,0.01515575620728258,0.4135671386960792,0.0
0a8ac71748b632f87da5fded013ca670ea8652daa0eca3ea04089ef5c432f285,modern,CRLX,1,120,2025-10-31,2025-09-30,2015-10-31,2025-09-30,-3.200563742469265,-3.84430960652608,-3.446605833369757,ok,[],0.0001272499794140458,,0.06053671049468603,0.24604209090049212,7.895498284064243e-05,0.008885661643380442,0.14363762961657944,1.0
0a8ac71748b632f87da5fded013ca670ea8652daa0eca3ea04089ef5c432f285,modern,CRLX,1,120,2025-11-30,2025-10-31,2015-11-30,2025-10-31,-3.187697796475165,-3.200563742469265,-3.4752751057339113,ok,[],0.0001252919901162386,,0.08270070880050065,0.28757730925874636,0.00010636722905677374,0.010313448940910783,0.20225070692793146,0.0
0a8ac71748b632f87da5fded013ca670ea8652daa0eca3ea04089ef5c432f285,modern,CRLX,1,120,2025-12-31,2025-11-30,2015-12-31,2025-11-30,-3.6690396499504754,-3.187697796475165,-3.3130627813366686,ok,[],0.0001232089998666197,,0.1267195309880914,0.35597686861380673,0.00011888752838956866,0.010903555768168871,0.20263832883134425,1.0
0a8ac71748b632f87da5fded013ca670ea8652daa0eca3ea04089ef5c432f285,modern,CRLX,1,120,2026-01-31,2025-12-31,2016-01-31,2025-12-31,-3.5432590006801346,-3.6690396499504754,-3.414913124352876,ok,[],0.00012841701391153038,,0.016472663970211982,0.1283458763272587,1.5684264764849504e-05,0.003960336445915865,0.030298391864057556,1.0
0a8ac71748b632f87da5fded013ca670ea8652daa0eca3ea04089ef5c432f285,modern,CRLX,1,120,2026-02-28,2026-01-31,2016-02-29,2026-01-31,-3.319270460859548,-3.5432590006801346,-3.741576130761267,ok,[],0.0001204590080305934,,0.17834207883113978,0.42230566990171914,0.00015531448538198684,0.012462523234962768,0.48246185825739674,0.0
0a8ac71748b632f87da5fded013ca670ea8652daa0eca3ea04089ef5c432f285,modern,CRLX,1,120,2026-03-31,2026-02-28,2016-03-31,2026-02-28,-2.9305194230637723,-3.319270460859548,-3.3459979184570203,ok,[],0.00011916700168512762,,0.1726223801342372,0.415478495393248,0.0003292143090257875,0.018144263805009768,0.4645574848643086,0.0
0a8ac71748b632f87da5fded013ca670ea8652daa0eca3ea04089ef5c432f285,modern,CRLX,1,120,2026-04-30,2026-03-31,2016-04-30,2026-03-31,-3.2372756219261025,-2.9305194230637723,-2.861551722421841,ok,[],0.00012091701501049101,,0.14116844865868844,0.37572389950426155,0.00032074038048682355,0.017909226127524984,0.22313095475294054,0.0
0a8ac71748b632f87da5fded013ca670ea8652daa0eca3ea04089ef5c432f285,modern,CRLX,1,120,2026-05-31,2026-04-30,2016-05-31,2026-04-30,-3.511913129771558,-3.2372756219261025,-3.553631388320442,ok,[],0.00011633301619440317,,0.0017404130963515332,0.041718258548884,1.4865801639043068e-06,0.001219253937415954,0.0035796890611423104,1.0
0a8ac71748b632f87da5fded013ca670ea8652daa0eca3ea04089ef5c432f285,modern,CRLX,1,120,2026-06-30,2026-05-31,2016-06-30,2026-05-31,-3.0167824583115244,-3.511913129771558,-3.5357075761627397,ok,[],0.00012620899360626936,,0.2692832779368977,0.5189251178512153,0.0003928466289522505,0.019820358951145423,0.785291161833523,0.0
0a8ac71748b632f87da5fded013ca670ea8652daa0eca3ea04089ef5c432f285,modern,CRLX,1,120,2026-07-31,2026-06-30,2016-07-31,2026-06-30,-3.371790235714744,-3.0167824583115244,-3.2043459219989012,ok,[],0.0001238750119227916,,0.028037598195769578,0.16744431371584279,3.915395520421158e-05,0.006257312138946848,0.05030638726077319,1.0
0a8ac71748b632f87da5fded013ca670ea8652daa0eca3ea04089ef5c432f285,modern,CRLX,1,120,2026-08-31,2026-07-31,2016-08-31,2026-07-31,-3.5077496504538077,-3.371790235714744,-3.2212223022428343,ok,[],0.00011925000580959022,,0.08209792127281239,0.28652734821097336,9.884301078885821e-05,0.009941982236398243,0.13685526240987528,0.0
0a8ac71748b632f87da5fded013ca670ea8652daa0eca3ea04089ef5c432f285,modern,CRLX,2,120,2025-09-30,2025-08-31,2015-09-30,2025-08-31,-3.84430960652608,-3.3885322185760227,-3.2783850121569835,ok,[],0.00011595900286920369,,0.3202706465118264,0.5659245943690965,0.0002652957968550783,0.016287903390402286,0.454285647666273,0.0
0a8ac71748b632f87da5fded013ca670ea8652daa0eca3ea04089ef5c432f285,modern,CRLX,2,120,2025-10-31,2025-09-30,2015-10-31,2025-09-30,-3.200563742469265,-3.84430960652608,-3.4798392379712464,ok,[],0.00017483398551121354,,0.07799480238787722,0.2792754955019814,9.854268796084474e-05,0.009926866976082874,0.18958660608240108,1.0
0a8ac71748b632f87da5fded013ca670ea8652daa0eca3ea04089ef5c432f285,modern,CRLX,2,120,2025-11-30,2025-10-31,2015-11-30,2025-10-31,-3.187697796475165,-3.200563742469265,-3.3990573774261406,ok,[],0.00012954100384376943,,0.044672872459772014,0.21135958095097562,6.181140515401443e-05,0.007862022968296037,0.10338648526949346,0.0
0a8ac71748b632f87da5fded013ca670ea8652daa0eca3ea04089ef5c432f285,modern,CRLX,2,120,2025-12-31,2025-11-30,2015-12-31,2025-11-30,-3.6690396499504754,-3.187697796475165,-3.286165936192597,ok,[],0.00012087498907931149,,0.14659228068674995,0.3828737137578786,0.0001415150341977062,0.01189600917105002,0.2307336850525774,1.0
0a8ac71748b632f87da5fded013ca670ea8652daa0eca3ea04089ef5c432f285,modern,CRLX,2,120,2026-01-31,2025-12-31,2016-01-31,2025-12-31,-3.5432590006801346,-3.6690396499504754,-3.3729125373023665,ok,[],0.00012058299034833908,,0.029017917585313267,0.17034646337776804,2.884436932757325e-05,0.005370695423087522,0.05197021565561183,1.0
0a8ac71748b632f87da5fded013ca670ea8652daa0eca3ea04089ef5c432f285,modern,CRLX,2,120,2026-02-28,2026-01-31,2016-02-29,2026-01-31,-3.319270460859548,-3.5432590006801346,-3.7310210389180516,ok,[],0.00012191702262498438,,0.16953853853151202,0.4117505780585038,0.00014910523780085723,0.012210865563130946,0.45496198806555577,0.0
0a8ac71748b632f87da5fded013ca670ea8652daa0eca3ea04089ef5c432f285,modern,CRLX,2,120,2026-03-31,2026-02-28,2016-03-31,2026-02-28,-2.9305194230637723,-3.319270460859548,-3.372667481911231,ok,[],0.00012487501953728497,,0.19549490594257557,0.44214805884745845,0.00036371386752781233,0.01907128384581941,0.5369833780453384,0.0
0a8ac71748b632f87da5fded013ca670ea8652daa0eca3ea04089ef5c432f285,modern,CRLX,2,120,2026-04-30,2026-03-31,2016-04-30,2026-03-31,-3.2372756219261025,-2.9305194230637723,-2.8896867857030344,ok,[],0.0001192079798784107,,0.12081799906690688,0.34758883622306813,0.00026643656728766606,0.016322884772235147,0.19416345653009393,0.0
0a8ac71748b632f87da5fded013ca670ea8652daa0eca3ea04089ef5c432f285,modern,CRLX,2,120,2026-05-31,2026-04-30,2016-05-31,2026-04-30,-3.511913129771558,-3.2372756219261025,-3.4943862447626834,ok,[],0.0001204590080305934,,0.000307191698114304,0.017526885008874338,2.7837064476083636e-07,0.0005276084199108619,0.0006072670508060901,1.0
0a8ac71748b632f87da5fded013ca670ea8652daa0eca3ea04089ef5c432f285,modern,CRLX,2,120,2026-06-30,2026-05-31,2016-06-30,2026-05-31,-3.0167824583115244,-3.511913129771558,-3.4647780088213933,ok,[],0.0001172090123873204,,0.20070001327664053,0.44799555050986894,0.000312530870882697,0.017678542668520418,0.5537714478223517,1.0
0a8ac71748b632f87da5fded013ca670ea8652daa0eca3ea04089ef5c432f285,modern,CRLX,2,120,2026-07-31,2026-06-30,2016-07-31,2026-06-30,-3.371790235714744,-3.0167824583115244,-3.2039551188145587,ok,[],0.00011837499914690852,,0.028168626464898854,0.16783511690018527,3.935273910175844e-05,0.0062731761573989325,0.05052903702258327,1.0
0a8ac71748b632f87da5fded013ca670ea8652daa0eca3ea04089ef5c432f285,modern,CRLX,2,120,2026-08-31,2026-07-31,2016-08-31,2026-07-31,-3.5077496504538077,-3.371790235714744,-3.200173378015395,ok,[],0.00011875000200234354,,0.09460316336710872,0.3075762724384128,0.00011644284555897003,0.010790868619298913,0.15571097447738091,0.0
0a8ac71748b632f87da5fded013ca670ea8652daa0eca3ea04089ef5c432f285,modern,CRLX,3,120,2025-09-30,2025-08-31,2015-09-30,2025-08-31,-3.84430960652608,-3.3885322185760227,-3.2929097321492966,ok,[],0.00011787499533966184,,0.3040418214627325,0.5513998743767834,0.00024788728178823263,0.015744436534478858,0.4347401804537665,0.0
0a8ac71748b632f87da5fded013ca670ea8652daa0eca3ea04089ef5c432f285,modern,CRLX,3,120,2025-10-31,2025-09-30,2015-10-31,2025-09-30,-3.200563742469265,-3.84430960652608,-3.447601893240427,ok,[],0.00012045798939652741,,0.06102784793643541,0.2470381507711621,7.95195574390328e-05,0.008917373909343086,0.14490731145805147,1.0
0a8ac71748b632f87da5fded013ca670ea8652daa0eca3ea04089ef5c432f285,modern,CRLX,3,120,2025-11-30,2025-10-31,2015-11-30,2025-10-31,-3.187697796475165,-3.200563742469265,-3.453136628200287,ok,[],0.00011624998296611011,,0.07045777338759772,0.26543883172512217,9.255494453749654e-05,0.009620548037273996,0.16954639048943598,0.0
0a8ac71748b632f87da5fded013ca670ea8652daa0eca3ea04089ef5c432f285,modern,CRLX,3,120,2025-12-31,2025-11-30,2015-12-31,2025-11-30,-3.6690396499504754,-3.187697796475165,-3.100439888087834,ok,[],0.00012620800407603383,,0.3233056891902524,0.5685997618626413,0.00038136005148680166,0.019528442116226313,0.4579154464130174,0.0
0a8ac71748b632f87da5fded013ca670ea8652daa0eca3ea04089ef5c432f285,modern,CRLX,3,120,2026-01-31,2025-12-31,2016-01-31,2025-12-31,-3.5432590006801346,-3.6690396499504754,-3.3746231248832332,ok,[],0.0001250829955097288,,0.028438058605787925,0.1686358757969013,2.8218301874497194e-05,0.005312090160614482,0.050986611989763175,1.0
0a8ac71748b632f87da5fded013ca670ea8652daa0eca3ea04089ef5c432f285,modern,CRLX,3,120,2026-02-28,2026-01-31,2016-02-29,2026-01-31,-3.319270460859548,-3.5432590006801346,-3.624058136489695,ok,[],0.00011883399565704167,,0.09289552721602776,0.3047876756301471,9.034516396738244e-05,0.009505007310222462,0.2300746765631737,0.0
0a8ac71748b632f87da5fded013ca670ea8652daa0eca3ea04089ef5c432f285,modern,CRLX,3,120,2026-03-31,2026-02-28,2016-03-31,2026-02-28,-2.9305194230637723,-3.319270460859548,-3.3858657103329133,ok,[],0.00012058299034833908,,0.20734024132979104,0.45534628726914095,0.000381068772687817,0.0195209828822172,0.5753511333300505,0.0
0a8ac71748b632f87da5fded013ca670ea8652daa0eca3ea04089ef5c432f285,modern,CRLX,3,120,2026-04-30,2026-03-31,2016-04-30,2026-03-31,-3.2372756219261025,-2.9305194230637723,-3.0802076845080415,ok,[],0.00011895800707861781,,0.024670336964763933,0.15706793741806102,4.4608704172651366e-05,0.006678974784549749,0.044555650585416884,1.0
0a8ac71748b632f87da5fded013ca670ea8652daa0eca3ea04089ef5c432f285,modern,CRLX,3,120,2026-05-31,2026-04-30,2016-05-31,2026-04-30,-3.511913129771558,-3.2372756219261025,-3.6331373664448425,ok,[],0.00012391700875014067,,0.014695315557020555,0.12122423667328475,1.16052550359708e-05,0.0034066486516767178,0.03191711033132749,1.0
0a8ac71748b632f87da5fded013ca670ea8652daa0eca3ea04089ef5c432f285,modern,CRLX,3,120,2026-06-30,2026-05-31,2016-06-30,2026-05-31,-3.0167824583115244,-3.511913129771558,-3.347288994841137,ok,[],0.00012154097203165293,,0.10923457068880008,0.3305065365296125,0.00018985792502556432,0.013778894187327383,0.2757403405225022,1.0
0a8ac71748b632f87da5fded013ca670ea8652daa0eca3ea04089ef5c432f285,modern,CRLX,3,120,2026-07-31,2026-06-30,2016-07-31,2026-06-30,-3.371790235714744,-3.0167824583115244,-3.117563562660699,ok,[],0.00011754198931157589,,0.06463120129212829,0.254226673054045,9.87391774681254e-05,0.0099367589015798,0.10987840234905544,1.0
0a8ac71748b632f87da5fded013ca670ea8652daa0eca3ea04089ef5c432f285,modern,CRLX,3,120,2026-08-31,2026-07-31,2016-08-31,2026-07-31,-3.5077496504538077,-3.371790235714744,-3.3552472996862166,ok,[],0.0001206250162795186,,0.023256966989641397,0.1525023507675911,2.4368730573553572e-05,0.004936469444203374,0.04212461032347847,0.0
0a8ac71748b632f87da5fded013ca670ea8652daa0eca3ea04089ef5c432f285,modern,CRLX,4,120,2025-09-30,2025-08-31,2015-09-30,2025-08-31,-3.84430960652608,-3.3885322185760227,-3.2217329133775645,ok,[],0.00016479199985042214,,0.3876017388517408,0.6225766931485155,0.00034168442511724433,0.01848470787210997,0.5330501316252103,0.0
0a8ac71748b632f87da5fded013ca670ea8652daa0eca3ea04089ef5c432f285,modern,CRLX,4,120,2025-10-31,2025-09-30,2015-10-31,2025-09-30,-3.200563742469265,-3.84430960652608,-3.3209775532235053,ok,[],0.00014562500291503966,,0.014499485820357995,0.12041381075424029,2.1360326850064143e-05,0.004621723363645226,0.03147407744823316,1.0
0a8ac71748b632f87da5fded013ca670ea8652daa0eca3ea04089ef5c432f285,modern,CRLX,4,120,2025-11-30,2025-10-31,2015-11-30,2025-10-31,-3.187697796475165,-3.200563742469265,-3.3825979653551075,ok,[],0.00012799998512491584,,0.03798607582943012,0.19490016887994255,5.3401759190537604e-05,0.007307650729922552,0.08688558826681209,0.0
0a8ac71748b632f87da5fded013ca670ea8652daa0eca3ea04089ef5c432f285,modern,CRLX,4,120,2025-12-31,2025-11-30,2015-12-31,2025-11-30,-3.6690396499504754,-3.187697796475165,-3.2587571840176768,ok,[],0.00012054198305122554,,0.16833170185189805,0.4102824659327986,0.0001673191238796898,0.012935189363889876,0.2607478427635591,1.0
0a8ac71748b632f87da5fded013ca670ea8652daa0eca3ea04089ef5c432f285,modern,CRLX,4,120,2026-01-31,2025-12-31,2016-01-31,2025-12-31,-3.5432590006801346,-3.6690396499504754,-3.341917198763341,ok,[],0.0001236249809153378,,0.04053852119910136,0.20134180191679363,4.1604519863303674e-05,0.006450156576650188,0.07120718799807302,1.0
0a8ac71748b632f87da5fded013ca670ea8652daa0eca3ea04089ef5c432f285,modern,CRLX,4,120,2026-02-28,2026-01-31,2016-02-29,2026-01-31,-3.319270460859548,-3.5432590006801346,-3.66891537992231,ok,[],0.0001262500009033829,,0.12225156942640568,0.3496449190627624,0.00011395773982916071,0.010675099054770439,0.31303328662513885,0.0
0a8ac71748b632f87da5fded013ca670ea8652daa0eca3ea04089ef5c432f285,modern,CRLX,4,120,2026-03-31,2026-02-28,2016-03-31,2026-02-28,-2.9305194230637723,-3.319270460859548,-3.546968518338538,ok,[],0.00012316700303927064,,0.3800094870650771,0.6164490952747657,0.0006030688269171585,0.0245574597000007,1.1982611030639894,0.0
0a8ac71748b632f87da5fded013ca670ea8652daa0eca3ea04089ef5c432f285,modern,CRLX,4,120,2026-04-30,2026-03-31,2016-04-30,2026-03-31,-3.2372756219261025,-2.9305194230637723,-3.096053806152127,ok,[],0.0001185830042231828,,0.01994360125049862,0.1412218157739753,3.548094862980739e-05,0.005956588673880998,0.036382770691722965,1.0
0a8ac71748b632f87da5fded013ca670ea8652daa0eca3ea04089ef5c432f285,modern,CRLX,4,120,2026-05-31,2026-04-30,2016-05-31,2026-04-30,-3.511913129771558,-3.2372756219261025,-3.4240132099843312,ok,[],0.00012083401088602841,,0.007726395898600863,0.08789991978722655,7.516610232699799e-06,0.0027416437100213804,0.01458569784434166,1.0
0a8ac71748b632f87da5fded013ca670ea8652daa0eca3ea04089ef5c432f285,modern,CRLX,4,120,2026-06-30,2026-05-31,2016-06-30,2026-05-31,-3.0167824583115244,-3.511913129771558,-3.3500118763878812,ok,[],0.00012108299415558577,,0.11104184507150743,0.33322941807635686,0.00019250324228580214,0.013874553768889367,0.28087044839699926,1.0
0a8ac71748b632f87da5fded013ca670ea8652daa0eca3ea04089ef5c432f285,modern,CRLX,4,120,2026-07-31,2026-06-30,2016-07-31,2026-06-30,-3.371790235714744,-3.0167824583115244,-3.1557022870410876,ok,[],0.00012270899605937302,,0.04669400156198878,0.21608794867365644,6.856403459716368e-05,0.008280340246461113,0.08127108986789094,1.0
0a8ac71748b632f87da5fded013ca670ea8652daa0eca3ea04089ef5c432f285,modern,CRLX,4,120,2026-08-31,2026-07-31,2016-08-31,2026-07-31,-3.5077496504538077,-3.371790235714744,-3.2579978034722368,ok,[],0.00012629199773073196,,0.062375985070706026,0.24975184698157094,7.226814744977492e-05,0.008501067430021651,0.1063354532163095,0.0
0a8ac71748b632f87da5fded013ca670ea8652daa0eca3ea04089ef5c432f285,modern,CRLX,0,571,2025-09-30,2025-08-31,1978-02-28,2025-08-31,-3.84430960652608,-3.3885322185760227,-3.290595560608711,ok,[],0.00012825001613236964,,0.30659924464618205,0.5537140459173688,0.0002506046474650698,0.015830497385270932,0.43783573919662877,0.0
0a8ac71748b632f87da5fded013ca670ea8652daa0eca3ea04089ef5c432f285,modern,CRLX,0,571,2025-10-31,2025-09-30,1978-03-31,2025-09-30,-3.200563742469265,-3.84430960652608,-3.404732561453587,ok,[],0.0001305839978158474,,0.04168490664545277,0.20416881898432182,5.6603488847541053e-05,0.007523529015531279,0.09597735132280072,1.0
0a8ac71748b632f87da5fded013ca670ea8652daa0eca3ea04089ef5c432f285,modern,CRLX,0,571,2025-11-30,2025-10-31,1978-04-30,2025-10-31,-3.187697796475165,-3.200563742469265,-3.2607270729413385,ok,[],0.00012525002239271998,,0.005333275221172806,0.07302927646617352,8.446400437619927e-06,0.002906269161247789,0.01120539433229134,0.0
0a8ac71748b632f87da5fded013ca670ea8652daa0eca3ea04089ef5c432f285,modern,CRLX,0,571,2025-12-31,2025-11-30,1978-05-31,2025-11-30,-3.6690396499504754,-3.187697796475165,-3.2933229642332575,ok,[],0.00012737498036585748,,0.14116302792633065,0.37571668571721784,0.00013524093508514754,0.011629313611952664,0.2231233324716202,1.0
0a8ac71748b632f87da5fded013ca670ea8652daa0eca3ea04089ef5c432f285,modern,CRLX,0,571,2026-01-31,2025-12-31,1978-06-30,2025-12-31,-3.5432590006801346,-3.6690396499504754,-3.297988033506793,ok,[],0.0001226250024046749,,0.06015784733814637,0.24527096717334151,6.461785622136008e-05,0.008038523261231511,0.10283641519214864,1.0
0a8ac71748b632f87da5fded013ca670ea8652daa0eca3ea04089ef5c432f285,modern,CRLX,0,571,2026-02-28,2026-01-31,1978-07-31,2026-01-31,-3.319270460859548,-3.5432590006801346,-3.57918638444531,ok,[],0.00022604098194278777,,0.06755628733343967,0.259915923585762,6.857212391009156e-05,0.008280828697062363,0.16191298859913794,0.0
0a8ac71748b632f87da5fded013ca670ea8652daa0eca3ea04089ef5c432f285,modern,CRLX,0,571,2026-03-31,2026-02-28,1978-08-31,2026-02-28,-2.9305194230637723,-3.319270460859548,-3.493642752548059,ok,[],0.0001608329766895622,,0.31710788420946834,0.5631233294842866,0.0005280501831240805,0.02297934253028316,0.9578125644770061,0.0
0a8ac71748b632f87da5fded013ca670ea8652daa0eca3ea04089ef5c432f285,modern,CRLX,0,571,2026-04-30,2026-03-31,1978-09-30,2026-03-31,-3.2372756219261025,-2.9305194230637723,-3.1048441063921954,ok,[],0.00013941701035946608,,0.017538106306607473,0.13243151553390708,3.0922153316013313e-05,0.005560769129896809,0.03217407162031241,1.0
0a8ac71748b632f87da5fded013ca670ea8652daa0eca3ea04089ef5c432f285,modern,CRLX,0,571,2026-05-31,2026-04-30,1978-10-31,2026-04-30,-3.511913129771558,-3.2372756219261025,-3.3785362028533323,ok,[],0.00014408299466595054,,0.01778940463414965,0.13337692691822545,1.8126794664951314e-05,0.004257557358973724,0.03261541598807685,1.0
0a8ac71748b632f87da5fded013ca670ea8652daa0eca3ea04089ef5c432f285,modern,CRLX,0,571,2026-06-30,2026-05-31,1978-11-30,2026-05-31,-3.0167824583115244,-3.511913129771558,-3.3868471840969505,ok,[],0.00013566698180511594,,0.13694790127064266,0.37006472578542615,0.00022932163472909472,0.015143369332123374,0.35607740263056553,1.0
0a8ac71748b632f87da5fded013ca670ea8652daa0eca3ea04089ef5c432f285,modern,CRLX,0,571,2026-07-31,2026-06-30,1978-12-31,2026-06-30,-3.371790235714744,-3.0167824583115244,-3.186508813182989,ok,[],0.00013658302486874163,,0.03432920553539079,0.18528142253175517,4.882842605842124e-05,0.0069877339716406806,0.06090850868258557,1.0
0a8ac71748b632f87da5fded013ca670ea8652daa0eca3ea04089ef5c432f285,modern,CRLX,0,571,2026-08-31,2026-07-31,1979-01-31,2026-07-31,-3.5077496504538077,-3.371790235714744,-3.252109661955192,ok,[],0.00013554200995713472,,0.06535180371957242,0.2556399884986158,7.618190962539963e-05,0.008728224883984122,0.11100742698016619,0.0
0a8ac71748b632f87da5fded013ca670ea8652daa0eca3ea04089ef5c432f285,modern,CRLX,1,571,2025-09-30,2025-08-31,1978-02-28,2025-08-31,-3.84430960652608,-3.3885322185760227,-3.324755769187046,ok,[],0.00012220899225212634,,0.2699361898937152,0.5195538373390338,0.00021258029966147378,0.01458013373263338,0.3928778939597497,0.0
0a8ac71748b632f87da5fded013ca670ea8652daa0eca3ea04089ef5c432f285,modern,CRLX,1,571,2025-10-31,2025-09-30,1978-03-31,2025-09-30,-3.200563742469265,-3.84430960652608,-3.493799442415297,ok,[],0.00013458298053592443,,0.08598717572283927,0.29323569994603194,0.00010720584057454343,0.01035402533194426,0.21116267933731148,1.0
0a8ac71748b632f87da5fded013ca670ea8652daa0eca3ea04089ef5c432f285,modern,CRLX,1,571,2025-11-30,2025-10-31,1978-04-30,2025-10-31,-3.187697796475165,-3.200563742469265,-3.3872379005167206,ok,[],0.00012162499479018152,,0.03981625312091485,0.19954010404155564,5.5724042785510876e-05,0.007464853835508829,0.09137295212107316,0.0
0a8ac71748b632f87da5fded013ca670ea8652daa0eca3ea04089ef5c432f285,modern,CRLX,1,571,2025-12-31,2025-11-30,1978-05-31,2025-11-30,-3.6690396499504754,-3.187697796475165,-3.2973856056411655,ok,[],0.00011850000009872019,,0.1381267286514665,0.3716540443093099,0.00013176222218178675,0.011478772677502885,0.2188462767857875,1.0
0a8ac71748b632f87da5fded013ca670ea8652daa0eca3ea04089ef5c432f285,modern,CRLX,1,571,2026-01-31,2025-12-31,1978-06-30,2025-12-31,-3.5432590006801346,-3.6690396499504754,-3.4283122869880382,ok,[],0.00012050001532770693,,0.01321274698861276,0.1149467136920963,1.2409557935329992e-05,0.0035227202465324993,0.024511709924098624,1.0
0a8ac71748b632f87da5fded013ca670ea8652daa0eca3ea04089ef5c432f285,modern,CRLX,1,571,2026-02-28,2026-01-31,1978-07-31,2026-01-31,-3.319270460859548,-3.5432590006801346,-3.6074898907997524,ok,[],0.0001242079888470471,,0.08307043979505647,0.28821942994020455,8.207238470947746e-05,0.00905938103346346,0.2032505493461303,0.0
0a8ac71748b632f87da5fded013ca670ea8652daa0eca3ea04089ef5c432f285,modern,CRLX,1,571,2026-03-31,2026-02-28,1978-08-31,2026-02-28,-2.9305194230637723,-3.319270460859548,-3.3913611477729404,ok,[],0.00013312502414919436,,0.21237509523292064,0.46084172470916807,0.0003883455145085932,0.01970648407272574,0.5918347616283597,0.0
0a8ac71748b632f87da5fded013ca670ea8652daa0eca3ea04089ef5c432f285,modern,CRLX,1,571,2026-04-30,2026-03-31,1978-09-30,2026-03-31,-3.2372756219261025,-2.9305194230637723,-3.02687202469294,ok,[],0.0001212080242112279,,0.04426967372865481,0.21040359723316238,8.45713273121373e-05,0.009196267031363177,0.07732386372039568,1.0
0a8ac71748b632f87da5fded013ca670ea8652daa0eca3ea04089ef5c432f285,modern,CRLX,1,571,2026-05-31,2026-04-30,1978-10-31,2026-04-30,-3.511913129771558,-3.2372756219261025,-3.418940896700013,ok,[],0.00011862500105053186,,0.008643836122309645,0.09297223307154479,8.452548556585254e-06,0.0029073267027606743,0.016264170700351938,1.0
0a8ac71748b632f87da5fded013ca670ea8652daa0eca3ea04089ef5c432f285,modern,CRLX,1,571,2026-06-30,2026-05-31,1978-11-30,2026-05-31,-3.0167824583115244,-3.511913129771558,-3.4591454094769167,ok,[],0.00011883300612680614,,0.19568498056375533,0.44236295116539237,0.00030631503770299777,0.0175018581214395,0.5375944457910407,1.0
0a8ac71748b632f87da5fded013ca670ea8652daa0eca3ea04089ef5c432f285,modern,CRLX,1,571,2026-07-31,2026-06-30,1978-12-31,2026-06-30,-3.371790235714744,-3.0167824583115244,-3.1570099262870652,ok,[],0.00013299999409355223,,0.046130581317849445,0.21478030942767878,6.764503467066172e-05,0.00822466015532932,0.08035559781078522,1.0
0a8ac71748b632f87da5fded013ca670ea8652daa0eca3ea04089ef5c432f285,modern,CRLX,1,571,2026-08-31,2026-07-31,1979-01-31,2026-07-31,-3.5077496504538077,-3.371790235714744,-3.2542513525505745,ok,[],0.00023350000265054405,,0.06426138703983636,0.2534982979032332,7.47437401554024e-05,0.008645446209155569,0.10929841663800566,0.0
0a8ac71748b632f87da5fded013ca670ea8652daa0eca3ea04089ef5c432f285,modern,CRLX,2,571,2025-09-30,2025-08-31,1978-02-28,2025-08-31,-3.84430960652608,-3.3885322185760227,-3.318359453150338,ok,[],0.0001230830093845725,,0.2766235638359663,0.5259501533757418,0.00021936628839257946,0.014811019154419437,0.40117369823697024,0.0
0a8ac71748b632f87da5fded013ca670ea8652daa0eca3ea04089ef5c432f285,modern,CRLX,2,571,2025-10-31,2025-09-30,1978-03-31,2025-09-30,-3.200563742469265,-3.84430960652608,-3.495253366541827,ok,[],0.00012345900177024305,,0.08684197453602795,0.29468962407256205,0.00010812196047051276,0.010398171015640816,0.21348968559380588,1.0
0a8ac71748b632f87da5fded013ca670ea8652daa0eca3ea04089ef5c432f285,modern,CRLX,2,571,2025-11-30,2025-10-31,1978-04-30,2025-10-31,-3.187697796475165,-3.200563742469265,-3.351356189479289,ok,[],0.000123792007798329,,0.026784069600692375,0.16365839300412421,3.881241205317131e-05,0.006229960838815225,0.059924080068695484,0.0
0a8ac71748b632f87da5fded013ca670ea8652daa0eca3ea04089ef5c432f285,modern,CRLX,2,571,2025-12-31,2025-11-30,1978-05-31,2025-11-30,-3.6690396499504754,-3.187697796475165,-3.3249342531106554,ok,[],0.00012187499669380486,,0.11840852413429,0.34410539683982,0.00010970333291579552,0.010473935884651744,0.19068508913515514,1.0
0a8ac71748b632f87da5fded013ca670ea8652daa0eca3ea04089ef5c432f285,modern,CRLX,2,571,2026-01-31,2025-12-31,1978-06-30,2025-12-31,-3.5432590006801346,-3.6690396499504754,-3.3360566796146336,ok,[],0.0001222910068463534,,0.042932801854930945,0.20720232106550096,4.432958108535936e-05,0.006658046341484817,0.07513817867068096,1.0
0a8ac71748b632f87da5fded013ca670ea8652daa0eca3ea04089ef5c432f285,modern,CRLX,2,571,2026-02-28,2026-01-31,1978-07-31,2026-01-31,-3.319270460859548,-3.5432590006801346,-3.6413282552098485,ok,[],0.000123792007798329,,0.10372122290178057,0.3220577943503007,9.923584507936976e-05,0.009961718982152114,0.26018650930207976,0.0
0a8ac71748b632f87da5fded013ca670ea8652daa0eca3ea04089ef5c432f285,modern,CRLX,2,571,2026-03-31,2026-02-28,1978-08-31,2026-02-28,-2.9305194230637723,-3.319270460859548,-3.420318921061175,ok,[],0.00012383400462567806,,0.2399035482385075,0.4897994979974025,0.0004271375280423733,0.02066730577608928,0.6837890025091926,0.0
0a8ac71748b632f87da5fded013ca670ea8652daa0eca3ea04089ef5c432f285,modern,CRLX,2,571,2026-04-30,2026-03-31,1978-09-30,2026-03-31,-3.2372756219261025,-2.9305194230637723,-2.970453424841735,ok,[],0.00012495799455791712,,0.07119408485692899,0.2668221970843674,0.0001442236606901181,0.012009315579587294,0.12010815939430292,1.0
0a8ac71748b632f87da5fded013ca670ea8652daa0eca3ea04089ef5c432f285,modern,CRLX,2,571,2026-05-31,2026-04-30,1978-10-31,2026-04-30,-3.511913129771558,-3.2372756219261025,-3.384583744604253,ok,[],0.00012500002048909664,,0.016212772327083846,0.12732938516730474,1.6418498119902636e-05,0.004051974595169944,0.029839737912868564,1.0
0a8ac71748b632f87da5fded013ca670ea8652daa0eca3ea04089ef5c432f285,modern,CRLX,2,571,2026-06-30,2026-05-31,1978-11-30,2026-05-31,-3.0167824583115244,-3.511913129771558,-3.4467022456578382,ok,[],0.00012304098345339298,,0.18483102355189973,0.42991978734631386,0.0002926834141825234,0.017107992698809624,0.5029420386403651,1.0
0a8ac71748b632f87da5fded013ca670ea8652daa0eca3ea04089ef5c432f285,modern,CRLX,2,571,2026-07-31,2026-06-30,1978-12-31,2026-06-30,-3.371790235714744,-3.0167824583115244,-3.185779404993549,ok,[],0.00012554199201986194,,0.034600029145589045,0.18601083072119495,4.9250655026058585e-05,0.007017881092328267,0.0613609717211292,1.0
0a8ac71748b632f87da5fded013ca670ea8652daa0eca3ea04089ef5c432f285,modern,CRLX,2,571,2026-08-31,2026-07-31,1979-01-31,2026-07-31,-3.5077496504538077,-3.371790235714744,-3.233808438854477,ok,[],0.00013304202002473176,,0.07504378741250929,0.2739412115993307,8.916768585959432e-05,0.00944286428259955,0.1260552635861127,0.0
0a8ac71748b632f87da5fded013ca670ea8652daa0eca3ea04089ef5c432f285,modern,CRLX,3,571,2025-09-30,2025-08-31,1978-02-28,2025-08-31,-3.84430960652608,-3.3885322185760227,-3.394462715059973,ok,[],0.00012504099868237972,,0.20236222576171956,0.4498468914661071,0.0001478025731098611,0.012157408157574587,0.306387960305609,1.0
0a8ac71748b632f87da5fded013ca670ea8652daa0eca3ea04089ef5c432f285,modern,CRLX,3,571,2025-10-31,2025-09-30,1978-03-31,2025-09-30,-3.200563742469265,-3.84430960652608,-3.5252691125527527,ok,[],0.00012533401604741812,,0.10543357736105467,0.32470537008348765,0.00012758489738478712,0.011295348484433188,0.2650016700764437,1.0
0a8ac71748b632f87da5fded013ca670ea8652daa0eca3ea04089ef5c432f285,modern,CRLX,3,571,2025-11-30,2025-10-31,1978-04-30,2025-10-31,-3.187697796475165,-3.200563742469265,-3.3582891160276978,ok,[],0.00012395900557748973,,0.029101398306674364,0.17059131955253282,4.188715094842039e-05,0.006472028348857906,0.06542748031174134,0.0
0a8ac71748b632f87da5fded013ca670ea8652daa0eca3ea04089ef5c432f285,modern,CRLX,3,571,2025-12-31,2025-11-30,1978-05-31,2025-11-30,-3.6690396499504754,-3.187697796475165,-3.234728161203363,ok,[],0.0001240410201717168,,0.188626469257733,0.43431148874711223,0.00019237573485334877,0.01386995799753369,0.288151829842465,1.0
0a8ac71748b632f87da5fded013ca670ea8652daa0eca3ea04089ef5c432f285,modern,CRLX,3,571,2026-01-31,2025-12-31,1978-06-30,2025-12-31,-3.5432590006801346,-3.6690396499504754,-3.3747847480887394,ok,[],0.00012825001613236964,,0.028383573786229212,0.16847425259139515,2.8159558667408957e-05,0.005306558081036045,0.050894108637283664,1.0
0a8ac71748b632f87da5fded013ca670ea8652daa0eca3ea04089ef5c432f285,modern,CRLX,3,571,2026-02-28,2026-01-31,1978-07-31,2026-01-31,-3.319270460859548,-3.5432590006801346,-3.5327586639528636,ok,[],0.0001289999927394092,,0.04557721286001287,0.21348820309331584,4.837246212127656e-05,0.00695503142489497,0.10564009484311399,1.0
0a8ac71748b632f87da5fded013ca670ea8652daa0eca3ea04089ef5c432f285,modern,CRLX,3,571,2026-03-31,2026-02-28,1978-08-31,2026-02-28,-2.9305194230637723,-3.319270460859548,-3.4324669529396497,ok,[],0.00012766598956659436,,0.25195132274849474,0.5019475298758773,0.00044361490020904847,0.021062167509756646,0.7249952858430602,0.0
0a8ac71748b632f87da5fded013ca670ea8652daa0eca3ea04089ef5c432f285,modern,CRLX,3,571,2026-04-30,2026-03-31,1978-09-30,2026-03-31,-3.2372756219261025,-2.9305194230637723,-3.0664425918035745,ok,[],0.00013258299441076815,,0.029183924180844572,0.17083303012252804,5.352166277701763e-05,0.007315850106243131,0.05225151807155792,1.0
0a8ac71748b632f87da5fded013ca670ea8652daa0eca3ea04089ef5c432f285,modern,CRLX,3,571,2026-05-31,2026-04-30,1978-10-31,2026-04-30,-3.511913129771558,-3.2372756219261025,-3.364641757506989,ok,[],0.00012833302025683224,,0.02168885708868923,0.14727137226456888,2.2416697389454128e-05,0.004734627481592837,0.03941485098279762,1.0
0a8ac71748b632f87da5fded013ca670ea8652daa0eca3ea04089ef5c432f285,modern,CRLX,3,571,2026-06-30,2026-05-31,1978-11-30,2026-05-31,-3.0167824583115244,-3.511913129771558,-3.3337345660419313,ok,[],0.00012562499614432454,,0.10045863859474749,0.31695210773040694,0.0001768583088863331,0.01329880855138283,0.2510512888115418,1.0
0a8ac71748b632f87da5fded013ca670ea8652daa0eca3ea04089ef5c432f285,modern,CRLX,3,571,2026-07-31,2026-06-30,1978-12-31,2026-06-30,-3.371790235714744,-3.0167824583115244,-3.141463507019495,ok,[],0.00012370801414363086,,0.053050401951454766,0.23032672869524884,7.905650833840156e-05,0.008891372691457802,0.09152472068554302,1.0
0a8ac71748b632f87da5fded013ca670ea8652daa0eca3ea04089ef5c432f285,modern,CRLX,3,571,2026-08-31,2026-07-31,1979-01-31,2026-07-31,-3.5077496504538077,-3.371790235714744,-3.324830985389508,ok,[],0.00012245899415574968,,0.0334592380289054,0.18291866506429955,3.617217072379716e-05,0.006014330446840875,0.05945295252589905,0.0
0a8ac71748b632f87da5fded013ca670ea8652daa0eca3ea04089ef5c432f285,modern,CRLX,4,571,2025-09-30,2025-08-31,1978-02-28,2025-08-31,-3.84430960652608,-3.3885322185760227,-3.2839706742520898,ok,[],0.00014612500672228634,,0.31397971902195543,0.5603389322739902,0.0002585011772528343,0.016077971801593455,0.4467365606114264,0.0
0a8ac71748b632f87da5fded013ca670ea8652daa0eca3ea04089ef5c432f285,modern,CRLX,4,571,2025-10-31,2025-09-30,1978-03-31,2025-09-30,-3.200563742469265,-3.84430960652608,-3.4724242783912143,ok,[],0.00013591701281256974,,0.07390815099176946,0.27186053592194925,9.404238653911534e-05,0.009697545387319172,0.17868307014706142,1.0
0a8ac71748b632f87da5fded013ca670ea8652daa0eca3ea04089ef5c432f285,modern,CRLX,4,571,2025-11-30,2025-10-31,1978-04-30,2025-10-31,-3.187697796475165,-3.200563742469265,-3.3271310553058298,ok,[],0.00012766598956659436,,0.01944163366813917,0.13943325883066482,2.8845763397541097e-05,0.0053708252063850576,0.04276440004782833,0.0
0a8ac71748b632f87da5fded013ca670ea8652daa0eca3ea04089ef5c432f285,modern,CRLX,4,571,2025-12-31,2025-11-30,1978-05-31,2025-11-30,-3.6690396499504754,-3.187697796475165,-3.3095472942902955,ok,[],0.00012616702588275075,,0.12923475377810528,0.3594923556601799,0.00012169974080560385,0.011031760548779322,0.20623141229533692,1.0
0a8ac71748b632f87da5fded013ca670ea8652daa0eca3ea04089ef5c432f285,modern,CRLX,4,571,2026-01-31,2025-12-31,1978-06-30,2025-12-31,-3.5432590006801346,-3.6690396499504754,-3.340003092344152,ok,[],0.00012733301264233887,,0.04131296427348528,0.2032559083359824,4.248330198016512e-05,0.006517921599725262,0.07248104270165118,1.0
0a8ac71748b632f87da5fded013ca670ea8652daa0eca3ea04089ef5c432f285,modern,CRLX,4,571,2026-02-28,2026-01-31,1978-07-31,2026-01-31,-3.319270460859548,-3.5432590006801346,-3.582141704760609,ok,[],0.0001247500185854733,,0.0691012908700912,0.2628712439010612,6.994237255107257e-05,0.008363155657470006,0.16597197173218015,0.0
0a8ac71748b632f87da5fded013ca670ea8652daa0eca3ea04089ef5c432f285,modern,CRLX,4,571,2026-03-31,2026-02-28,1978-08-31,2026-02-28,-2.9305194230637723,-3.319270460859548,-3.471705675444748,ok,[],0.00012291601160541177,,0.2928825597661653,0.5411862523809758,0.0004975268251550184,0.022305309349009674,0.8693016065937926,0.0
0a8ac71748b632f87da5fded013ca670ea8652daa0eca3ea04089ef5c432f285,modern,CRLX,4,571,2026-04-30,2026-03-31,1978-09-30,2026-03-31,-3.2372756219261025,-2.9305194230637723,-3.0967299186603383,ok,[],0.00012137499288655818,,0.019753094706468244,0.1405457032657642,3.511771597651654e-05,0.005926020247730895,0.03605073064447742,1.0
0a8ac71748b632f87da5fded013ca670ea8652daa0eca3ea04089ef5c432f285,modern,CRLX,4,571,2026-05-31,2026-04-30,1978-10-31,2026-04-30,-3.511913129771558,-3.2372756219261025,-3.3156242507589724,ok,[],0.00012083299225196242,,0.03852932402401739,0.1962888790125854,4.1881628054225964e-05,0.006471601660657581,0.06789159126608058,1.0
0a8ac71748b632f87da5fded013ca670ea8652daa0eca3ea04089ef5c432f285,modern,CRLX,4,571,2026-06-30,2026-05-31,1978-11-30,2026-05-31,-3.0167824583115244,-3.511913129771558,-3.351041956528222,ok,[],0.00012024998432025313,,0.11172941214807842,0.33425949821669754,0.0001935068630779109,0.013910674429297484,0.28282623388734507,1.0
0a8ac71748b632f87da5fded013ca670ea8652daa0eca3ea04089ef5c432f285,modern,CRLX,4,571,2026-07-31,2026-06-30,1978-12-31,2026-06-30,-3.371790235714744,-3.0167824583115244,-3.1372314859314097,ok,[],0.00011808300041593611,,0.05501780709992085,0.23455874978333435,8.234956486658373e-05,0.009074666102209146,0.094671576071647,1.0
0a8ac71748b632f87da5fded013ca670ea8652daa0eca3ea04089ef5c432f285,modern,CRLX,4,571,2026-08-31,2026-07-31,1979-01-31,2026-07-31,-3.5077496504538077,-3.371790235714744,-3.2190030758258326,ok,[],0.00011891601025126874,,0.08337458435938883,0.28874657462797515,0.00010061377058425237,0.010030641583879486,0.13879685821401427,0.0
0a8ac71748b632f87da5fded013ca670ea8652daa0eca3ea04089ef5c432f285,modern,HAR,0,120,2025-09-30,2025-08-31,2015-09-30,2025-08-31,-3.84430960652608,-3.3885322185760227,-3.3471010394210037,ok,[],0.00014141699648462236,,0.2472163592026832,0.4972085671050763,0.00019002727640043845,0.01378503813561785,0.3643561407174851,0.0
0a8ac71748b632f87da5fded013ca670ea8652daa0eca3ea04089ef5c432f285,modern,HAR,0,120,2025-10-31,2025-09-30,2015-10-31,2025-09-30,-3.200563742469265,-3.84430960652608,-3.606967205391853,ok,[],8.754100417718291e-05,,0.16516377467547128,0.4064034629225879,0.00018510192885518923,0.01360521697199972,0.44141963559349495,1.0
0a8ac71748b632f87da5fded013ca670ea8652daa0eca3ea04089ef5c432f285,modern,HAR,0,120,2025-11-30,2025-10-31,2015-11-30,2025-10-31,-3.187697796475165,-3.200563742469265,-3.252209683026397,ok,[],0.00010483400546945632,,0.004161783506399024,0.06451188655123197,6.646818456834134e-06,0.0025781424430845815,0.008693397808652886,0.0
0a8ac71748b632f87da5fded013ca670ea8652daa0eca3ea04089ef5c432f285,modern,HAR,0,120,2025-12-31,2025-11-30,2015-12-31,2025-11-30,-3.6690396499504754,-3.187697796475165,-3.241059664572441,ok,[],7.249999907799065e-05,,0.18316686788418252,0.4279799853780344,0.00018554440299813567,0.013621468459682887,0.2808350983077217,1.0
0a8ac71748b632f87da5fded013ca670ea8652daa0eca3ea04089ef5c432f285,modern,HAR,0,120,2026-01-31,2025-12-31,2016-01-31,2025-12-31,-3.5432590006801346,-3.6690396499504754,-3.491190804522869,ok,[],6.891699740663171e-05,,0.0027110970510715055,0.05206819615726577,2.3890236367755274e-06,0.0015456466726828377,0.005238777913811152,1.0
0a8ac71748b632f87da5fded013ca670ea8652daa0eca3ea04089ef5c432f285,modern,HAR,0,120,2026-02-28,2026-01-31,2016-02-29,2026-01-31,-3.319270460859548,-3.5432590006801346,-3.4391656341883223,ok,[],6.620900239795446e-05,,0.014374852587536888,0.11989517332877453,1.6709831799578853e-05,0.004087766113610079,0.0311923099670261,1.0
0a8ac71748b632f87da5fded013ca670ea8652daa0eca3ea04089ef5c432f285,modern,HAR,0,120,2026-03-31,2026-02-28,2016-03-31,2026-02-28,-2.9305194230637723,-3.319270460859548,-3.328927172043538,ok,[],6.391701754182577e-05,,0.15872873444712385,0.3984077489797655,0.0003075738738414089,0.017537784177067778,0.4216494636003847,0.0
0a8ac71748b632f87da5fded013ca670ea8652daa0eca3ea04089ef5c432f285,modern,HAR,0,120,2026-04-30,2026-03-31,2016-04-30,2026-03-31,-3.2372756219261025,-2.9305194230637723,-3.109402968132407,ok,[],6.341701373457909e-05,,0.016351415588242338,0.1278726537936956,2.8695881053913863e-05,0.005356853652463717,0.030084469576112494,1.0
0a8ac71748b632f87da5fded013ca670ea8652daa0eca3ea04089ef5c432f285,modern,HAR,0,120,2026-05-31,2026-04-30,2016-05-31,2026-04-30,-3.511913129771558,-3.2372756219261025,-3.2604557669277874,ok,[],6.545800715684891e-05,,0.0632308053283436,0.2514573628437704,7.278023716549585e-05,0.008531133404507039,0.10768008883342811,1.0
0a8ac71748b632f87da5fded013ca670ea8652daa0eca3ea04089ef5c432f285,modern,HAR,0,120,2026-06-30,2026-05-31,2016-06-30,2026-05-31,-3.0167824583115244,-3.511913129771558,-3.4077152714331227,ok,[],6.52089947834611e-05,,0.15282846437516653,0.39093281312159833,0.0002509599133425877,0.01584171434354842,0.40368024989824636,1.0
0a8ac71748b632f87da5fded013ca670ea8652daa0eca3ea04089ef5c432f285,modern,HAR,0,120,2026-07-31,2026-06-30,2016-07-31,2026-06-30,-3.371790235714744,-3.0167824583115244,-3.1606077169097135,ok,[],6.429202039726079e-05,,0.04459805624883705,0.21118251880503047,6.515458824751132e-05,0.008071839210955042,0.0778597531006972,1.0
0a8ac71748b632f87da5fded013ca670ea8652daa0eca3ea04089ef5c432f285,modern,HAR,0,120,2026-08-31,2026-07-31,2016-08-31,2026-07-31,-3.5077496504538077,-3.371790235714744,-3.3354712584995623,ok,[],6.283298716880381e-05,,0.029679844334340618,0.17227839195424544,3.173674800158671e-05,0.005633537787357666,0.05309110160514163,0.0
0a8ac71748b632f87da5fded013ca670ea8652daa0eca3ea04089ef5c432f285,modern,HAR,0,571,2025-09-30,2025-08-31,1978-02-28,2025-08-31,-3.84430960652608,-3.3885322185760227,-3.3786095558832643,ok,[],8.566598990000784e-05,,0.21687653716872113,0.4657000506428157,0.0001611289294124398,0.012693657054310227,0.32540178303825795,0.0
0a8ac71748b632f87da5fded013ca670ea8652daa0eca3ea04089ef5c432f285,modern,HAR,0,571,2025-10-31,2025-09-30,1978-03-31,2025-09-30,-3.200563742469265,-3.84430960652608,-3.597220035731652,ok,[],8.591599180363119e-05,,0.15733621498465672,0.39665629326238694,0.00017794076542768583,0.013339443969959387,0.41739488358871646,1.0
0a8ac71748b632f87da5fded013ca670ea8652daa0eca3ea04089ef5c432f285,modern,HAR,0,571,2025-11-30,2025-10-31,1978-04-30,2025-10-31,-3.187697796475165,-3.200563742469265,-3.277512209300376,ok,[],8.604099275544286e-05,,0.00806662875113742,0.08981441282521097,1.25654764776392e-05,0.003544781583911652,0.017144243555681393,0.0
0a8ac71748b632f87da5fded013ca670ea8652daa0eca3ea04089ef5c432f285,modern,HAR,0,571,2025-12-31,2025-11-30,1978-05-31,2025-11-30,-3.6690396499504754,-3.187697796475165,-3.254995280645861,ok,[],8.683299529366195e-05,,0.17143273975285603,0.4140443693046145,0.00017108783128517074,0.013080054712621456,0.26497222603042203,1.0
0a8ac71748b632f87da5fded013ca670ea8652daa0eca3ea04089ef5c432f285,modern,HAR,0,571,2026-01-31,2025-12-31,1978-06-30,2025-12-31,-3.5432590006801346,-3.6690396499504754,-3.4417881234039855,ok,[],9.212500299327075e-05,,0.010296338935191293,0.10147087727614901,9.538674155573818e-06,0.0030884744058472975,0.01926754185418117,1.0
0a8ac71748b632f87da5fded013ca670ea8652daa0eca3ea04089ef5c432f285,modern,HAR,0,571,2026-02-28,2026-01-31,1978-07-31,2026-01-31,-3.319270460859548,-3.5432590006801346,-3.422127334654603,ok,[],8.470899774692953e-05,,0.01057953648689188,0.10285687379505504,1.2505401224647208e-05,0.003536297671951162,0.02268777317688553,1.0
0a8ac71748b632f87da5fded013ca670ea8652daa0eca3ea04089ef5c432f285,modern,HAR,0,571,2026-03-31,2026-02-28,1978-08-31,2026-02-28,-2.9305194230637723,-3.319270460859548,-3.3421181963119757,ok,[],8.433399489149451e-05,,0.16941355013942594,0.4115987732482034,0.0003242641124783643,0.01800733496324107,0.4545739393577728,0.0
0a8ac71748b632f87da5fded013ca670ea8652daa0eca3ea04089ef5c432f285,modern,HAR,0,571,2026-04-30,2026-03-31,1978-09-30,2026-03-31,-3.2372756219261025,-2.9305194230637723,-3.131202739305015,ok,[],8.516700472682714e-05,,0.011251456427547005,0.1060728826210875,1.9311717416614524e-05,0.0043945099176830316,0.020992552467446524,1.0
0a8ac71748b632f87da5fded013ca670ea8652daa0eca3ea04089ef5c432f285,modern,HAR,0,571,2026-05-31,2026-04-30,1978-10-31,2026-04-30,-3.511913129771558,-3.2372756219261025,-3.249430896412555,ok,[],9.204199886880815e-05,,0.06889692282912993,0.26248223335900267,8.021903941371301e-05,0.008956508215466171,0.11654085136185544,1.0
0a8ac71748b632f87da5fded013ca670ea8652daa0eca3ea04089ef5c432f285,modern,HAR,0,571,2026-06-30,2026-05-31,1978-11-30,2026-05-31,-3.0167824583115244,-3.511913129771558,-3.3827037060191967,ok,[],8.658398292027414e-05,,0.1338983595239397,0.3659212477076723,0.00022508900196074294,0.015002966438699479,0.34706496315989566,1.0
0a8ac71748b632f87da5fded013ca670ea8652daa0eca3ea04089ef5c432f285,modern,HAR,0,571,2026-07-31,2026-06-30,1978-12-31,2026-06-30,-3.371790235714744,-3.0167824583115244,-3.184155436481033,ok,[],8.662499021738768e-05,,0.035206817883474975,0.18763479923371085,5.0198362251812656e-05,0.007085080257259804,0.06237361009714998,1.0
0a8ac71748b632f87da5fded013ca670ea8652daa0eca3ea04089ef5c432f285,modern,HAR,0,571,2026-08-31,2026-07-31,1979-01-31,2026-07-31,-3.5077496504538077,-3.371790235714744,-3.3264459919327503,ok,[],8.416699711233377e-05,,0.03287101659312021,0.18130365852105745,3.547717219578568e-05,0.005956271669071658,0.058466949116082745,0.0
0a8ac71748b632f87da5fded013ca670ea8652daa0eca3ea04089ef5c432f285,modern,HARX,0,120,2025-09-30,2025-08-31,2015-09-30,2025-08-31,-3.84430960652608,-3.3885322185760227,-3.4257158061392476,ok,[],7.641600677743554e-05,,0.17522076972229125,0.41859380038683236,0.00012376159020651865,0.01112481865948918,0.2701139754730162,1.0
0a8ac71748b632f87da5fded013ca670ea8652daa0eca3ea04089ef5c432f285,modern,HARX,0,120,2025-10-31,2025-09-30,2015-10-31,2025-09-30,-3.200563742469265,-3.84430960652608,-3.5586562188031245,ok,[],7.80420086812228e-05,,0.12823022160691575,0.35809247633385954,0.00015036069315001936,0.01226216510857766,0.3304254297546876,1.0
0a8ac71748b632f87da5fded013ca670ea8652daa0eca3ea04089ef5c432f285,modern,HARX,0,120,2025-11-30,2025-10-31,2015-11-30,2025-10-31,-3.187697796475165,-3.200563742469265,-3.3727841754401364,ok,[],0.00011324998922646046,,0.03425696767836504,0.1850863789649715,4.8619137044115026e-05,0.00697274243351316,0.07781198597380029,0.0
0a8ac71748b632f87da5fded013ca670ea8652daa0eca3ea04089ef5c432f285,modern,HARX,0,120,2025-12-31,2025-11-30,2015-12-31,2025-11-30,-3.6690396499504754,-3.187697796475165,-3.240552118751828,ok,[],7.912499131634831e-05,,0.1836015643927118,0.42848753119864735,0.00018608588194637845,0.013641329918537212,0.2814191215823678,1.0
0a8ac71748b632f87da5fded013ca670ea8652daa0eca3ea04089ef5c432f285,modern,HARX,0,120,2026-01-31,2025-12-31,2016-01-31,2025-12-31,-3.5432590006801346,-3.6690396499504754,-3.3728492817986284,ok,[],7.737500709481537e-05,,0.02903947228927395,0.17040971888150613,2.8867672924614326e-05,0.005372864498999982,0.05200674794844323,1.0
0a8ac71748b632f87da5fded013ca670ea8652daa0eca3ea04089ef5c432f285,modern,HARX,0,120,2026-02-28,2026-01-31,2016-02-29,2026-01-31,-3.319270460859548,-3.5432590006801346,-3.48300489942973,ok,[],7.912499131634831e-05,,0.026808966373892774,0.16373443857018222,2.985791303707058e-05,0.005464239474718378,0.05998299201586055,1.0
0a8ac71748b632f87da5fded013ca670ea8652daa0eca3ea04089ef5c432f285,modern,HARX,0,120,2026-03-31,2026-02-28,2016-03-31,2026-02-28,-2.9305194230637723,-3.319270460859548,-3.4318129637354184,ok,[],7.924999226815999e-05,,0.2512952139191153,0.5012935406716461,0.00044272503087079105,0.021041032077129464,0.7227362678860745,0.0
0a8ac71748b632f87da5fded013ca670ea8652daa0eca3ea04089ef5c432f285,modern,HARX,0,120,2026-04-30,2026-03-31,2016-04-30,2026-03-31,-3.2372756219261025,-2.9305194230637723,-2.99299511742666,ok,[],7.904099766165018e-05,,0.05967296487850215,0.2442805044994425,0.00011807663755380378,0.010866307447969792,0.10206960163716577,1.0
0a8ac71748b632f87da5fded013ca670ea8652daa0eca3ea04089ef5c432f285,modern,HARX,0,120,2026-05-31,2026-04-30,2016-05-31,2026-04-30,-3.511913129771558,-3.2372756219261025,-3.4045242492555445,ok,[],7.762500899843872e-05,,0.01153237165848257,0.10738888051601325,1.144367123123843e-05,0.0033828495726588893,0.02149846606572675,1.0
0a8ac71748b632f87da5fded013ca670ea8652daa0eca3ea04089ef5c432f285,modern,HARX,0,120,2026-06-30,2026-05-31,2016-06-30,2026-05-31,-3.0167824583115244,-3.511913129771558,-3.4441692649121736,ok,[],7.825001375749707e-05,,0.18265948245630073,0.4273868066006492,0.0002899260076382073,0.017027213736786395,0.49606850750561327,1.0
0a8ac71748b632f87da5fded013ca670ea8652daa0eca3ea04089ef5c432f285,modern,HARX,0,120,2026-07-31,2026-06-30,2016-07-31,2026-06-30,-3.371790235714744,-3.0167824583115244,-3.2511004413556295,ok,[],7.745900074951351e-05,,0.014566026462445354,0.12068979435911453,1.9390245932902636e-05,0.0044034356964650495,0.02692297509873498,1.0
0a8ac71748b632f87da5fded013ca670ea8652daa0eca3ea04089ef5c432f285,modern,HARX,0,120,2026-08-31,2026-07-31,2016-08-31,2026-07-31,-3.5077496504538077,-3.371790235714744,-3.338490261435043,ok,[],8.033399353735149e-05,,0.028648740771005484,0.16925938901876458,3.0539217657953564e-05,0.0055262299678853,0.051344171838743236,0.0
0a8ac71748b632f87da5fded013ca670ea8652daa0eca3ea04089ef5c432f285,modern,HARX,0,571,2025-09-30,2025-08-31,1978-02-28,2025-08-31,-3.84430960652608,-3.3885322185760227,-3.416094698266149,ok,[],0.00011025002459064126,,0.18336800765606104,0.4282149082599309,0.0001308567827479897,0.011439264956630286,0.2811053651820129,1.0
0a8ac71748b632f87da5fded013ca670ea8652daa0eca3ea04089ef5c432f285,modern,HARX,0,571,2025-10-31,2025-09-30,1978-03-31,2025-09-30,-3.200563742469265,-3.84430960652608,-3.5826662723491234,ok,[],0.00010291702346876264,,0.14600234334058806,0.3821025298798584,0.00016738558260466946,0.012937758020795932,0.3830816716180523,1.0
0a8ac71748b632f87da5fded013ca670ea8652daa0eca3ea04089ef5c432f285,modern,HARX,0,571,2025-11-30,2025-10-31,1978-04-30,2025-10-31,-3.187697796475165,-3.200563742469265,-3.3720180077397592,ok,[],0.0001010000123642385,,0.03397394028062468,0.1843202112645943,4.825327030068781e-05,0.006946457392130741,0.07712722219532037,0.0
0a8ac71748b632f87da5fded013ca670ea8652daa0eca3ea04089ef5c432f285,modern,HARX,0,571,2025-12-31,2025-11-30,1978-05-31,2025-11-30,-3.6690396499504754,-3.187697796475165,-3.2657822184161773,ok,[],0.00010041700443252921,,0.16261655608763909,0.40325743153429805,0.0001604306057980131,0.012666120392527978,0.252926025371602,1.0
0a8ac71748b632f87da5fded013ca670ea8652daa0eca3ea04089ef5c432f285,modern,HARX,0,571,2026-01-31,2025-12-31,1978-06-30,2025-12-31,-3.5432590006801346,-3.6690396499504754,-3.383438043526768,ok,[],0.00010283399024046957,,0.025542738345418255,0.15982095715336664,2.511686181821468e-05,0.005011672556962863,0.046051021522699354,1.0
0a8ac71748b632f87da5fded013ca670ea8652daa0eca3ea04089ef5c432f285,modern,HARX,0,571,2026-02-28,2026-01-31,1978-07-31,2026-01-31,-3.319270460859548,-3.5432590006801346,-3.465540407324889,ok,[],0.0001009589759632945,,0.021394897238973844,0.14626994646534142,2.423697713930817e-05,0.004923106452160889,0.04728629216022179,1.0
0a8ac71748b632f87da5fded013ca670ea8652daa0eca3ea04089ef5c432f285,modern,HARX,0,571,2026-03-31,2026-02-28,1978-08-31,2026-02-28,-2.9305194230637723,-3.319270460859548,-3.3668725538414517,ok,[],9.954199776984751e-05,,0.19040405473948252,0.43635313077767934,0.00035615058190718933,0.018871952254793073,0.5206729456285255,0.0
0a8ac71748b632f87da5fded013ca670ea8652daa0eca3ea04089ef5c432f285,modern,HARX,0,571,2026-04-30,2026-03-31,1978-09-30,2026-03-31,-3.2372756219261025,-2.9305194230637723,-3.032845245064224,ok,[],0.00010045801172964275,,0.04179177898388966,0.20443037686187848,7.934579823905905e-05,0.008907625847500503,0.07326749576974767,1.0
0a8ac71748b632f87da5fded013ca670ea8652daa0eca3ea04089ef5c432f285,modern,HARX,0,571,2026-05-31,2026-04-30,1978-10-31,2026-04-30,-3.511913129771558,-3.2372756219261025,-3.3811154955519553,ok,[],0.00010049997945316136,,0.017108021117444916,0.13079763421960244,1.73865956363955e-05,0.004169723688255075,0.031417800578849575,1.0
0a8ac71748b632f87da5fded013ca670ea8652daa0eca3ea04089ef5c432f285,modern,HARX,0,571,2026-06-30,2026-05-31,1978-11-30,2026-05-31,-3.0167824583115244,-3.511913129771558,-3.414101536295706,ok,[],0.00010012497659772635,,0.1578624497302003,0.39731907798418176,0.0002576838145489761,0.01605253296364708,0.41900170352972355,1.0
0a8ac71748b632f87da5fded013ca670ea8652daa0eca3ea04089ef5c432f285,modern,HARX,0,571,2026-07-31,2026-06-30,1978-12-31,2026-06-30,-3.371790235714744,-3.0167824583115244,-3.2187875522232163,ok,[],0.00010116599150933325,,0.023409821155608596,0.15300268349152768,3.221021282887526e-05,0.005675404199603343,0.042388034275252284,1.0
0a8ac71748b632f87da5fded013ca670ea8652daa0eca3ea04089ef5c432f285,modern,HARX,0,571,2026-08-31,2026-07-31,1979-01-31,2026-07-31,-3.5077496504538077,-3.371790235714744,-3.314674183716054,ok,[],0.00010325000039301813,,0.03727813585600142,0.19307546673775366,4.072507419610641e-05,0.006381620029123201,0.06581886677034743,0.0
0a8ac71748b632f87da5fded013ca670ea8652daa0eca3ea04089ef5c432f285,modern,LSTM,0,120,2025-09-30,2025-08-31,2015-09-30,2025-08-31,-3.84430960652608,-3.3885322185760227,-3.3769377648316024,ok,[],0.26658720802515745,,0.21843643840888788,0.46737184169447765,0.0001625804564749938,0.012750704156045414,0.327430188096266,0.0
0a8ac71748b632f87da5fded013ca670ea8652daa0eca3ea04089ef5c432f285,modern,LSTM,0,120,2025-10-31,2025-09-30,2015-10-31,2025-09-30,-3.200563742469265,-3.84430960652608,-3.3861289461649147,ok,[],0.26418404100695625,,0.03443444482260795,0.18556520369564966,4.760742187538756e-05,0.0068998131768467155,0.07824166250246362,1.0
0a8ac71748b632f87da5fded013ca670ea8652daa0eca3ea04089ef5c432f285,modern,LSTM,0,120,2025-11-30,2025-10-31,2015-11-30,2025-10-31,-3.187697796475165,-3.200563742469265,-3.3625906060884665,ok,[],0.2641488329973072,,0.030587494854434547,0.17489280961330156,4.384262183421012e-05,0.006621376128435094,0.06897774117529915,0.0
0a8ac71748b632f87da5fded013ca670ea8652daa0eca3ea04089ef5c432f285,modern,LSTM,0,120,2025-12-31,2025-11-30,2015-12-31,2025-11-30,-3.6690396499504754,-3.187697796475165,-3.3325297627255894,ok,[],0.26686687499750406,,0.11323890420010546,0.33650988722488595,0.00010407516059377077,0.010201723412922484,0.18318543854554675,1.0
0a8ac71748b632f87da5fded013ca670ea8652daa0eca3ea04089ef5c432f285,modern,LSTM,0,120,2026-01-31,2025-12-31,2016-01-31,2025-12-31,-3.5432590006801346,-3.6690396499504754,-3.3152952230831367,ok,[],0.26608520801528357,,0.051967483896293486,0.22796377759699782,5.482509451813113e-05,0.007404396971943842,0.08978731047626304,1.0
0a8ac71748b632f87da5fded013ca670ea8652daa0eca3ea04089ef5c432f285,modern,LSTM,0,120,2026-02-28,2026-01-31,2016-02-29,2026-01-31,-3.319270460859548,-3.5432590006801346,-3.3680705488933116,ok,[],0.26316612501977943,,0.0023814485921030957,0.04880008803376379,2.9692864576911073e-06,0.0017231617619048734,0.00492170627048065,1.0
0a8ac71748b632f87da5fded013ca670ea8652daa0eca3ea04089ef5c432f285,modern,LSTM,0,120,2026-03-31,2026-02-28,2016-03-31,2026-02-28,-2.9305194230637723,-3.319270460859548,-3.364548028070682,ok,[],0.26645724999252707,,0.1883808299642439,0.43402860500690954,0.00035312682321500424,0.01879166898428674,0.5142208787080289,0.0
0a8ac71748b632f87da5fded013ca670ea8652daa0eca3ea04089ef5c432f285,modern,LSTM,0,120,2026-04-30,2026-03-31,2016-04-30,2026-03-31,-3.2372756219261025,-2.9305194230637723,-3.3097062433815854,ok,[],0.26585933298338205,,0.005246194924427452,0.07243062145548285,7.528633980028714e-06,0.0027438356328374908,0.011017929799883475,1.0
0a8ac71748b632f87da5fded013ca670ea8652daa0eca3ea04089ef5c432f285,modern,LSTM,0,120,2026-05-31,2026-04-30,2016-05-31,2026-04-30,-3.511913129771558,-3.2372756219261025,-3.2354724562996324,ok,[],0.26714775001164526,,0.07641944594961166,0.27644067347192536,9.028498083536008e-05,0.009501840918230534,0.12817115741773644,0.0
0a8ac71748b632f87da5fded013ca670ea8652daa0eca3ea04089ef5c432f285,modern,LSTM,0,120,2026-06-30,2026-05-31,2016-06-30,2026-05-31,-3.0167824583115244,-3.511913129771558,-3.2569996946908715,ok,[],0.264666083996417,,0.05770432065373112,0.2402172363793471,0.00010930165765694784,0.010454743308993666,0.13634222229048487,1.0
0a8ac71748b632f87da5fded013ca670ea8652daa0eca3ea04089ef5c432f285,modern,LSTM,0,120,2026-07-31,2026-06-30,2016-07-31,2026-06-30,-3.371790235714744,-3.0167824583115244,-3.2948914841006514,ok,[],0.26511854099226184,,0.0059134179998059175,0.07689875161409265,7.529211529129132e-06,0.002743940875662071,0.011243136633846074,1.0
0a8ac71748b632f87da5fded013ca670ea8652daa0eca3ea04089ef5c432f285,modern,LSTM,0,120,2026-08-31,2026-07-31,2016-08-31,2026-07-31,-3.5077496504538077,-3.371790235714744,-3.3030088616877475,ok,[],0.2732418749947101,,0.04191879058454847,0.20474078876606017,4.6350077727093196e-05,0.006808089139185326,0.07347596806627382,0.0
0a8ac71748b632f87da5fded013ca670ea8652daa0eca3ea04089ef5c432f285,modern,LSTM,1,120,2025-09-30,2025-08-31,2015-09-30,2025-08-31,-3.84430960652608,-3.3885322185760227,-3.360943519889183,ok,[],0.2761385419871658,,0.23364277371066816,0.48336608663689695,0.00017692536120418584,0.013301329302148182,0.3470560153225256,0.0
0a8ac71748b632f87da5fded013ca670ea8652daa0eca3ea04089ef5c432f285,modern,LSTM,1,120,2025-10-31,2025-09-30,2015-10-31,2025-09-30,-3.200563742469265,-3.84430960652608,-3.4518490484775124,ok,[],0.2755418749875389,,0.06314430501565853,0.2512853060082474,8.194304315136837e-05,0.009052239675978999,0.1503943334777893,1.0
0a8ac71748b632f87da5fded013ca670ea8652daa0eca3ea04089ef5c432f285,modern,LSTM,1,120,2025-11-30,2025-10-31,2015-11-30,2025-10-31,-3.187697796475165,-3.200563742469265,-3.3501287372266475,ok,[],0.2743922909721732,,0.02638381051341164,0.16243094075148257,3.827808337925364e-05,0.006186928428489669,0.058977617445887476,0.0
0a8ac71748b632f87da5fded013ca670ea8652daa0eca3ea04089ef5c432f285,modern,LSTM,1,120,2025-12-31,2025-11-30,2015-12-31,2025-11-30,-3.6690396499504754,-3.187697796475165,-3.337172218289195,ok,[],0.2765642080048565,,0.11013599219745462,0.3318674316612804,0.00010072851184431724,0.010036359491584448,0.17865942907054672,1.0
0a8ac71748b632f87da5fded013ca670ea8652daa0eca3ea04089ef5c432f285,modern,LSTM,1,120,2026-01-31,2025-12-31,2016-01-31,2025-12-31,-3.5432590006801346,-3.6690396499504754,-3.3159697840383364,ok,[],0.2630763330089394,,0.05166038800164224,0.22728921664179813,5.446296738062631e-05,0.007379902938428547,0.08929391976289386,1.0
0a8ac71748b632f87da5fded013ca670ea8652daa0eca3ea04089ef5c432f285,modern,LSTM,1,120,2026-02-28,2026-01-31,2016-02-29,2026-01-31,-3.319270460859548,-3.5432590006801346,-3.361790443015715,ok,[],0.26052808298845775,,0.0018079488825607632,0.042519982156167035,2.2683167211618747e-06,0.001506093198033201,0.003720613084393365,1.0
0a8ac71748b632f87da5fded013ca670ea8652daa0eca3ea04089ef5c432f285,modern,LSTM,1,120,2026-03-31,2026-02-28,2016-03-31,2026-02-28,-2.9305194230637723,-3.319270460859548,-3.370549041429979,ok,[],0.2605902080249507,,0.1936260650395095,0.4400296183662067,0.00036094484525469217,0.018998548503890822,0.5309832877355765,0.0
0a8ac71748b632f87da5fded013ca670ea8652daa0eca3ea04089ef5c432f285,modern,LSTM,1,120,2026-04-30,2026-03-31,2016-04-30,2026-03-31,-3.2372756219261025,-2.9305194230637723,-3.296166377046754,ok,[],0.2694809999957215,,0.003468121038680561,0.05889075512065167,5.044079814519375e-06,0.0022459028951669693,0.00721677366804041,1.0
0a8ac71748b632f87da5fded013ca670ea8652daa0eca3ea04089ef5c432f285,modern,LSTM,1,120,2026-05-31,2026-04-30,2016-05-31,2026-04-30,-3.511913129771558,-3.2372756219261025,-3.2442354581270334,ok,[],0.2787450000178069,,0.07165133589703382,0.2676776716445244,8.387988822153219e-05,0.009158596411106463,0.12081655675350311,1.0
0a8ac71748b632f87da5fded013ca670ea8652daa0eca3ea04089ef5c432f285,modern,LSTM,1,120,2026-06-30,2026-05-31,2016-06-30,2026-05-31,-3.0167824583115244,-3.511913129771558,-3.277478082010333,ok,[],0.2760419580154121,,0.06796220821571088,0.2606956236988087,0.00012623015164138696,0.011235219252038964,0.1629781474873636,1.0
0a8ac71748b632f87da5fded013ca670ea8652daa0eca3ea04089ef5c432f285,modern,LSTM,1,120,2026-07-31,2026-06-30,2016-07-31,2026-06-30,-3.371790235714744,-3.0167824583115244,-3.300217936504749,ok,[],0.2773874159902334,,0.005122594014205078,0.0715722992099952,6.487225435569315e-06,0.0025470032264544376,0.009773345107511822,1.0
0a8ac71748b632f87da5fded013ca670ea8652daa0eca3ea04089ef5c432f285,modern,LSTM,1,120,2026-08-31,2026-07-31,2016-08-31,2026-07-31,-3.5077496504538077,-3.371790235714744,-3.309004423202209,ok,[],0.27880045902566053,,0.03949966535528957,0.1987452272515986,4.340540450633555e-05,0.006588277810348889,0.06949481173561434,0.0
0a8ac71748b632f87da5fded013ca670ea8652daa0eca3ea04089ef5c432f285,modern,LSTM,2,120,2025-09-30,2025-08-31,2015-09-30,2025-08-31,-3.84430960652608,-3.3885322185760227,-3.3950590680051516,ok,[],0.286872750002658,,0.2018260463613442,0.44925053852092844,0.00014731651191436017,0.012137401365793263,0.3056806103420785,1.0
0a8ac71748b632f87da5fded013ca670ea8652daa0eca3ea04089ef5c432f285,modern,LSTM,2,120,2025-10-31,2025-09-30,2015-10-31,2025-09-30,-3.200563742469265,-3.84430960652608,-3.4104705946092126,ok,[],0.285081917012576,,0.04406088657530184,0.20990685213994764,5.949925541247173e-05,0.007713576045678926,0.10186434282379431,1.0
0a8ac71748b632f87da5fded013ca670ea8652daa0eca3ea04089ef5c432f285,modern,LSTM,2,120,2025-11-30,2025-10-31,2015-11-30,2025-10-31,-3.187697796475165,-3.200563742469265,-3.356812069935718,ok,[],0.28549483299138956,,0.028599637488090652,0.16911427346055286,4.122406510996129e-05,0.006420596943428336,0.06423244800150546,0.0
0a8ac71748b632f87da5fded013ca670ea8652daa0eca3ea04089ef5c432f285,modern,LSTM,2,120,2025-12-31,2025-11-30,2015-12-31,2025-11-30,-3.6690396499504754,-3.187697796475165,-3.3165940202719795,ok,[],0.28468954100389965,,0.12421792187947148,0.3524456296784959,0.00011610557025384152,0.01077522947569292,0.19905356621862003,1.0
0a8ac71748b632f87da5fded013ca670ea8652daa0eca3ea04089ef5c432f285,modern,LSTM,2,120,2026-01-31,2025-12-31,2016-01-31,2025-12-31,-3.5432590006801346,-3.6690396499504754,-3.295935512386613,ok,[],0.2860581249988172,,0.061168907861675594,0.24732348829352135,6.584441416972354e-05,0.008114457108748776,0.10443311467400407,1.0
0a8ac71748b632f87da5fded013ca670ea8652daa0eca3ea04089ef5c432f285,modern,LSTM,2,120,2026-02-28,2026-01-31,2016-02-29,2026-01-31,-3.319270460859548,-3.5432590006801346,-3.3564727974378896,ok,[],0.28784158299095,,0.0013840138468882298,0.03720233657834182,1.7456294657455126e-06,0.0013212227161782802,0.0028379753296863403,1.0
0a8ac71748b632f87da5fded013ca670ea8652daa0eca3ea04089ef5c432f285,modern,LSTM,2,120,2026-03-31,2026-02-28,2016-03-31,2026-02-28,-2.9305194230637723,-3.319270460859548,-3.3812071883966697,ok,[],0.29128445897367783,,0.20311946182076074,0.45068776533289734,0.0003749231299438684,0.019362931852998616,0.5616131679521044,0.0
0a8ac71748b632f87da5fded013ca670ea8652daa0eca3ea04089ef5c432f285,modern,LSTM,2,120,2026-04-30,2026-03-31,2016-04-30,2026-03-31,-3.2372756219261025,-2.9305194230637723,-3.304784275927,ok,[],0.2917987499968149,,0.004557418365012902,0.06750865400089756,6.572087188513558e-06,0.0025636082361612036,0.00953928616567118,1.0
0a8ac71748b632f87da5fded013ca670ea8652daa0eca3ea04089ef5c432f285,modern,LSTM,2,120,2026-05-31,2026-04-30,2016-05-31,2026-04-30,-3.511913129771558,-3.2372756219261025,-3.2587912547782905,ok,[],0.291076499997871,,0.06407068360010724,0.2531218749932673,7.387497781386328e-05,0.008595055428201919,0.10899918195442343,1.0
0a8ac71748b632f87da5fded013ca670ea8652daa0eca3ea04089ef5c432f285,modern,LSTM,2,120,2026-06-30,2026-05-31,2016-06-30,2026-05-31,-3.0167824583115244,-3.511913129771558,-3.2710971170032828,ok,[],0.30441945799975656,,0.06467594562550556,0.2543146586917584,0.0001208622917881386,0.010993738753860699,0.15438085550584146,1.0
0a8ac71748b632f87da5fded013ca670ea8652daa0eca3ea04089ef5c432f285,modern,LSTM,2,120,2026-07-31,2026-06-30,2016-07-31,2026-06-30,-3.371790235714744,-3.0167824583115244,-3.3017612279658213,ok,[],0.2929273329791613,,0.0049040619262986805,0.07002900774892273,6.20078747879684e-06,0.0024901380441246304,0.009365816108832387,1.0
0a8ac71748b632f87da5fded013ca670ea8652daa0eca3ea04089ef5c432f285,modern,LSTM,2,120,2026-08-31,2026-07-31,2016-08-31,2026-07-31,-3.5077496504538077,-3.371790235714744,-3.2867380404631064,ok,[],0.29001620900817215,,0.04884613175068188,0.22101160999070135,5.4927362607620455e-05,0.007411299657119556,0.08475793097562556,0.0
0a8ac71748b632f87da5fded013ca670ea8652daa0eca3ea04089ef5c432f285,modern,LSTM,3,120,2025-09-30,2025-08-31,2015-09-30,2025-08-31,-3.84430960652608,-3.3885322185760227,-3.4035142502856974,ok,[],0.2811435000039637,,0.19430054608308578,0.4407953562403826,0.00014054154860248643,0.011855022083593368,0.2957143483061103,1.0
0a8ac71748b632f87da5fded013ca670ea8652daa0eca3ea04089ef5c432f285,modern,LSTM,3,120,2025-10-31,2025-09-30,2015-10-31,2025-09-30,-3.200563742469265,-3.84430960652608,-3.3880310109534184,ok,[],0.2796508749888744,,0.03514397675290966,0.1874672684841534,4.849892235691366e-05,0.006964116767897682,0.07996163261835432,1.0
0a8ac71748b632f87da5fded013ca670ea8652daa0eca3ea04089ef5c432f285,modern,LSTM,3,120,2025-11-30,2025-10-31,2015-11-30,2025-10-31,-3.187697796475165,-3.200563742469265,-3.3801159806842485,ok,[],0.28086537498165853,,0.0370247576143208,0.19241818420908352,5.217548562163236e-05,0.007223260041119409,0.08453749738048055,0.0
0a8ac71748b632f87da5fded013ca670ea8652daa0eca3ea04089ef5c432f285,modern,LSTM,3,120,2025-12-31,2025-11-30,2015-12-31,2025-11-30,-3.6690396499504754,-3.187697796475165,-3.3395739656254886,ok,[],0.27937012500478886,,0.10854763714773186,0.3294656843249868,9.902459565411369e-05,0.009951110272432603,0.1763353219012896,1.0
0a8ac71748b632f87da5fded013ca670ea8652daa0eca3ea04089ef5c432f285,modern,LSTM,3,120,2026-01-31,2025-12-31,2016-01-31,2025-12-31,-3.5432590006801346,-3.6690396499504754,-3.306532221255736,ok,[],0.2803985419741366,,0.05603956809664775,0.23672677942439835,5.966167512319853e-05,0.007724097042580352,0.096301067952829,1.0
0a8ac71748b632f87da5fded013ca670ea8652daa0eca3ea04089ef5c432f285,modern,LSTM,3,120,2026-02-28,2026-01-31,2016-02-29,2026-01-31,-3.319270460859548,-3.5432590006801346,-3.3458786048048443,ok,[],0.28017291601281613,,0.0007079933242136208,0.026608143945296536,9.024378982045633e-07,0.0009499673142822143,0.001441442257610226,1.0
0a8ac71748b632f87da5fded013ca670ea8652daa0eca3ea04089ef5c432f285,modern,LSTM,3,120,2026-03-31,2026-02-28,2016-03-31,2026-02-28,-2.9305194230637723,-3.319270460859548,-3.385731380864617,ok,[],0.28029395898920484,,0.207217926524878,0.45521195780084467,0.00038089126434772184,0.019516435749073698,0.5749519841180948,0.0
0a8ac71748b632f87da5fded013ca670ea8652daa0eca3ea04089ef5c432f285,modern,LSTM,3,120,2026-04-30,2026-03-31,2016-04-30,2026-03-31,-3.2372756219261025,-2.9305194230637723,-3.2968675681671114,ok,[],0.28143324999837205,,0.0035512000567912865,0.05959194624100883,5.161326416905425e-06,0.0022718552808014478,0.007393175812359959,1.0
0a8ac71748b632f87da5fded013ca670ea8652daa0eca3ea04089ef5c432f285,modern,LSTM,3,120,2026-05-31,2026-04-30,2016-05-31,2026-04-30,-3.511913129771558,-3.2372756219261025,-3.239724685584834,ok,[],0.2822660410020035,,0.07408654914878922,0.2721884441867237,8.714047994199866e-05,0.009334906530972801,0.12458009046047158,1.0
0a8ac71748b632f87da5fded013ca670ea8652daa0eca3ea04089ef5c432f285,modern,LSTM,3,120,2026-06-30,2026-05-31,2016-06-30,2026-05-31,-3.0167824583115244,-3.511913129771558,-3.268064633156812,ok,[],0.2803560419997666,,0.0631427313949778,0.2512821748452878,0.0001183403810678295,0.010878436517617295,0.15039024443089877,1.0
0a8ac71748b632f87da5fded013ca670ea8652daa0eca3ea04089ef5c432f285,modern,LSTM,3,120,2026-07-31,2026-06-30,2016-07-31,2026-06-30,-3.371790235714744,-3.0167824583115244,-3.2880391442016865,ok,[],0.2818637909949757,,0.00701424532962853,0.08375109151305749,8.99306310101483e-06,0.0029988436273028357,0.013276953964531463,1.0
0a8ac71748b632f87da5fded013ca670ea8652daa0eca3ea04089ef5c432f285,modern,LSTM,3,120,2026-08-31,2026-07-31,2016-08-31,2026-07-31,-3.5077496504538077,-3.371790235714744,-3.297389687153262,ok,[],0.2805533749924507,,0.044251314159806855,0.21035996330054552,4.921444911275806e-05,0.0070153010707137906,0.07729389116336133,0.0
0a8ac71748b632f87da5fded013ca670ea8652daa0eca3ea04089ef5c432f285,modern,LSTM,4,120,2025-09-30,2025-08-31,2015-09-30,2025-08-31,-3.84430960652608,-3.3885322185760227,-3.4124649213872367,ok,[],0.2796267079829704,,0.18648983208266673,0.43184468513884333,0.00013360319932775739,0.011558685017239521,0.2852931273732561,1.0
0a8ac71748b632f87da5fded013ca670ea8652daa0eca3ea04089ef5c432f285,modern,LSTM,4,120,2025-10-31,2025-09-30,2015-10-31,2025-09-30,-3.200563742469265,-3.84430960652608,-3.382135260136711,ok,[],0.27967133300262503,,0.032968216028059716,0.18157151766744617,4.5757093092928625e-05,0.006764398945429566,0.07469847133997115,1.0
0a8ac71748b632f87da5fded013ca670ea8652daa0eca3ea04089ef5c432f285,modern,LSTM,4,120,2025-11-30,2025-10-31,2015-11-30,2025-10-31,-3.187697796475165,-3.200563742469265,-3.35713540627172,ok,[],0.2829796670121141,,0.028709103613569587,0.16943760979655487,4.1368850778110926e-05,0.006431862154781531,0.06449300183614826,0.0
0a8ac71748b632f87da5fded013ca670ea8652daa0eca3ea04089ef5c432f285,modern,LSTM,4,120,2025-12-31,2025-11-30,2015-12-31,2025-11-30,-3.6690396499504754,-3.187697796475165,-3.3609844087254483,ok,[],0.2904592909908388,,0.0948980316462096,0.30805524122502703,8.464246653388174e-05,0.009200134049777847,0.15615133876139897,1.0
0a8ac71748b632f87da5fded013ca670ea8652daa0eca3ea04089ef5c432f285,modern,LSTM,4,120,2026-01-31,2025-12-31,2016-01-31,2025-12-31,-3.5432590006801346,-3.6690396499504754,-3.308443302556852,ok,[],0.2960026249929797,,0.055138412085124544,0.2348156981232825,5.8585799700604384e-05,0.007654136117198621,0.09486408517560885,1.0
0a8ac71748b632f87da5fded013ca670ea8652daa0eca3ea04089ef5c432f285,modern,LSTM,4,120,2026-02-28,2026-01-31,2016-02-29,2026-01-31,-3.319270460859548,-3.5432590006801346,-3.351937072221252,ok,[],0.2887536250054836,,0.001067107497856624,0.032666611361704234,1.3520046077812655e-06,0.0011627573297043822,0.0021814625510536423,1.0
0a8ac71748b632f87da5fded013ca670ea8652daa0eca3ea04089ef5c432f285,modern,LSTM,4,120,2026-03-31,2026-02-28,2016-03-31,2026-02-28,-2.9305194230637723,-3.319270460859548,-3.362227219661559,ok,[],0.28346225002314895,,0.18637162164331597,0.4317077965977867,0.00035011378477098164,0.018711327712671318,0.5078304964468243,0.0
0a8ac71748b632f87da5fded013ca670ea8652daa0eca3ea04089ef5c432f285,modern,LSTM,4,120,2026-04-30,2026-03-31,2016-04-30,2026-03-31,-3.2372756219261025,-2.9305194230637723,-3.3232926600838564,ok,[],0.2919675000011921,,0.007398930853432482,0.08601703815775386,1.0476546027451997e-05,0.0032367492994441194,0.015684229272535044,1.0
0a8ac71748b632f87da5fded013ca670ea8652daa0eca3ea04089ef5c432f285,modern,LSTM,4,120,2026-05-31,2026-04-30,2016-05-31,2026-04-30,-3.511913129771558,-3.2372756219261025,-3.2560066201854863,ok,[],0.2922995830012951,,0.06548814164852612,0.25590650958607153,7.572883365975775e-05,0.008702231533334295,0.11122087431711575,1.0
0a8ac71748b632f87da5fded013ca670ea8652daa0eca3ea04089ef5c432f285,modern,LSTM,4,120,2026-06-30,2026-05-31,2016-06-30,2026-05-31,-3.0167824583115244,-3.511913129771558,-3.2703667794816913,ok,[],0.28497074998449534,,0.06430500794333438,0.25358432117016694,0.00012025318984379155,0.010966001543123709,0.15341418630508075,1.0
0a8ac71748b632f87da5fded013ca670ea8652daa0eca3ea04089ef5c432f285,modern,LSTM,4,120,2026-07-31,2026-06-30,2016-07-31,2026-06-30,-3.371790235714744,-3.0167824583115244,-3.288086113941806,ok,[],0.28657670799293555,,0.007006380001778826,0.08370412177293796,8.982551047835964e-06,0.0029970904303734253,0.013262469858613513,1.0
0a8ac71748b632f87da5fded013ca670ea8652daa0eca3ea04089ef5c432f285,modern,LSTM,4,120,2026-08-31,2026-07-31,2016-08-31,2026-07-31,-3.5077496504538077,-3.371790235714744,-3.289771782427616,ok,[],0.29078279100940563,,0.04751435094924384,0.21797786802619168,5.3262024931075616e-05,0.0072980836478541145,0.08260208447443923,0.0
0a8ac71748b632f87da5fded013ca670ea8652daa0eca3ea04089ef5c432f285,modern,LSTM,0,571,2025-09-30,2025-08-31,1978-02-28,2025-08-31,-3.84430960652608,-3.3885322185760227,-3.4814360007123972,ok,[],1.255452499986859,,0.13167725379622403,0.3628736058136828,8.764763616760039e-05,0.009362031626073498,0.20971002280502615,1.0
0a8ac71748b632f87da5fded013ca670ea8652daa0eca3ea04089ef5c432f285,modern,LSTM,0,571,2025-10-31,2025-09-30,1978-03-31,2025-09-30,-3.200563742469265,-3.84430960652608,-3.464698837067997,ok,[],1.2525238339731004,,0.06976734819868109,0.26413509459873197,8.943117885455006e-05,0.009456805954155455,0.16772582830708027,1.0
0a8ac71748b632f87da5fded013ca670ea8652daa0eca3ea04089ef5c432f285,modern,LSTM,0,571,2025-11-30,2025-10-31,1978-04-30,2025-10-31,-3.187697796475165,-3.200563742469265,-3.4146752250952748,ok,[],1.2541297919815406,,0.051518753102997056,0.22697742862010983,7.021904176548927e-05,0.008379680290171533,0.12057206014003641,0.0
0a8ac71748b632f87da5fded013ca670ea8652daa0eca3ea04089ef5c432f285,modern,LSTM,0,571,2025-12-31,2025-11-30,1978-05-31,2025-11-30,-3.6690396499504754,-3.187697796475165,-3.300333683364329,ok,[],1.2008212500077207,,0.1359440897962246,0.3687059665861465,0.00012927494726123708,0.011369914127258705,0.2157622506464375,1.0
0a8ac71748b632f87da5fded013ca670ea8652daa0eca3ea04089ef5c432f285,modern,LSTM,0,571,2026-01-31,2025-12-31,1978-06-30,2025-12-31,-3.5432590006801346,-3.6690396499504754,-3.301370372628397,ok,[],1.1974998750083614,,0.058510108380751866,0.2418886280517376,6.262715093010653e-05,0.007913731795436748,0.10022775331011524,1.0
0a8ac71748b632f87da5fded013ca670ea8652daa0eca3ea04089ef5c432f285,modern,LSTM,0,571,2026-02-28,2026-01-31,1978-07-31,2026-01-31,-3.319270460859548,-3.5432590006801346,-3.444962320018817,ok,[],1.2065105419897009,,0.015798443458913587,0.12569185915926928,1.8260683056007533e-05,0.004273252046861679,0.03441965767348765,1.0
0a8ac71748b632f87da5fded013ca670ea8652daa0eca3ea04089ef5c432f285,modern,LSTM,0,571,2026-03-31,2026-02-28,1978-08-31,2026-02-28,-2.9305194230637723,-3.319270460859548,-3.331964867726115,ok,[],1.199935334007023,,0.16115844504014612,0.4014454446623428,0.00031139770212517895,0.017646464295296635,0.429093140338596,0.0
0a8ac71748b632f87da5fded013ca670ea8652daa0eca3ea04089ef5c432f285,modern,LSTM,0,571,2026-04-30,2026-03-31,1978-09-30,2026-03-31,-3.2372756219261025,-2.9305194230637723,-3.2297654231887627,ok,[],1.201275874977,,5.640308507434068e-05,0.007510198737339824,8.764046241637763e-08,0.00029604131876543455,0.00011224348682759011,1.0
0a8ac71748b632f87da5fded013ca670ea8652daa0eca3ea04089ef5c432f285,modern,LSTM,0,571,2026-05-31,2026-04-30,1978-10-31,2026-04-30,-3.511913129771558,-3.2372756219261025,-3.140139190959673,ok,[],1.2099628750002012,,0.13821586157970306,0.3717739388118848,0.00018055300419833037,0.013437001309753987,0.21897205063222303,0.0
0a8ac71748b632f87da5fded013ca670ea8652daa0eca3ea04089ef5c432f285,modern,LSTM,0,571,2026-06-30,2026-05-31,1978-11-30,2026-05-31,-3.0167824583115244,-3.511913129771558,-3.3064816868478397,ok,[],1.2004207090067212,,0.08392564301453627,0.28969922853631536,0.00015162513493608792,0.012313615835167505,0.20556591796911028,1.0
0a8ac71748b632f87da5fded013ca670ea8652daa0eca3ea04089ef5c432f285,modern,LSTM,0,571,2026-07-31,2026-06-30,1978-12-31,2026-06-30,-3.371790235714744,-3.0167824583115244,-3.2255731641967493,ok,[],1.193869624985382,,0.021379432003298372,0.14621707151799468,2.9212670009752775e-05,0.005404874652547714,0.038878545015306853,1.0
0a8ac71748b632f87da5fded013ca670ea8652daa0eca3ea04089ef5c432f285,modern,LSTM,0,571,2026-08-31,2026-07-31,1979-01-31,2026-07-31,-3.5077496504538077,-3.371790235714744,-3.2551267763036034,ok,[],1.1978612079983577,,0.06381831654390999,0.25262287415020435,7.416070755418163e-05,0.008611661137909551,0.10860303148003109,0.0
0a8ac71748b632f87da5fded013ca670ea8652daa0eca3ea04089ef5c432f285,modern,LSTM,1,571,2025-09-30,2025-08-31,1978-02-28,2025-08-31,-3.84430960652608,-3.3885322185760227,-3.503721255222084,ok,[],1.2292573339946102,,0.1160004250439742,0.340588351303996,7.541269633530475e-05,0.008684048383979948,0.18719790803817765,1.0
0a8ac71748b632f87da5fded013ca670ea8652daa0eca3ea04089ef5c432f285,modern,LSTM,1,571,2025-10-31,2025-09-30,1978-03-31,2025-09-30,-3.200563742469265,-3.84430960652608,-3.658149582968041,ok,[],1.2425922919937875,,0.2093848014249711,0.4575858404987758,0.00022377342764216964,0.014959058380866412,0.5820322565707838,1.0
0a8ac71748b632f87da5fded013ca670ea8652daa0eca3ea04089ef5c432f285,modern,LSTM,1,571,2025-11-30,2025-10-31,1978-04-30,2025-10-31,-3.187697796475165,-3.200563742469265,-3.4482053289504675,ok,[],1.2462009580049198,,0.06786417447637082,0.26050753247530256,8.95692957640521e-05,0.009464105650511943,0.16272081889907197,0.0
0a8ac71748b632f87da5fded013ca670ea8652daa0eca3ea04089ef5c432f285,modern,LSTM,1,571,2025-12-31,2025-11-30,1978-05-31,2025-11-30,-3.6690396499504754,-3.187697796475165,-3.2480043603989506,ok,[],1.2628373749903403,,0.17727071504773634,0.4210352895515248,0.0001782416286779147,0.013350716410661816,0.27288813654114497,1.0
0a8ac71748b632f87da5fded013ca670ea8652daa0eca3ea04089ef5c432f285,modern,LSTM,1,571,2026-01-31,2025-12-31,1978-06-30,2025-12-31,-3.5432590006801346,-3.6690396499504754,-3.4169595480812696,ok,[],1.2426275000034366,,0.015951551726772945,0.126299452598865,1.5156385995306627e-05,0.003893120341744733,0.02937828671927567,1.0
0a8ac71748b632f87da5fded013ca670ea8652daa0eca3ea04089ef5c432f285,modern,LSTM,1,571,2026-02-28,2026-01-31,1978-07-31,2026-01-31,-3.319270460859548,-3.5432590006801346,-3.4503005148579446,ok,[],1.240682834002655,,0.017168875050822794,0.13103005399839684,1.974130206700772e-05,0.0044431185069731954,0.03754454871745677,1.0
0a8ac71748b632f87da5fded013ca670ea8652daa0eca3ea04089ef5c432f285,modern,LSTM,1,571,2026-03-31,2026-02-28,1978-08-31,2026-02-28,-2.9305194230637723,-3.319270460859548,-3.3739132490660446,ok,[],1.2413435000053141,,0.19659808493693331,0.4433938260022723,0.00036534440716583596,0.019113984596777198,0.5405320662586937,0.0
0a8ac71748b632f87da5fded013ca670ea8652daa0eca3ea04089ef5c432f285,modern,LSTM,1,571,2026-04-30,2026-03-31,1978-09-30,2026-03-31,-3.2372756219261025,-2.9305194230637723,-3.1523624367667766,ok,[],1.2651591660105623,,0.007210249013901962,0.08491318515932589,1.2112300739562719e-05,0.0034802730840499743,0.013637684886135787,1.0
0a8ac71748b632f87da5fded013ca670ea8652daa0eca3ea04089ef5c432f285,modern,LSTM,1,571,2026-05-31,2026-04-30,1978-10-31,2026-04-30,-3.511913129771558,-3.2372756219261025,-3.13921237733767,ok,[],1.275576167012332,,0.13890585086478602,0.37270075243388767,0.0001816330170244453,0.013477129405939727,0.21994523493528773,0.0
0a8ac71748b632f87da5fded013ca670ea8652daa0eca3ea04089ef5c432f285,modern,LSTM,1,571,2026-06-30,2026-05-31,1978-11-30,2026-05-31,-3.0167824583115244,-3.511913129771558,-3.3289734824022488,ok,[],1.2532349999819417,,0.09746323552281527,0.3121910240907244,0.0001723607947106148,0.013128625012186722,0.24270977989877018,1.0
0a8ac71748b632f87da5fded013ca670ea8652daa0eca3ea04089ef5c432f285,modern,LSTM,1,571,2026-07-31,2026-06-30,1978-12-31,2026-06-30,-3.371790235714744,-3.0167824583115244,-3.2774992603306545,ok,[],1.2589289159805048,,0.008890788038882968,0.09429097538408948,1.1521585960170185e-05,0.0033943461756530055,0.016714585320349695,1.0
0a8ac71748b632f87da5fded013ca670ea8652daa0eca3ea04089ef5c432f285,modern,LSTM,1,571,2026-08-31,2026-07-31,1979-01-31,2026-07-31,-3.5077496504538077,-3.371790235714744,-3.1319087924354143,ok,[],1.2604280420055147,,0.14125635055600214,0.3758408580183934,0.0001868732728508469,0.013670159942401804,0.22325454996270944,0.0
0a8ac71748b632f87da5fded013ca670ea8652daa0eca3ea04089ef5c432f285,modern,LSTM,2,571,2025-09-30,2025-08-31,1978-02-28,2025-08-31,-3.84430960652608,-3.3885322185760227,-3.4245973730091985,ok,[],1.2933200419938657,,0.17615835896372925,0.41971223351688147,0.0001245727683929599,0.01116121715553281,0.27138352561417356,1.0
0a8ac71748b632f87da5fded013ca670ea8652daa0eca3ea04089ef5c432f285,modern,LSTM,2,571,2025-10-31,2025-09-30,1978-03-31,2025-09-30,-3.200563742469265,-3.84430960652608,-3.619338738330832,ok,[],1.2886385419988073,,0.17537249715885542,0.41877499586156697,0.00019429121488117983,0.013938838361971913,0.4731488131619006,1.0
0a8ac71748b632f87da5fded013ca670ea8652daa0eca3ea04089ef5c432f285,modern,LSTM,2,571,2025-11-30,2025-10-31,1978-04-30,2025-10-31,-3.187697796475165,-3.200563742469265,-3.491507654986612,ok,[],1.2893682080029976,,0.09230043012874548,0.30380985851144704,0.00011689597351799099,0.010811844131229001,0.22843614380483668,0.0
0a8ac71748b632f87da5fded013ca670ea8652daa0eca3ea04089ef5c432f285,modern,LSTM,2,571,2025-12-31,2025-11-30,1978-05-31,2025-11-30,-3.6690396499504754,-3.187697796475165,-3.312093312674092,ok,[],1.290206167002907,,0.1274106876950257,0.3569463372763835,0.00011965878733234727,0.010938865907046638,0.20362678125006783,1.0
0a8ac71748b632f87da5fded013ca670ea8652daa0eca3ea04089ef5c432f285,modern,LSTM,2,571,2026-01-31,2025-12-31,1978-06-30,2025-12-31,-3.5432590006801346,-3.6690396499504754,-3.388230003289907,ok,[],1.2902950830175541,,0.024033990031819153,0.15502899739022746,2.351733447044004e-05,0.0048494674419404075,0.04346241614295454,1.0
0a8ac71748b632f87da5fded013ca670ea8652daa0eca3ea04089ef5c432f285,modern,LSTM,2,571,2026-02-28,2026-01-31,1978-07-31,2026-01-31,-3.319270460859548,-3.5432590006801346,-3.4593593841108308,ok,[],1.2965204160136636,,0.01962490641770385,0.14008892325128297,2.2366405321072254e-05,0.0047293134090555106,0.043187300770563264,1.0
0a8ac71748b632f87da5fded013ca670ea8652daa0eca3ea04089ef5c432f285,modern,LSTM,2,571,2026-03-31,2026-02-28,1978-08-31,2026-02-28,-2.9305194230637723,-3.319270460859548,-3.430951288478412,ok,[],1.2901952079846524,,0.25043205192237616,0.5004318654146398,0.000441553044276073,0.021013163595138953,0.7197669757008505,0.0
0a8ac71748b632f87da5fded013ca670ea8652daa0eca3ea04089ef5c432f285,modern,LSTM,2,571,2026-04-30,2026-03-31,1978-09-30,2026-03-31,-3.2372756219261025,-2.9305194230637723,-3.1598767564405517,ok,[],1.2873622080078349,,0.005990584378450396,0.07739886548555086,9.987068013455898e-06,0.003160232272073668,0.011386152241334185,1.0
0a8ac71748b632f87da5fded013ca670ea8652daa0eca3ea04089ef5c432f285,modern,LSTM,2,571,2026-05-31,2026-04-30,1978-10-31,2026-04-30,-3.511913129771558,-3.2372756219261025,-3.2121729489642386,ok,[],1.2905156670021825,,0.08984417599040442,0.29974018080731923,0.00010876911332439779,0.010429243180806447,0.14857725541011924,0.0
0a8ac71748b632f87da5fded013ca670ea8652daa0eca3ea04089ef5c432f285,modern,LSTM,2,571,2026-06-30,2026-05-31,1978-11-30,2026-05-31,-3.0167824583115244,-3.511913129771558,-3.4257208724179518,ok,[],1.3009120830101892,,0.1672306265318799,0.4089384141064274,0.00027003249975329194,0.01643266563139687,0.4478074620478216,1.0
0a8ac71748b632f87da5fded013ca670ea8652daa0eca3ea04089ef5c432f285,modern,LSTM,2,571,2026-07-31,2026-06-30,1978-12-31,2026-06-30,-3.371790235714744,-3.0167824583115244,-3.2049364636907245,ok,[],1.342069749982329,,0.02784018123864348,0.16685377202401952,3.8854674919571834e-05,0.006233351820615601,0.04997077109098269,1.0
0a8ac71748b632f87da5fded013ca670ea8652daa0eca3ea04089ef5c432f285,modern,LSTM,2,571,2026-08-31,2026-07-31,1979-01-31,2026-07-31,-3.5077496504538077,-3.371790235714744,-3.2928327836163023,ok,[],1.2917947499954607,,0.04618925965125004,0.21491686683750544,5.1612699956251664e-05,0.007184197934094777,0.08045099514687376,0.0
0a8ac71748b632f87da5fded013ca670ea8652daa0eca3ea04089ef5c432f285,modern,LSTM,3,571,2025-09-30,2025-08-31,1978-02-28,2025-08-31,-3.84430960652608,-3.3885322185760227,-3.5054220211243607,ok,[],1.2685547500150278,,0.11484479553940756,0.33888758540171926,7.452737601591593e-05,0.008632923955179724,0.1855205542183445,1.0
0a8ac71748b632f87da5fded013ca670ea8652daa0eca3ea04089ef5c432f285,modern,LSTM,3,571,2025-10-31,2025-09-30,1978-03-31,2025-09-30,-3.200563742469265,-3.84430960652608,-3.5565047587995116,ok,[],1.2756768749968614,,0.12669400710620884,0.35594101633024655,0.0001488602987059007,0.012200831885814209,0.32594086847335224,1.0
0a8ac71748b632f87da5fded013ca670ea8652daa0eca3ea04089ef5c432f285,modern,LSTM,3,571,2025-11-30,2025-10-31,1978-04-30,2025-10-31,-3.187697796475165,-3.200563742469265,-3.313328574901969,ok,[],1.3176138330018148,,0.01578309248812473,0.12563077842680404,2.373577167882477e-05,0.004871937158751616,0.03438475310829786,0.0
0a8ac71748b632f87da5fded013ca670ea8652daa0eca3ea04089ef5c432f285,modern,LSTM,3,571,2025-12-31,2025-11-30,1978-05-31,2025-11-30,-3.6690396499504754,-3.187697796475165,-3.300344587054,ok,[],1.2725585410080384,,0.13593604940423593,0.36869506289647536,0.00012926580541505032,0.011369512101011649,0.2157508749476703,1.0
0a8ac71748b632f87da5fded013ca670ea8652daa0eca3ea04089ef5c432f285,modern,LSTM,3,571,2026-01-31,2025-12-31,1978-06-30,2025-12-31,-3.5432590006801346,-3.6690396499504754,-3.370278546051612,ok,[],1.2698999159911182,,0.029922237683490414,0.17298045462852274,2.9823974091355166e-05,0.005461133040986565,0.05350105409289485,1.0
0a8ac71748b632f87da5fded013ca670ea8652daa0eca3ea04089ef5c432f285,modern,LSTM,3,571,2026-02-28,2026-01-31,1978-07-31,2026-01-31,-3.319270460859548,-3.5432590006801346,-3.428740565397694,ok,[],1.2722627079929225,,0.011983703787592635,0.1094701045381461,1.4073456481044112e-05,0.00375146057970014,0.025816640224408743,1.0
0a8ac71748b632f87da5fded013ca670ea8652daa0eca3ea04089ef5c432f285,modern,LSTM,3,571,2026-03-31,2026-02-28,1978-08-31,2026-02-28,-2.9305194230637723,-3.319270460859548,-3.4241803068792973,ok,[],1.274265457992442,,0.24370106820952525,0.493660883815525,0.00043236287795910114,0.020793337345387852,0.6967145968473054,0.0
0a8ac71748b632f87da5fded013ca670ea8652daa0eca3ea04089ef5c432f285,modern,LSTM,3,571,2026-04-30,2026-03-31,1978-09-30,2026-03-31,-3.2372756219261025,-2.9305194230637723,-3.1344868859834962,ok,[],1.2888715830049478,,0.010565524236678843,0.10278873594260629,1.807390931222051e-05,0.004251342060128838,0.01975448818065234,1.0
0a8ac71748b632f87da5fded013ca670ea8652daa0eca3ea04089ef5c432f285,modern,LSTM,3,571,2026-05-31,2026-04-30,1978-10-31,2026-04-30,-3.511913129771558,-3.2372756219261025,-3.218352615085062,ok,[],1.2844507090048864,,0.08617777578300038,0.2935605146864959,0.00010365604806273806,0.010181161429951794,0.1430465055472241,0.0
0a8ac71748b632f87da5fded013ca670ea8652daa0eca3ea04089ef5c432f285,modern,LSTM,3,571,2026-06-30,2026-05-31,1978-11-30,2026-05-31,-3.0167824583115244,-3.511913129771558,-3.3135011467596405,ok,[],1.287107875017682,,0.0880419800743702,0.2967186884481161,0.00015800345141886392,0.012569942379297684,0.21676269639025725,1.0
0a8ac71748b632f87da5fded013ca670ea8652daa0eca3ea04089ef5c432f285,modern,LSTM,3,571,2026-07-31,2026-06-30,1978-12-31,2026-06-30,-3.371790235714744,-3.0167824583115244,-3.2235964510712702,ok,[],1.2695922919956502,,0.021961397806956284,0.14819378464347377,3.0068696310056856e-05,0.00548349307559122,0.0398867839989297,1.0
0a8ac71748b632f87da5fded013ca670ea8652daa0eca3ea04089ef5c432f285,modern,LSTM,3,571,2026-08-31,2026-07-31,1979-01-31,2026-07-31,-3.5077496504538077,-3.371790235714744,-3.2072067376919513,ok,[],1.2855278750066645,,0.09032604241138083,0.3005429127618564,0.00011035983132699515,0.010505228761288121,0.14930187134763384,0.0
0a8ac71748b632f87da5fded013ca670ea8652daa0eca3ea04089ef5c432f285,modern,LSTM,4,571,2025-09-30,2025-08-31,1978-02-28,2025-08-31,-3.84430960652608,-3.3885322185760227,-3.4325839063202475,ok,[],1.269687416992383,,0.1695180522099831,0.41172570020583255,0.00011885779660861661,0.010902192284518587,0.2623655691558616,1.0
0a8ac71748b632f87da5fded013ca670ea8652daa0eca3ea04089ef5c432f285,modern,LSTM,4,571,2025-10-31,2025-09-30,1978-03-31,2025-09-30,-3.200563742469265,-3.84430960652608,-3.5637963915803983,ok,[],1.2709275829838589,,0.13193795738029168,0.3632326491111333,0.0001539625981232115,0.012408166589920184,0.34129346622842793,1.0
0a8ac71748b632f87da5fded013ca670ea8652daa0eca3ea04089ef5c432f285,modern,LSTM,4,571,2025-11-30,2025-10-31,1978-04-30,2025-10-31,-3.187697796475165,-3.200563742469265,-3.403986673609311,ok,[],1.2434543750132434,,0.04678087837194981,0.21628887713414624,6.442116540255737e-05,0.008026279673831294,0.10864755321166342,0.0
0a8ac71748b632f87da5fded013ca670ea8652daa0eca3ea04089ef5c432f285,modern,LSTM,4,571,2025-12-31,2025-11-30,1978-05-31,2025-11-30,-3.6690396499504754,-3.187697796475165,-3.1837591918006445,ok,[],1.2677346249984112,,0.23549712306210976,0.4852804581498309,0.0002537225950653263,0.015928672106152675,0.3494313801718122,0.0
0a8ac71748b632f87da5fded013ca670ea8652daa0eca3ea04089ef5c432f285,modern,LSTM,4,571,2026-01-31,2025-12-31,1978-06-30,2025-12-31,-3.5432590006801346,-3.6690396499504754,-3.42638578780152,ok,[],1.2685044999816455,,0.013659347888569998,0.11687321287861474,1.285422761097721e-05,0.0035852792933015985,0.025308936070428667,1.0
0a8ac71748b632f87da5fded013ca670ea8652daa0eca3ea04089ef5c432f285,modern,LSTM,4,571,2026-02-28,2026-01-31,1978-07-31,2026-01-31,-3.319270460859548,-3.5432590006801346,-3.3886250523541275,ok,[],1.268153250013711,,0.004810059361380023,0.06935459149457968,5.876550929946112e-06,0.002424159840015941,0.010080780767205005,1.0
0a8ac71748b632f87da5fded013ca670ea8652daa0eca3ea04089ef5c432f285,modern,LSTM,4,571,2026-03-31,2026-02-28,1978-08-31,2026-02-28,-2.9305194230637723,-3.319270460859548,-3.3412657150151532,ok,[],1.2677279169729445,,0.16871251635180903,0.4107462919513809,0.0003231788816826468,0.01797717668830806,0.4523986955145274,0.0
0a8ac71748b632f87da5fded013ca670ea8652daa0eca3ea04089ef5c432f285,modern,LSTM,4,571,2026-04-30,2026-03-31,1978-09-30,2026-03-31,-3.2372756219261025,-2.9305194230637723,-3.2275874111770566,ok,[],1.2691622499842197,,9.386142751792873e-05,0.009688210749045911,1.4616258337919948e-07,0.0003823121543702207,0.00018651623993878874,1.0
0a8ac71748b632f87da5fded013ca670ea8652daa0eca3ea04089ef5c432f285,modern,LSTM,4,571,2026-05-31,2026-04-30,1978-10-31,2026-04-30,-3.511913129771558,-3.2372756219261025,-3.2047316001367205,ok,[],1.2657042909995653,,0.0943604921487984,0.30718152963483725,0.00011513325763675149,0.010730016665259728,0.15534842047622766,0.0
0a8ac71748b632f87da5fded013ca670ea8652daa0eca3ea04089ef5c432f285,modern,LSTM,4,571,2026-06-30,2026-05-31,1978-11-30,2026-05-31,-3.0167824583115244,-3.511913129771558,-3.361181933257558,ok,[],1.2660037080058828,,0.11861099834310372,0.34439947494603373,0.00020346919201194921,0.01426426275739301,0.3025234685077235,1.0
0a8ac71748b632f87da5fded013ca670ea8652daa0eca3ea04089ef5c432f285,modern,LSTM,4,571,2026-07-31,2026-06-30,1978-12-31,2026-06-30,-3.371790235714744,-3.0167824583115244,-3.2128925924824996,ok,[],1.2676707499776967,,0.025248461024761634,0.15889764323224442,3.4950796252302465e-05,0.005911919844881396,0.04554704026544365,1.0
0a8ac71748b632f87da5fded013ca670ea8652daa0eca3ea04089ef5c432f285,modern,LSTM,4,571,2026-08-31,2026-07-31,1979-01-31,2026-07-31,-3.5077496504538077,-3.371790235714744,-3.360268749247644,ok,[],1.2697957500058692,,0.021750616220582233,0.14748090120616375,2.2673371887436367e-05,0.004761656422657599,0.03952182973198748,0.0
0a8ac71748b632f87da5fded013ca670ea8652daa0eca3ea04089ef5c432f285,modern,LSTMX,0,120,2025-09-30,2025-08-31,2015-09-30,2025-08-31,-3.84430960652608,-3.3885322185760227,-3.414015971242882,ok,[],0.26526016599382274,,0.1851526125652297,0.43029363528319786,0.00013242490983052615,0.01150760226244052,0.28350091520559295,1.0
0a8ac71748b632f87da5fded013ca670ea8652daa0eca3ea04089ef5c432f285,modern,LSTMX,0,120,2025-10-31,2025-09-30,2015-10-31,2025-09-30,-3.200563742469265,-3.84430960652608,-3.426621055874797,ok,[],0.26534379200893454,,0.051101908944126986,0.22605731340553215,6.794163410242808e-05,0.008242671539156955,0.11951746261647922,1.0
0a8ac71748b632f87da5fded013ca670ea8652daa0eca3ea04089ef5c432f285,modern,LSTMX,0,120,2025-11-30,2025-10-31,2015-11-30,2025-10-31,-3.187697796475165,-3.200563742469265,-3.411935673065532,ok,[],0.26506416700431146,,0.05028262529775665,0.22423787659036698,6.871516173704363e-05,0.008289460883377377,0.11744775837588084,0.0
0a8ac71748b632f87da5fded013ca670ea8652daa0eca3ea04089ef5c432f285,modern,LSTMX,0,120,2025-12-31,2025-11-30,2015-12-31,2025-11-30,-3.6690396499504754,-3.187697796475165,-3.3263444350735907,ok,[],0.26610895901103504,,0.11744001029951417,0.3426952148768847,0.00010864394263540353,0.01042324050549557,0.1892838859199808,1.0
0a8ac71748b632f87da5fded013ca670ea8652daa0eca3ea04089ef5c432f285,modern,LSTMX,0,120,2026-01-31,2025-12-31,2016-01-31,2025-12-31,-3.5432590006801346,-3.6690396499504754,-3.2669761513668085,ok,[],0.2637417080113664,,0.07633221282469002,0.27628284931332603,8.468784957914352e-05,0.009202600153171033,0.12803712702330333,1.0
0a8ac71748b632f87da5fded013ca670ea8652daa0eca3ea04089ef5c432f285,modern,LSTMX,0,120,2026-02-28,2026-01-31,2016-02-29,2026-01-31,-3.319270460859548,-3.5432590006801346,-3.2811431895440397,ok,[],0.2656916249834467,,0.0014536888179663655,0.03812727131550808,1.9769734331710998e-06,0.0014060488729667614,0.0028348649772800827,1.0
0a8ac71748b632f87da5fded013ca670ea8652daa0eca3ea04089ef5c432f285,modern,LSTMX,0,120,2026-03-31,2026-02-28,2016-03-31,2026-02-28,-2.9305194230637723,-3.319270460859548,-3.3212297658727112,ok,[],0.2683814999763854,,0.15265457197787854,0.3907103428089389,0.00029793901860290475,0.017260910132519222,0.40315296868130845,0.0
0a8ac71748b632f87da5fded013ca670ea8652daa0eca3ea04089ef5c432f285,modern,LSTMX,0,120,2026-04-30,2026-03-31,2016-04-30,2026-03-31,-3.2372756219261025,-2.9305194230637723,-3.2704833650866307,ok,[],0.2661220830050297,,0.0011027542058156083,0.033207743160528214,1.6452610444097842e-06,0.0012826772955072466,0.00225515664986993,1.0
0a8ac71748b632f87da5fded013ca670ea8652daa0eca3ea04089ef5c432f285,modern,LSTMX,0,120,2026-05-31,2026-04-30,2016-05-31,2026-04-30,-3.511913129771558,-3.2372756219261025,-3.296991073421265,ok,[],0.2661529579781927,,0.04619149030583849,0.21492205635029293,5.118745459794265e-05,0.0071545408376738374,0.08045462143429588,1.0
0a8ac71748b632f87da5fded013ca670ea8652daa0eca3ea04089ef5c432f285,modern,LSTMX,0,120,2026-06-30,2026-05-31,2016-06-30,2026-05-31,-3.0167824583115244,-3.511913129771558,-3.3755060265033143,ok,[],0.27757241600193083,,0.1286825983762498,0.35872356819178997,0.0002177892305401133,0.014757683779648936,0.3317480752577471,1.0
0a8ac71748b632f87da5fded013ca670ea8652daa0eca3ea04089ef5c432f285,modern,LSTMX,0,120,2026-07-31,2026-06-30,2016-07-31,2026-06-30,-3.371790235714744,-3.0167824583115244,-3.373192137743405,ok,[],0.27126883398159407,,1.9653292979640628e-06,0.001401902028661084,2.312739799809796e-09,4.809095340924108e-05,3.934334771225206e-06,1.0
0a8ac71748b632f87da5fded013ca670ea8652daa0eca3ea04089ef5c432f285,modern,LSTMX,0,120,2026-08-31,2026-07-31,2016-08-31,2026-07-31,-3.5077496504538077,-3.371790235714744,-3.312178235641719,ok,[],0.28546858401387,,0.038248178291602125,0.19557141481208884,4.189261919511328e-05,0.006472450787384426,0.06742638543882962,0.0
0a8ac71748b632f87da5fded013ca670ea8652daa0eca3ea04089ef5c432f285,modern,LSTMX,1,120,2025-09-30,2025-08-31,2015-09-30,2025-08-31,-3.84430960652608,-3.3885322185760227,-3.409333046215691,ok,[],0.2731621249986347,,0.1892046080194575,0.434976560310389,0.00013600394639434973,0.011662072988725021,0.2889243105173369,1.0
0a8ac71748b632f87da5fded013ca670ea8652daa0eca3ea04089ef5c432f285,modern,LSTMX,1,120,2025-10-31,2025-09-30,2015-10-31,2025-09-30,-3.200563742469265,-3.84430960652608,-3.419966030821603,ok,[],0.2733202079834882,,0.048137364134242515,0.2194022883523381,6.441161805665226e-05,0.008025684896421754,0.11204760842280359,1.0
0a8ac71748b632f87da5fded013ca670ea8652daa0eca3ea04089ef5c432f285,modern,LSTMX,1,120,2025-11-30,2025-10-31,2015-11-30,2025-10-31,-3.187697796475165,-3.200563742469265,-3.395658770937036,ok,[],0.2742640410142485,,0.04324776689913101,0.20796097446187112,6.003615678595785e-05,0.007748300251407263,0.09984560804052323,0.0
0a8ac71748b632f87da5fded013ca670ea8652daa0eca3ea04089ef5c432f285,modern,LSTMX,1,120,2025-12-31,2025-11-30,2015-12-31,2025-11-30,-3.6690396499504754,-3.187697796475165,-3.32718213200117,ok,[],0.2739013750106096,,0.11686656257845959,0.3418575179493053,0.00010801776489686914,0.01039315952426735,0.18845341966054985,1.0
0a8ac71748b632f87da5fded013ca670ea8652daa0eca3ea04089ef5c432f285,modern,LSTMX,1,120,2026-01-31,2025-12-31,2016-01-31,2025-12-31,-3.5432590006801346,-3.6690396499504754,-3.2842993883310045,ok,[],0.2735887090093456,,0.06706008082801168,0.25895961234913,7.306657828133639e-05,0.008547899056571526,0.113678124259951,1.0
0a8ac71748b632f87da5fded013ca670ea8652daa0eca3ea04089ef5c432f285,modern,LSTMX,1,120,2026-02-28,2026-01-31,2016-02-29,2026-01-31,-3.319270460859548,-3.5432590006801346,-3.3086175519052423,ok,[],0.27577279100660235,,0.00011348446918872197,0.010652908954305484,1.5013617497993552e-07,0.0003874740958824674,0.00022536556811389788,1.0
0a8ac71748b632f87da5fded013ca670ea8652daa0eca3ea04089ef5c432f285,modern,LSTMX,1,120,2026-03-31,2026-02-28,2016-03-31,2026-02-28,-2.9305194230637723,-3.319270460859548,-3.3721189630562085,ok,[],0.2736902500037104,,0.19501015372153124,0.4415995399924362,0.0003629964443468766,0.01905246557133424,0.5354256373042849,0.0
0a8ac71748b632f87da5fded013ca670ea8652daa0eca3ea04089ef5c432f285,modern,LSTMX,1,120,2026-04-30,2026-03-31,2016-04-30,2026-03-31,-3.2372756219261025,-2.9305194230637723,-3.2324353593536856,ok,[],0.2731599590042606,,2.3428141769939633e-05,0.004840262572416876,3.630604257576884e-08,0.0001905414458215557,4.6705450940782295e-05,1.0
0a8ac71748b632f87da5fded013ca670ea8652daa0eca3ea04089ef5c432f285,modern,LSTMX,1,120,2026-05-31,2026-04-30,2016-05-31,2026-04-30,-3.511913129771558,-3.2372756219261025,-3.3092017380479795,ok,[],0.27425175000098534,,0.04109190833451002,0.20271139172357833,4.4964567450817195e-05,0.0067055624261367665,0.0721176671516292,1.0
0a8ac71748b632f87da5fded013ca670ea8652daa0eca3ea04089ef5c432f285,modern,LSTMX,1,120,2026-06-30,2026-05-31,2016-06-30,2026-05-31,-3.0167824583115244,-3.511913129771558,-3.3365836287333215,ok,[],0.27248420799151063,,0.10227278860315132,0.3198011704217971,0.00017956698501892635,0.01340026063249989,0.2561245354027992,1.0
0a8ac71748b632f87da5fded013ca670ea8652daa0eca3ea04089ef5c432f285,modern,LSTMX,1,120,2026-07-31,2026-06-30,2016-07-31,2026-06-30,-3.371790235714744,-3.0167824583115244,-3.3497034933294936,ok,[],0.2735575420083478,,0.00048782418919241806,0.022086742385250435,5.877238969922709e-07,0.0007666315262186071,0.0009614397057278734,1.0
0a8ac71748b632f87da5fded013ca670ea8652daa0eca3ea04089ef5c432f285,modern,LSTMX,1,120,2026-08-31,2026-07-31,2016-08-31,2026-07-31,-3.5077496504538077,-3.371790235714744,-3.307832905621637,ok,[],0.2806457090191543,,0.03996670486429121,0.1999167448321706,4.397181683377368e-05,0.0066311248543345705,0.07026516020890405,0.0
0a8ac71748b632f87da5fded013ca670ea8652daa0eca3ea04089ef5c432f285,modern,LSTMX,2,120,2025-09-30,2025-08-31,2015-09-30,2025-08-31,-3.84430960652608,-3.3885322185760227,-3.412607508098314,ok,[],0.2598972079867963,,0.18636670178693654,0.43170209842776597,0.00013349458589574317,0.011553985714710883,0.2851282012821621,1.0
0a8ac71748b632f87da5fded013ca670ea8652daa0eca3ea04089ef5c432f285,modern,LSTMX,2,120,2025-10-31,2025-09-30,2015-10-31,2025-09-30,-3.200563742469265,-3.84430960652608,-3.415255007824876,ok,[],0.26082945900270715,,0.046092339419993376,0.214691265355611,6.195590025763332e-05,0.007871207039433871,0.1069260765208162,1.0
0a8ac71748b632f87da5fded013ca670ea8652daa0eca3ea04089ef5c432f285,modern,LSTMX,2,120,2025-11-30,2025-10-31,2015-11-30,2025-10-31,-3.187697796475165,-3.200563742469265,-3.3688264681483613,ok,[],0.2560517499805428,,0.03280759570209656,0.18112867167319635,4.6741120340944666e-05,0.00683674778977144,0.07431124241641546,0.0
0a8ac71748b632f87da5fded013ca670ea8652daa0eca3ea04089ef5c432f285,modern,LSTMX,2,120,2025-12-31,2025-11-30,2015-12-31,2025-11-30,-3.6690396499504754,-3.187697796475165,-3.3308591916562467,ok,[],0.25663674998213537,,0.11436602237209456,0.3381804582942287,0.0001052966811121456,0.01026141711032865,0.18482488906602879,1.0
0a8ac71748b632f87da5fded013ca670ea8652daa0eca3ea04089ef5c432f285,modern,LSTMX,2,120,2026-01-31,2025-12-31,2016-01-31,2025-12-31,-3.5432590006801346,-3.6690396499504754,-3.2739230598050315,ok,[],0.25683625001693144,,0.072541849047077,0.26933594087510304,7.990019920608157e-05,0.008938691134952676,0.12219460689507872,1.0
0a8ac71748b632f87da5fded013ca670ea8652daa0eca3ea04089ef5c432f285,modern,LSTMX,2,120,2026-02-28,2026-01-31,2016-02-29,2026-01-31,-3.319270460859548,-3.5432590006801346,-3.3109232628978984,ok,[],0.2579768339928705,,6.96757138109639e-05,0.0083471979616494,9.196602172105535e-08,0.0003032590010552949,0.00013857919068073835,1.0
0a8ac71748b632f87da5fded013ca670ea8652daa0eca3ea04089ef5c432f285,modern,LSTMX,2,120,2026-03-31,2026-02-28,2016-03-31,2026-02-28,-2.9305194230637723,-3.319270460859548,-3.3013642917245427,ok,[],0.2567259999923408,,0.13752591661202404,0.3708448686607704,0.0002734534306039381,0.016536427383323705,0.35779035149158944,1.0
0a8ac71748b632f87da5fded013ca670ea8652daa0eca3ea04089ef5c432f285,modern,LSTMX,2,120,2026-04-30,2026-03-31,2016-04-30,2026-03-31,-3.2372756219261025,-2.9305194230637723,-3.274196490792156,ok,[],0.2567703340027947,,0.001363150557824327,0.03692086886605361,2.026267373180687e-06,0.0014234701869658833,0.0027946633616417332,1.0
0a8ac71748b632f87da5fded013ca670ea8652daa0eca3ea04089ef5c432f285,modern,LSTMX,2,120,2026-05-31,2026-04-30,2016-05-31,2026-04-30,-3.511913129771558,-3.2372756219261025,-3.3027119458305627,ok,[],0.25784766700235195,,0.04376513536231406,0.20920118394099507,4.8212266139446824e-05,0.0069435053207617566,0.07649974577863,1.0
0a8ac71748b632f87da5fded013ca670ea8652daa0eca3ea04089ef5c432f285,modern,LSTMX,2,120,2026-06-30,2026-05-31,2016-06-30,2026-05-31,-3.0167824583115244,-3.511913129771558,-3.357793402006074,ok,[],0.2560365830140654,,0.11628846371944716,0.34101094369454943,0.0002001234869454549,0.014146500872846787,0.2958508406906608,1.0
0a8ac71748b632f87da5fded013ca670ea8652daa0eca3ea04089ef5c432f285,modern,LSTMX,2,120,2026-07-31,2026-06-30,2016-07-31,2026-06-30,-3.371790235714744,-3.0167824583115244,-3.355970179281342,ok,[],0.25645037498907186,,0.0002502741855560278,0.01582005643340212,2.9963731078771066e-07,0.0005473913689379023,0.0004953107307125136,1.0
0a8ac71748b632f87da5fded013ca670ea8652daa0eca3ea04089ef5c432f285,modern,LSTMX,2,120,2026-08-31,2026-07-31,2016-08-31,2026-07-31,-3.5077496504538077,-3.371790235714744,-3.314822170700504,ok,[],0.25705045901122503,,0.037221012443961456,0.19292747975330382,4.065645832678752e-05,0.006376241708623311,0.06572408658979217,0.0
0a8ac71748b632f87da5fded013ca670ea8652daa0eca3ea04089ef5c432f285,modern,LSTMX,3,120,2025-09-30,2025-08-31,2015-09-30,2025-08-31,-3.84430960652608,-3.3885322185760227,-3.434980830870725,ok,[],0.24122604200965725,,0.16755004657951192,0.40932877565535497,0.00011717751347513508,0.010824856279652635,0.2596808597576964,1.0
0a8ac71748b632f87da5fded013ca670ea8652daa0eca3ea04089ef5c432f285,modern,LSTMX,3,120,2025-10-31,2025-09-30,2015-10-31,2025-09-30,-3.200563742469265,-3.84430960652608,-3.4198253312875844,ok,[],0.23976891598431394,,0.04807564433113375,0.21926158881831936,6.433775311234097e-05,0.008021081791899455,0.11189266052797597,1.0
0a8ac71748b632f87da5fded013ca670ea8652daa0eca3ea04089ef5c432f285,modern,LSTMX,3,120,2025-11-30,2025-10-31,2015-11-30,2025-10-31,-3.187697796475165,-3.200563742469265,-3.400459120314526,ok,[],0.24295758400694467,,0.04526738092187748,0.21276132383936108,6.254935512530235e-05,0.00790881502662076,0.10486741781520514,0.0
0a8ac71748b632f87da5fded013ca670ea8652daa0eca3ea04089ef5c432f285,modern,LSTMX,3,120,2025-12-31,2025-11-30,2015-12-31,2025-11-30,-3.6690396499504754,-3.187697796475165,-3.341089997862384,ok,[],0.242643333011074,,0.10755097430470016,0.32794965208809135,9.795861641641884e-05,0.009897404529290436,0.17487444033297456,1.0
0a8ac71748b632f87da5fded013ca670ea8652daa0eca3ea04089ef5c432f285,modern,LSTMX,3,120,2026-01-31,2025-12-31,2016-01-31,2025-12-31,-3.5432590006801346,-3.6690396499504754,-3.283761752555707,ok,[],0.24469545800820924,,0.06733882178415082,0.25949724812442776,7.341144615851354e-05,0.008568047978303666,0.11411313750229501,1.0
0a8ac71748b632f87da5fded013ca670ea8652daa0eca3ea04089ef5c432f285,modern,LSTMX,3,120,2026-02-28,2026-01-31,2016-02-29,2026-01-31,-3.319270460859548,-3.5432590006801346,-3.3016362549072884,ok,[],0.24119520801468752,,0.0003109652195667007,0.017634205952259396,4.142855824317871e-07,0.0006436502019201013,0.0006146829536792242,1.0
0a8ac71748b632f87da5fded013ca670ea8652daa0eca3ea04089ef5c432f285,modern,LSTMX,3,120,2026-03-31,2026-02-28,2016-03-31,2026-02-28,-2.9305194230637723,-3.319270460859548,-3.3271420819102646,ok,[],0.23969750001560897,,0.157309533510461,0.3966226588464923,0.0003053324475839927,0.017473764551005966,0.41731344571328255,0.0
0a8ac71748b632f87da5fded013ca670ea8652daa0eca3ea04089ef5c432f285,modern,LSTMX,3,120,2026-04-30,2026-03-31,2016-04-30,2026-03-31,-3.2372756219261025,-2.9305194230637723,-3.2963999676293136,ok,[],0.2407260409963783,,0.0034956882548328196,0.05912434570321112,5.0829981278788636e-06,0.002254550537885293,0.007275293301149205,1.0
0a8ac71748b632f87da5fded013ca670ea8652daa0eca3ea04089ef5c432f285,modern,LSTMX,3,120,2026-05-31,2026-04-30,2016-05-31,2026-04-30,-3.511913129771558,-3.2372756219261025,-3.3051757603234435,ok,[],0.24448704099631868,,0.042740339926326094,0.20673736944811427,4.6963467836021466e-05,0.0068529897005629205,0.07482297945219007,1.0
0a8ac71748b632f87da5fded013ca670ea8652daa0eca3ea04089ef5c432f285,modern,LSTMX,3,120,2026-06-30,2026-05-31,2016-06-30,2026-05-31,-3.0167824583115244,-3.511913129771558,-3.3423965534458002,ok,[],0.24791329199797474,,0.10602453895011325,0.32561409513427586,0.00018513298765941453,0.013606358354071618,0.2666667326922715,1.0
0a8ac71748b632f87da5fded013ca670ea8652daa0eca3ea04089ef5c432f285,modern,LSTMX,3,120,2026-07-31,2026-06-30,2016-07-31,2026-06-30,-3.371790235714744,-3.0167824583115244,-3.3770143003456368,ok,[],0.24344420799752697,,2.7290851267744657e-05,0.005224064630892755,3.1992597399962494e-08,0.0001788647461071144,5.4772292329703653e-05,1.0
0a8ac71748b632f87da5fded013ca670ea8652daa0eca3ea04089ef5c432f285,modern,LSTMX,3,120,2026-08-31,2026-07-31,2016-08-31,2026-07-31,-3.5077496504538077,-3.371790235714744,-3.3275744551429725,ok,[],0.24126850001630373,,0.03246310100529763,0.18017519531083526,3.499621073756358e-05,0.005915759523304136,0.057782300274195786,0.0
0a8ac71748b632f87da5fded013ca670ea8652daa0eca3ea04089ef5c432f285,modern,LSTMX,4,120,2025-09-30,2025-08-31,2015-09-30,2025-08-31,-3.84430960652608,-3.3885322185760227,-3.4185053557784197,ok,[],0.22667425000690855,,0.18130925995477634,0.42580425074766026,0.00012905399083648937,0.01136019325700445,0.27833648851097115,1.0
0a8ac71748b632f87da5fded013ca670ea8652daa0eca3ea04089ef5c432f285,modern,LSTMX,4,120,2025-10-31,2025-09-30,2015-10-31,2025-09-30,-3.200563742469265,-3.84430960652608,-3.4634486871099925,ok,[],0.23276687500765547,,0.06910849411875838,0.26288494464072754,8.869257935611793e-05,0.009417673776263326,0.16599092636675739,1.0
0a8ac71748b632f87da5fded013ca670ea8652daa0eca3ea04089ef5c432f285,modern,LSTMX,4,120,2025-11-30,2025-10-31,2015-11-30,2025-10-31,-3.187697796475165,-3.200563742469265,-3.400789166613402,ok,[],0.2301193329913076,,0.04540793202739107,0.21309137013823687,6.272359442331693e-05,0.007919822878279345,0.1052178578572237,0.0
0a8ac71748b632f87da5fded013ca670ea8652daa0eca3ea04089ef5c432f285,modern,LSTMX,4,120,2025-12-31,2025-11-30,2015-12-31,2025-11-30,-3.6690396499504754,-3.187697796475165,-3.3497865291200624,ok,[],0.2279011659848038,,0.1019225551599583,0.319253120830413,9.198529299784721e-05,0.009590896360499743,0.16658690172997392,1.0
0a8ac71748b632f87da5fded013ca670ea8652daa0eca3ea04089ef5c432f285,modern,LSTMX,4,120,2026-01-31,2025-12-31,2016-01-31,2025-12-31,-3.5432590006801346,-3.6690396499504754,-3.2798173428173607,ok,[],0.22799049998866394,,0.0694015070974868,0.26344165786277385,7.59722116034908e-05,0.008716203967524556,0.117325643001231,1.0
0a8ac71748b632f87da5fded013ca670ea8652daa0eca3ea04089ef5c432f285,modern,LSTMX,4,120,2026-02-28,2026-01-31,2016-02-29,2026-01-31,-3.319270460859548,-3.5432590006801346,-3.3095353490146326,ok,[],0.2275309590040706,,9.477240263300739e-05,0.009735111844915156,1.2526551721302463e-07,0.0003539286894460869,0.00018832060997736946,1.0
0a8ac71748b632f87da5fded013ca670ea8652daa0eca3ea04089ef5c432f285,modern,LSTMX,4,120,2026-03-31,2026-02-28,2016-03-31,2026-02-28,-2.9305194230637723,-3.319270460859548,-3.3244373378129315,ok,[],0.22743091700249352,,0.1551713235603258,0.39391791474915916,0.000301944311592996,0.017376544869248202,0.4107972274392444,0.0
0a8ac71748b632f87da5fded013ca670ea8652daa0eca3ea04089ef5c432f285,modern,LSTMX,4,120,2026-04-30,2026-03-31,2016-04-30,2026-03-31,-3.2372756219261025,-2.9305194230637723,-3.27850449664375,ok,[],0.22680295797181316,,0.0016998201104834706,0.04122887471764747,2.51592175196618e-06,0.0015861657391225484,0.003495040915839881,1.0
0a8ac71748b632f87da5fded013ca670ea8652daa0eca3ea04089ef5c432f285,modern,LSTMX,4,120,2026-05-31,2026-04-30,2016-05-31,2026-04-30,-3.511913129771558,-3.2372756219261025,-3.307786984313217,ok,[],0.22938262499519624,,0.04166748325967977,0.20412614545834096,4.566112580038439e-05,0.006757301665634322,0.07306342276957972,1.0
0a8ac71748b632f87da5fded013ca670ea8652daa0eca3ea04089ef5c432f285,modern,LSTMX,4,120,2026-06-30,2026-05-31,2016-06-30,2026-05-31,-3.0167824583115244,-3.511913129771558,-3.3273198959264314,ok,[],0.24338691699085757,,0.09643350016043228,0.31053743761490704,0.00017080734005297756,0.013069328217355992,0.23985235657011428,1.0
0a8ac71748b632f87da5fded013ca670ea8652daa0eca3ea04089ef5c432f285,modern,LSTMX,4,120,2026-07-31,2026-06-30,2016-07-31,2026-06-30,-3.371790235714744,-3.0167824583115244,-3.3564128271447013,ok,[],0.24504249999881722,,0.0002364646943300215,0.015377408570042661,2.829784748772993e-07,0.0005319572115098162,0.0004681181519521557,1.0
0a8ac71748b632f87da5fded013ca670ea8652daa0eca3ea04089ef5c432f285,modern,LSTMX,4,120,2026-08-31,2026-07-31,2016-08-31,2026-07-31,-3.5077496504538077,-3.371790235714744,-3.306558432048214,ok,[],0.24281779100419953,,0.04047790636352732,0.20119121840559373,4.459293871106275e-05,0.006677794449596569,0.07110738855403503,0.0
0a8ac71748b632f87da5fded013ca670ea8652daa0eca3ea04089ef5c432f285,modern,LSTMX,0,571,2025-09-30,2025-08-31,1978-02-28,2025-08-31,-3.84430960652608,-3.3885322185760227,-3.417570574075504,ok,[],1.1992225420253817,,0.18210620181685375,0.426739032450576,0.00012975106047983848,0.011390832299697791,0.2794090021876955,1.0
0a8ac71748b632f87da5fded013ca670ea8652daa0eca3ea04089ef5c432f285,modern,LSTMX,0,571,2025-10-31,2025-09-30,1978-03-31,2025-09-30,-3.200563742469265,-3.84430960652608,-3.6327542606661503,ok,[],1.1969942919968162,,0.1867886440192922,0.43219051819688525,0.00020437500586769844,0.01429597866071779,0.5091554621090479,1.0
0a8ac71748b632f87da5fded013ca670ea8652daa0eca3ea04089ef5c432f285,modern,LSTMX,0,571,2025-11-30,2025-10-31,1978-04-30,2025-10-31,-3.187697796475165,-3.200563742469265,-3.3798438078151625,ok,[],1.2014430839917623,,0.03692008967387046,0.19214601133999754,5.204169588895931e-05,0.007213993061332906,0.08428221337429054,0.0
0a8ac71748b632f87da5fded013ca670ea8652daa0eca3ea04089ef5c432f285,modern,LSTMX,0,571,2025-12-31,2025-11-30,1978-05-31,2025-11-30,-3.6690396499504754,-3.187697796475165,-3.2669296009993687,ok,[],1.2001933339925017,,0.16169249146746142,0.4021100489511067,0.00015932380223893975,0.012622353276585938,0.2516568452787513,1.0
0a8ac71748b632f87da5fded013ca670ea8652daa0eca3ea04089ef5c432f285,modern,LSTMX,0,571,2026-01-31,2025-12-31,1978-06-30,2025-12-31,-3.5432590006801346,-3.6690396499504754,-3.3563312591585115,ok,[],1.1953702090249863,,0.03494198055037472,0.18692774152162306,3.533114928609167e-05,0.005944001117605183,0.06193182638643685,1.0
0a8ac71748b632f87da5fded013ca670ea8652daa0eca3ea04089ef5c432f285,modern,LSTMX,0,571,2026-02-28,2026-01-31,1978-07-31,2026-01-31,-3.319270460859548,-3.5432590006801346,-3.3892530629418873,ok,[],1.203876665997086,,0.004897564594215073,0.06998260208233953,5.979745023719168e-06,0.0024453517177942252,0.010268570651208203,1.0
0a8ac71748b632f87da5fded013ca670ea8652daa0eca3ea04089ef5c432f285,modern,LSTMX,0,571,2026-03-31,2026-02-28,1978-08-31,2026-02-28,-2.9305194230637723,-3.319270460859548,-3.443303072011825,ok,[],1.188860291003948,,0.2629470706284799,0.5127836489480528,0.00045840358409493417,0.021410361605889196,0.7631097246267393,0.0
0a8ac71748b632f87da5fded013ca670ea8652daa0eca3ea04089ef5c432f285,modern,LSTMX,0,571,2026-04-30,2026-03-31,1978-09-30,2026-03-31,-3.2372756219261025,-2.9305194230637723,-3.094682757154562,ok,[],1.1911868749884889,,0.020332725083754877,0.14259286477154065,3.6224028443726755e-05,0.006018640082587325,0.03706032556835562,1.0
0a8ac71748b632f87da5fded013ca670ea8652daa0eca3ea04089ef5c432f285,modern,LSTMX,0,571,2026-05-31,2026-04-30,1978-10-31,2026-04-30,-3.511913129771558,-3.2372756219261025,-3.391478673752732,ok,[],1.1975837089994457,,0.014504458196550472,0.12043445601882574,1.4585503117168114e-05,0.003819097159953922,0.026813559555796368,1.0
0a8ac71748b632f87da5fded013ca670ea8652daa0eca3ea04089ef5c432f285,modern,LSTMX,0,571,2026-06-30,2026-05-31,1978-11-30,2026-05-31,-3.0167824583115244,-3.511913129771558,-3.335528487071349,ok,[],1.1987994999799412,,0.101599030850159,0.3187460287598247,0.00017856233553785193,0.013362721861127393,0.2542385160615428,1.0
0a8ac71748b632f87da5fded013ca670ea8652daa0eca3ea04089ef5c432f285,modern,LSTMX,0,571,2026-07-31,2026-06-30,1978-12-31,2026-06-30,-3.371790235714744,-3.0167824583115244,-3.1616941079477683,ok,[],1.1982580000185408,,0.04414038290267739,0.21009612776697573,6.441348618485154e-05,0.00802580127992536,0.07711276660400024,1.0
0a8ac71748b632f87da5fded013ca670ea8652daa0eca3ea04089ef5c432f285,modern,LSTMX,0,571,2026-08-31,2026-07-31,1979-01-31,2026-07-31,-3.5077496504538077,-3.371790235714744,-3.258342945383756,ok,[],1.1992138749919832,,0.06220370453389975,0.2494067050700517,7.20426422531384e-05,0.008487793721170325,0.10606420014842655,0.0
0a8ac71748b632f87da5fded013ca670ea8652daa0eca3ea04089ef5c432f285,modern,LSTMX,1,571,2025-09-30,2025-08-31,1978-02-28,2025-08-31,-3.84430960652608,-3.3885322185760227,-3.3853958827209056,ok,[],1.2705783749988768,,0.21060180589673186,0.45891372380517437,0.00015532790782437568,0.012463061735559833,0.31721323337308516,0.0
0a8ac71748b632f87da5fded013ca670ea8652daa0eca3ea04089ef5c432f285,modern,LSTMX,1,571,2025-10-31,2025-09-30,1978-03-31,2025-09-30,-3.200563742469265,-3.84430960652608,-3.499352859704622,ok,[],1.2405044169863686,,0.08927493657828402,0.29878911723535717,0.00011071878420770225,0.01052229937835368,0.22013316042419717,1.0
0a8ac71748b632f87da5fded013ca670ea8652daa0eca3ea04089ef5c432f285,modern,LSTMX,1,571,2025-11-30,2025-10-31,1978-04-30,2025-10-31,-3.187697796475165,-3.200563742469265,-3.281256210481202,ok,[],1.2455451670102775,,0.00875317683132507,0.09355841400603726,1.3584743358196726e-05,0.003685748683537271,0.018651316304859278,0.0
0a8ac71748b632f87da5fded013ca670ea8652daa0eca3ea04089ef5c432f285,modern,LSTMX,1,571,2025-12-31,2025-11-30,1978-05-31,2025-11-30,-3.6690396499504754,-3.187697796475165,-3.1830888245722413,ok,[],1.236310374981258,,0.23614820468578696,0.4859508253782341,0.0002546084394743599,0.015956454476930643,0.3502644903137847,0.0
0a8ac71748b632f87da5fded013ca670ea8652daa0eca3ea04089ef5c432f285,modern,LSTMX,1,571,2026-01-31,2025-12-31,1978-06-30,2025-12-31,-3.5432590006801346,-3.6690396499504754,-3.2502993773882762,ok,[],1.2383744160179049,,0.08582534087930753,0.2929596232918583,9.689793572010333e-05,0.009843674909306144,0.14251322604474814,1.0
0a8ac71748b632f87da5fded013ca670ea8652daa0eca3ea04089ef5c432f285,modern,LSTMX,1,571,2026-02-28,2026-01-31,1978-07-31,2026-01-31,-3.319270460859548,-3.5432590006801346,-3.3689132782930464,ok,[],1.268940959009342,,0.0024644093227356757,0.04964281743349863,3.070158092404554e-06,0.0017521866602632705,0.005096069565685465,1.0
0a8ac71748b632f87da5fded013ca670ea8652daa0eca3ea04089ef5c432f285,modern,LSTMX,1,571,2026-03-31,2026-02-28,1978-08-31,2026-02-28,-2.9305194230637723,-3.319270460859548,-3.3676643864530806,ok,[],1.2658218330179807,,0.1910957190166397,0.4371449633893083,0.0003571819369005642,0.018899257575380156,0.522882594698916,0.0
0a8ac71748b632f87da5fded013ca670ea8652daa0eca3ea04089ef5c432f285,modern,LSTMX,1,571,2026-04-30,2026-03-31,1978-09-30,2026-03-31,-3.2372756219261025,-2.9305194230637723,-3.2142989587636697,ok,[],1.2775444999861065,,0.0005279270500798989,0.022976663162432853,8.331242606186624e-07,0.0009127564081498757,0.0010398648741263977,1.0
0a8ac71748b632f87da5fded013ca670ea8652daa0eca3ea04089ef5c432f285,modern,LSTMX,1,571,2026-05-31,2026-04-30,1978-10-31,2026-04-30,-3.511913129771558,-3.2372756219261025,-3.4663876508489038,ok,[],1.2688396250014193,,0.002072569231137015,0.04552547892265402,1.9317304773871656e-06,0.0013898670718407447,0.0040221445146956525,1.0
0a8ac71748b632f87da5fded013ca670ea8652daa0eca3ea04089ef5c432f285,modern,LSTMX,1,571,2026-06-30,2026-05-31,1978-11-30,2026-05-31,-3.0167824583115244,-3.511913129771558,-3.454112612515865,ok,[],1.2690775829833,,0.19125766377639236,0.4373301542043406,0.00030078465149407875,0.01734314422168249,0.5234002461803262,1.0
0a8ac71748b632f87da5fded013ca670ea8652daa0eca3ea04089ef5c432f285,modern,LSTMX,1,571,2026-07-31,2026-06-30,1978-12-31,2026-06-30,-3.371790235714744,-3.0167824583115244,-3.2067200556972297,ok,[],1.250533375015948,,0.02724816433101457,0.16507018001751428,3.7958797964539665e-05,0.006161071170221917,0.04896319238795249,1.0
0a8ac71748b632f87da5fded013ca670ea8652daa0eca3ea04089ef5c432f285,modern,LSTMX,1,571,2026-08-31,2026-07-31,1979-01-31,2026-07-31,-3.5077496504538077,-3.371790235714744,-3.3132683949224404,ok,[],1.2364106250170153,,0.03782295875305699,0.1944812555313673,4.13802803225625e-05,0.006432750603168329,0.06672218909049366,0.0
0a8ac71748b632f87da5fded013ca670ea8652daa0eca3ea04089ef5c432f285,modern,LSTMX,2,571,2025-09-30,2025-08-31,1978-02-28,2025-08-31,-3.84430960652608,-3.3885322185760227,-3.4515267605732096,ok,[],1.2441845410212409,,0.1542783640748363,0.3927828459528704,0.00010600830957093877,0.010296033681517304,0.2414274434350958,1.0
0a8ac71748b632f87da5fded013ca670ea8652daa0eca3ea04089ef5c432f285,modern,LSTMX,2,571,2025-10-31,2025-09-30,1978-03-31,2025-09-30,-3.200563742469265,-3.84430960652608,-3.5412362382792075,ok,[],1.254868708027061,,0.11605774940137531,0.3406724958099425,0.00013833874450288916,0.011761749211018281,0.2951893757946318,1.0
0a8ac71748b632f87da5fded013ca670ea8652daa0eca3ea04089ef5c432f285,modern,LSTMX,2,571,2025-11-30,2025-10-31,1978-04-30,2025-10-31,-3.187697796475165,-3.200563742469265,-3.284237530860757,ok,[],1.2490907089959364,,0.009319920315240706,0.09653973438559227,1.4421939595899032e-05,0.003797622887530966,0.0198997148830789,0.0
0a8ac71748b632f87da5fded013ca670ea8652daa0eca3ea04089ef5c432f285,modern,LSTMX,2,571,2025-12-31,2025-11-30,1978-05-31,2025-11-30,-3.6690396499504754,-3.187697796475165,-3.3167508656541647,ok,[],1.2426422910066321,,0.12410738754097254,0.3522887842963107,0.00011598299549371498,0.010769540170950428,0.19889491392180847,1.0
0a8ac71748b632f87da5fded013ca670ea8652daa0eca3ea04089ef5c432f285,modern,LSTMX,2,571,2026-01-31,2025-12-31,1978-06-30,2025-12-31,-3.5432590006801346,-3.6690396499504754,-3.3160733690902076,ok,[],1.2311753749963827,,0.05161331120091404,0.227185631589927,5.440748728288389e-05,0.007376143117028295,0.08921825735409339,1.0
0a8ac71748b632f87da5fded013ca670ea8652daa0eca3ea04089ef5c432f285,modern,LSTMX,2,571,2026-02-28,2026-01-31,1978-07-31,2026-01-31,-3.319270460859548,-3.5432590006801346,-3.505875153304711,ok,[],1.2189499579835683,,0.034821311242553867,0.18660469244516298,3.792991787636864e-05,0.006158726968811708,0.07917903129607523,1.0
0a8ac71748b632f87da5fded013ca670ea8652daa0eca3ea04089ef5c432f285,modern,LSTMX,2,571,2026-03-31,2026-02-28,1978-08-31,2026-02-28,-2.9305194230637723,-3.319270460859548,-3.4172772228860966,ok,[],1.2194973329897039,,0.23693315568786988,0.48675779982232426,0.00042302965468634404,0.0205676847186635,0.6737191371929707,0.0
0a8ac71748b632f87da5fded013ca670ea8652daa0eca3ea04089ef5c432f285,modern,LSTMX,2,571,2026-04-30,2026-03-31,1978-09-30,2026-03-31,-3.2372756219261025,-2.9305194230637723,-3.1820569580939893,ok,[],1.219492459000321,,0.003049100835403934,0.05521866383211327,4.970515332340668e-06,0.0022294652570382587,0.00587977556494082,1.0
0a8ac71748b632f87da5fded013ca670ea8652daa0eca3ea04089ef5c432f285,modern,LSTMX,2,571,2026-05-31,2026-04-30,1978-10-31,2026-04-30,-3.511913129771558,-3.2372756219261025,-3.441447976963441,ok,[],1.218465791986091,,0.004965337760271255,0.07046515280811683,4.745938770804779e-06,0.00217851756265695,0.009480148250596648,1.0
0a8ac71748b632f87da5fded013ca670ea8652daa0eca3ea04089ef5c432f285,modern,LSTMX,2,571,2026-06-30,2026-05-31,1978-11-30,2026-05-31,-3.0167824583115244,-3.511913129771558,-3.3675473814754615,ok,[],1.2186628750059754,,0.12303603132220273,0.35076492316393715,0.00020979800774306636,0.014484405674485452,0.3153059510529488,1.0
0a8ac71748b632f87da5fded013ca670ea8652daa0eca3ea04089ef5c432f285,modern,LSTMX,2,571,2026-07-31,2026-06-30,1978-12-31,2026-06-30,-3.371790235714744,-3.0167824583115244,-3.1537956428994436,ok,[],1.220260458998382,,0.04752164249670863,0.21799459281530043,6.991730656501615e-05,0.00836165692701011,0.0826139043668001,1.0
0a8ac71748b632f87da5fded013ca670ea8652daa0eca3ea04089ef5c432f285,modern,LSTMX,2,571,2026-08-31,2026-07-31,1979-01-31,2026-07-31,-3.5077496504538077,-3.371790235714744,-3.1915033277028617,ok,[],1.2344354999950156,,0.1000117366534955,0.316246322750946,0.0001242278305352142,0.011145753924038257,0.16375853714918598,0.0
0a8ac71748b632f87da5fded013ca670ea8652daa0eca3ea04089ef5c432f285,modern,LSTMX,3,571,2025-09-30,2025-08-31,1978-02-28,2025-08-31,-3.84430960652608,-3.3885322185760227,-3.423984879210585,ok,[],1.2048932499892544,,0.17667287639284512,0.42032472731549486,0.00012501850724190206,0.011181167525884855,0.27207969268754983,1.0
0a8ac71748b632f87da5fded013ca670ea8652daa0eca3ea04089ef5c432f285,modern,LSTMX,3,571,2025-10-31,2025-09-30,1978-03-31,2025-09-30,-3.200563742469265,-3.84430960652608,-3.5738955147651295,ok,[],1.2074191250139847,,0.13937661220557118,0.37333177229586445,0.00016110832882600533,0.012692845576386932,0.36328496592544046,1.0
0a8ac71748b632f87da5fded013ca670ea8652daa0eca3ea04089ef5c432f285,modern,LSTMX,3,571,2025-11-30,2025-10-31,1978-04-30,2025-10-31,-3.187697796475165,-3.200563742469265,-3.2982649179356693,ok,[],1.1704357079870533,,0.012225088348061934,0.1105671214605044,1.8658493917353956e-05,0.004319547883442659,0.02635664322342937,0.0
0a8ac71748b632f87da5fded013ca670ea8652daa0eca3ea04089ef5c432f285,modern,LSTMX,3,571,2025-12-31,2025-11-30,1978-05-31,2025-11-30,-3.6690396499504754,-3.187697796475165,-3.1897855772070596,ok,[],1.1806090839963872,,0.2296844662411513,0.4792540727434158,0.0002458546242063899,0.01567975204543713,0.34197267824283784,1.0
0a8ac71748b632f87da5fded013ca670ea8652daa0eca3ea04089ef5c432f285,modern,LSTMX,3,571,2026-01-31,2025-12-31,1978-06-30,2025-12-31,-3.5432590006801346,-3.6690396499504754,-3.2708553486534706,ok,[],1.1772997499792837,,0.07420374963746382,0.27240365202666394,8.19931280345502e-05,0.009055005689371499,0.12476083132049015,1.0
0a8ac71748b632f87da5fded013ca670ea8652daa0eca3ea04089ef5c432f285,modern,LSTMX,3,571,2026-02-28,2026-01-31,1978-07-31,2026-01-31,-3.319270460859548,-3.5432590006801346,-3.4072099720250177,ok,[],1.1631251250219066,,0.007733357624021812,0.08793951116546994,9.276296490589972e-06,0.003045701313423556,0.016414786668564663,1.0
0a8ac71748b632f87da5fded013ca670ea8652daa0eca3ea04089ef5c432f285,modern,LSTMX,3,571,2026-03-31,2026-02-28,1978-08-31,2026-02-28,-2.9305194230637723,-3.319270460859548,-3.465868048098831,ok,[],1.1645712080062367,,0.2865981503269279,0.5353486250350588,0.0004894465514977574,0.02212343896182864,0.8467157072994302,0.0
0a8ac71748b632f87da5fded013ca670ea8652daa0eca3ea04089ef5c432f285,modern,LSTMX,3,571,2026-04-30,2026-03-31,1978-09-30,2026-03-31,-3.2372756219261025,-2.9305194230637723,-3.168099606256577,ok,[],1.1203348340059165,,0.004785321143910418,0.06917601566952536,7.911615127807751e-06,0.0028127593440974916,0.009144123015531247,1.0
0a8ac71748b632f87da5fded013ca670ea8652daa0eca3ea04089ef5c432f285,modern,LSTMX,3,571,2026-05-31,2026-04-30,1978-10-31,2026-04-30,-3.511913129771558,-3.2372756219261025,-3.4359460170929146,ok,[],1.1012157080112956,,0.005771002208729672,0.0759671126786432,5.546808871573971e-06,0.0023551664212055103,0.010979007603833607,1.0
0a8ac71748b632f87da5fded013ca670ea8652daa0eca3ea04089ef5c432f285,modern,LSTMX,3,571,2026-06-30,2026-05-31,1978-11-30,2026-05-31,-3.0167824583115244,-3.511913129771558,-3.4545011613035506,ok,[],1.0866687090019695,,0.19159766294902164,0.4377187029920262,0.0003012108095672939,0.017355425940243988,0.5244873999062869,1.0
0a8ac71748b632f87da5fded013ca670ea8652daa0eca3ea04089ef5c432f285,modern,LSTMX,3,571,2026-07-31,2026-06-30,1978-12-31,2026-06-30,-3.371790235714744,-3.0167824583115244,-3.191184185093656,ok,[],1.0923101670050528,,0.03261854552094693,0.1806060506210878,4.617226713784832e-05,0.006795017817331189,0.05804328527406999,1.0
0a8ac71748b632f87da5fded013ca670ea8652daa0eca3ea04089ef5c432f285,modern,LSTMX,3,571,2026-08-31,2026-07-31,1979-01-31,2026-07-31,-3.5077496504538077,-3.371790235714744,-3.243300466737778,ok,[],1.0882056249829475,,0.06993337076807453,0.2644491837160299,8.227542765885824e-05,0.009070580337489892,0.11815212080967707,0.0
0a8ac71748b632f87da5fded013ca670ea8652daa0eca3ea04089ef5c432f285,modern,LSTMX,4,571,2025-09-30,2025-08-31,1978-02-28,2025-08-31,-3.84430960652608,-3.3885322185760227,-3.463001635833497,ok,[],1.148744957987219,,0.1453957685136956,0.3813079706925828,9.86921260085688e-05,0.009934391073869037,0.22906057919541323,1.0
0a8ac71748b632f87da5fded013ca670ea8652daa0eca3ea04089ef5c432f285,modern,LSTMX,4,571,2025-10-31,2025-09-30,1978-03-31,2025-09-30,-3.200563742469265,-3.84430960652608,-3.47767842150283,ok,[],1.1018396669824142,,0.07679254533587576,0.277114679033565,9.722384235165997e-05,0.009860215127047683,0.18636973106643018,1.0
0a8ac71748b632f87da5fded013ca670ea8652daa0eca3ea04089ef5c432f285,modern,LSTMX,4,571,2025-11-30,2025-10-31,1978-04-30,2025-10-31,-3.187697796475165,-3.200563742469265,-3.358191596365391,ok,[],1.0862604590074625,,0.02906813580100845,0.17049379989022606,4.18432389226241e-05,0.006468635012320922,0.06534820210089232,0.0
0a8ac71748b632f87da5fded013ca670ea8652daa0eca3ea04089ef5c432f285,modern,LSTMX,4,571,2025-12-31,2025-11-30,1978-05-31,2025-11-30,-3.6690396499504754,-3.187697796475165,-3.2813390365854316,ok,[],1.0842583339835983,,0.1503117656036312,0.3877006133650438,0.00014585288762545062,0.012076956885964718,0.23592019813521803,1.0
0a8ac71748b632f87da5fded013ca670ea8652daa0eca3ea04089ef5c432f285,modern,LSTMX,4,571,2026-01-31,2025-12-31,1978-06-30,2025-12-31,-3.5432590006801346,-3.6690396499504754,-3.2993173336752237,ok,[],1.0848682500072755,,0.0595075369011348,0.24394166700491082,6.383096544208186e-05,0.00798942835515044,0.1018078269836199,1.0
0a8ac71748b632f87da5fded013ca670ea8652daa0eca3ea04089ef5c432f285,modern,LSTMX,4,571,2026-02-28,2026-01-31,1978-07-31,2026-01-31,-3.319270460859548,-3.5432590006801346,-3.46610205805407,ok,[],1.0891594999993686,,0.021559517934694357,0.146831597194522,2.441008704691189e-05,0.004940656540067513,0.04766886502659279,1.0
0a8ac71748b632f87da5fded013ca670ea8652daa0eca3ea04089ef5c432f285,modern,LSTMX,4,571,2026-03-31,2026-02-28,1978-08-31,2026-02-28,-2.9305194230637723,-3.319270460859548,-3.4419193518553555,ok,[],1.0937227499962319,,0.2615298871680363,0.5113999287915831,0.00045651060335272274,0.021366108755520336,0.7581703367400101,0.0
0a8ac71748b632f87da5fded013ca670ea8652daa0eca3ea04089ef5c432f285,modern,LSTMX,4,571,2026-04-30,2026-03-31,1978-09-30,2026-03-31,-3.2372756219261025,-2.9305194230637723,-3.146993418035696,ok,[],1.0919522500189487,,0.008150876339308936,0.09028220389040653,1.376722655535517e-05,0.0037104213447201884,0.015363319200885545,1.0
0a8ac71748b632f87da5fded013ca670ea8652daa0eca3ea04089ef5c432f285,modern,LSTMX,4,571,2026-05-31,2026-04-30,1978-10-31,2026-04-30,-3.511913129771558,-3.2372756219261025,-3.302510646944336,ok,[],1.0874943750095554,,0.04384939981420485,0.20940248282722163,4.831515676383321e-05,0.00695091049890827,0.07663744833937375,1.0
0a8ac71748b632f87da5fded013ca670ea8652daa0eca3ea04089ef5c432f285,modern,LSTMX,4,571,2026-06-30,2026-05-31,1978-11-30,2026-05-31,-3.0167824583115244,-3.511913129771558,-3.390501535409173,ok,[],1.0911445420060772,,0.13966594858671824,0.3737190770976486,0.0002330726221117191,0.015266716153505937,0.3641453758703217,1.0
0a8ac71748b632f87da5fded013ca670ea8652daa0eca3ea04089ef5c432f285,modern,LSTMX,4,571,2026-07-31,2026-06-30,1978-12-31,2026-06-30,-3.371790235714744,-3.0167824583115244,-3.191976380085495,ok,[],1.086005125020165,,0.03233302267625641,0.179813855629249,4.573077285678353e-05,0.0067624531685464215,0.05756382272552635,1.0
0a8ac71748b632f87da5fded013ca670ea8652daa0eca3ea04089ef5c432f285,modern,LSTMX,4,571,2026-08-31,2026-07-31,1979-01-31,2026-07-31,-3.5077496504538077,-3.371790235714744,-3.2183584863025767,ok,[],1.0835992500069551,,0.08374724588880474,0.289391164151231,0.000101131788260358,0.010056430194674351,0.13936288251833434,0.0
0a8ac71748b632f87da5fded013ca670ea8652daa0eca3ea04089ef5c432f285,modern,Persistence,0,120,2025-09-30,2025-08-31,2015-09-30,2025-08-31,-3.84430960652608,-3.3885322185760227,-3.3885322185760227,ok,[],5.5832992075011134e-05,,0.20773302736657703,0.4557773879500573,0.00015269590637179628,0.01235701850657335,0.31345365123552604,0.0
0a8ac71748b632f87da5fded013ca670ea8652daa0eca3ea04089ef5c432f285,modern,Persistence,0,120,2025-10-31,2025-09-30,2015-10-31,2025-09-30,-3.200563742469265,-3.84430960652608,-3.84430960652608,ok,[],5.649999366141856e-05,,0.41440873749025536,0.643745864056815,0.0003739605404921232,0.01933805937761396,1.3361942294108564,0.0
0a8ac71748b632f87da5fded013ca670ea8652daa0eca3ea04089ef5c432f285,modern,Persistence,0,120,2025-11-30,2025-10-31,2015-11-30,2025-10-31,-3.187697796475165,-3.200563742469265,-3.2005637424692646,ok,[],5.608299397863448e-05,,0.0001655325663230882,0.012865945994099626,2.782932698669979e-07,0.0005275350887542912,0.0003339231384933347,1.0
0a8ac71748b632f87da5fded013ca670ea8652daa0eca3ea04089ef5c432f285,modern,Persistence,0,120,2025-12-31,2025-11-30,2015-12-31,2025-11-30,-3.6690396499504754,-3.187697796475165,-3.187697796475165,ok,[],5.750000127591193e-05,,0.23168997990704723,0.48134185347531044,0.00024856102130413576,0.015765818129869942,0.3445503982451087,0.0
0a8ac71748b632f87da5fded013ca670ea8652daa0eca3ea04089ef5c432f285,modern,Persistence,0,120,2026-01-31,2025-12-31,2016-01-31,2025-12-31,-3.5432590006801346,-3.6690396499504754,-3.6690396499504754,ok,[],5.599998985417187e-05,,0.01582077173086849,0.12578064927034083,1.168257710190328e-05,0.0034179785110359136,0.034470430975420185,0.0
0a8ac71748b632f87da5fded013ca670ea8652daa0eca3ea04089ef5c432f285,modern,Persistence,0,120,2026-02-28,2026-01-31,2016-02-29,2026-01-31,-3.319270460859548,-3.5432590006801346,-3.543259000680135,ok,[],5.604198668152094e-05,,0.050170865970958774,0.2239885398205872,5.271180716942235e-05,0.00726028974417842,0.11716574196614127,0.0
0a8ac71748b632f87da5fded013ca670ea8652daa0eca3ea04089ef5c432f285,modern,Persistence,0,120,2026-03-31,2026-02-28,2016-03-31,2026-02-28,-2.9305194230637723,-3.319270460859548,-3.319270460859548,ok,[],5.633398541249335e-05,,0.15112736938729246,0.38875103779577547,0.00029549931148293017,0.01719009341111706,0.3985278372109802,0.0
0a8ac71748b632f87da5fded013ca670ea8652daa0eca3ea04089ef5c432f285,modern,Persistence,0,120,2026-04-30,2026-03-31,2016-04-30,2026-03-31,-3.2372756219261025,-2.9305194230637723,-2.930519423063772,ok,[],5.733399302698672e-05,,0.09409936554046573,0.30675619886233063,0.00019876972860644778,0.014098571864073602,0.1549581501652046,0.0
0a8ac71748b632f87da5fded013ca670ea8652daa0eca3ea04089ef5c432f285,modern,Persistence,0,120,2026-05-31,2026-04-30,2016-05-31,2026-04-30,-3.511913129771558,-3.2372756219261025,-3.2372756219261025,ok,[],7.9624995123595e-05,,0.0754257607155625,0.27463750784545526,8.894310823825651e-05,0.009430965392697426,0.1266432572907621,0.0
0a8ac71748b632f87da5fded013ca670ea8652daa0eca3ea04089ef5c432f285,modern,Persistence,0,120,2026-06-30,2026-05-31,2016-06-30,2026-05-31,-3.0167824583115244,-3.511913129771558,-3.511913129771558,ok,[],6.20420032646507e-05,,0.24515438182046356,0.4951306714600334,0.00036552540700533645,0.019118718759512533,0.7016765564186118,0.0
0a8ac71748b632f87da5fded013ca670ea8652daa0eca3ea04089ef5c432f285,modern,Persistence,0,120,2026-07-31,2026-06-30,2016-07-31,2026-06-30,-3.371790235714744,-3.0167824583115244,-3.016782458311525,ok,[],5.8958015870302916e-05,,0.12603052201677364,0.3550077774032192,0.00021404756056808008,0.014630364334768976,0.20165210489655228,1.0
0a8ac71748b632f87da5fded013ca670ea8652daa0eca3ea04089ef5c432f285,modern,Persistence,0,120,2026-08-31,2026-07-31,2016-08-31,2026-07-31,-3.5077496504538077,-3.371790235714744,-3.3717902357147436,ok,[],5.699999746866524e-05,,0.01848496245618885,0.13595941473906414,1.904325804395175e-05,0.004363858160384197,0.0338349331857935,0.0
0a8ac71748b632f87da5fded013ca670ea8652daa0eca3ea04089ef5c432f285,modern,Persistence,0,571,2025-09-30,2025-08-31,1978-02-28,2025-08-31,-3.84430960652608,-3.3885322185760227,-3.3885322185760227,ok,[],5.966698518022895e-05,,0.20773302736657703,0.4557773879500573,0.00015269590637179628,0.01235701850657335,0.31345365123552604,0.0
0a8ac71748b632f87da5fded013ca670ea8652daa0eca3ea04089ef5c432f285,modern,Persistence,0,571,2025-10-31,2025-09-30,1978-03-31,2025-09-30,-3.200563742469265,-3.84430960652608,-3.84430960652608,ok,[],5.3916999604552984e-05,,0.41440873749025536,0.643745864056815,0.0003739605404921232,0.01933805937761396,1.3361942294108564,0.0
0a8ac71748b632f87da5fded013ca670ea8652daa0eca3ea04089ef5c432f285,modern,Persistence,0,571,2025-11-30,2025-10-31,1978-04-30,2025-10-31,-3.187697796475165,-3.200563742469265,-3.2005637424692646,ok,[],5.458301166072488e-05,,0.0001655325663230882,0.012865945994099626,2.782932698669979e-07,0.0005275350887542912,0.0003339231384933347,1.0
0a8ac71748b632f87da5fded013ca670ea8652daa0eca3ea04089ef5c432f285,modern,Persistence,0,571,2025-12-31,2025-11-30,1978-05-31,2025-11-30,-3.6690396499504754,-3.187697796475165,-3.187697796475165,ok,[],5.462497938424349e-05,,0.23168997990704723,0.48134185347531044,0.00024856102130413576,0.015765818129869942,0.3445503982451087,0.0
0a8ac71748b632f87da5fded013ca670ea8652daa0eca3ea04089ef5c432f285,modern,Persistence,0,571,2026-01-31,2025-12-31,1978-06-30,2025-12-31,-3.5432590006801346,-3.6690396499504754,-3.6690396499504754,ok,[],5.949998740106821e-05,,0.01582077173086849,0.12578064927034083,1.168257710190328e-05,0.0034179785110359136,0.034470430975420185,0.0
0a8ac71748b632f87da5fded013ca670ea8652daa0eca3ea04089ef5c432f285,modern,Persistence,0,571,2026-02-28,2026-01-31,1978-07-31,2026-01-31,-3.319270460859548,-3.5432590006801346,-3.543259000680135,ok,[],5.4459000239148736e-05,,0.050170865970958774,0.2239885398205872,5.271180716942235e-05,0.00726028974417842,0.11716574196614127,0.0
0a8ac71748b632f87da5fded013ca670ea8652daa0eca3ea04089ef5c432f285,modern,Persistence,0,571,2026-03-31,2026-02-28,1978-08-31,2026-02-28,-2.9305194230637723,-3.319270460859548,-3.319270460859548,ok,[],5.379199865274131e-05,,0.15112736938729246,0.38875103779577547,0.00029549931148293017,0.01719009341111706,0.3985278372109802,0.0
0a8ac71748b632f87da5fded013ca670ea8652daa0eca3ea04089ef5c432f285,modern,Persistence,0,571,2026-04-30,2026-03-31,1978-09-30,2026-03-31,-3.2372756219261025,-2.9305194230637723,-2.930519423063772,ok,[],5.3333002142608166e-05,,0.09409936554046573,0.30675619886233063,0.00019876972860644778,0.014098571864073602,0.1549581501652046,0.0
0a8ac71748b632f87da5fded013ca670ea8652daa0eca3ea04089ef5c432f285,modern,Persistence,0,571,2026-05-31,2026-04-30,1978-10-31,2026-04-30,-3.511913129771558,-3.2372756219261025,-3.2372756219261025,ok,[],5.34169957973063e-05,,0.0754257607155625,0.27463750784545526,8.894310823825651e-05,0.009430965392697426,0.1266432572907621,0.0
0a8ac71748b632f87da5fded013ca670ea8652daa0eca3ea04089ef5c432f285,modern,Persistence,0,571,2026-06-30,2026-05-31,1978-11-30,2026-05-31,-3.0167824583115244,-3.511913129771558,-3.511913129771558,ok,[],5.3333002142608166e-05,,0.24515438182046356,0.4951306714600334,0.00036552540700533645,0.019118718759512533,0.7016765564186118,0.0
0a8ac71748b632f87da5fded013ca670ea8652daa0eca3ea04089ef5c432f285,modern,Persistence,0,571,2026-07-31,2026-06-30,1978-12-31,2026-06-30,-3.371790235714744,-3.0167824583115244,-3.016782458311525,ok,[],5.43750065844506e-05,,0.12603052201677364,0.3550077774032192,0.00021404756056808008,0.014630364334768976,0.20165210489655228,1.0
0a8ac71748b632f87da5fded013ca670ea8652daa0eca3ea04089ef5c432f285,modern,Persistence,0,571,2026-08-31,2026-07-31,1979-01-31,2026-07-31,-3.5077496504538077,-3.371790235714744,-3.3717902357147436,ok,[],5.591599619947374e-05,,0.01848496245618885,0.13595941473906414,1.904325804395175e-05,0.004363858160384197,0.0338349331857935,0.0
0a8ac71748b632f87da5fded013ca670ea8652daa0eca3ea04089ef5c432f285,modern,QR1,0,120,2025-09-30,2025-08-31,2015-09-30,2025-08-31,-3.84430960652608,-3.3885322185760227,-3.394738793963115,ok,[],0.00015391700435429811,,0.20211391550852456,0.44957081256296494,0.00014757741771940074,0.012148144620451336,0.306060423871647,1.0
0a8ac71748b632f87da5fded013ca670ea8652daa0eca3ea04089ef5c432f285,modern,QR1,0,120,2025-10-31,2025-09-30,2015-10-31,2025-09-30,-3.200563742469265,-3.84430960652608,-3.6055060451415244,ok,[],0.00012016700929962099,,0.16397826849351174,0.4049423026722594,0.00018402389854330891,0.013565540849642115,0.43776399973018965,1.0
0a8ac71748b632f87da5fded013ca670ea8652daa0eca3ea04089ef5c432f285,modern,QR1,0,120,2025-11-30,2025-10-31,2015-11-30,2025-10-31,-3.187697796475165,-3.200563742469265,-3.402252544844727,ok,[],9.266601409763098e-05,,0.04603374004792607,0.214554748369562,6.349836890714628e-05,0.007968586380729413,0.10677970331032327,0.0
0a8ac71748b632f87da5fded013ca670ea8652daa0eca3ea04089ef5c432f285,modern,QR1,0,120,2025-12-31,2025-11-30,2015-12-31,2025-11-30,-3.6690396499504754,-3.187697796475165,-3.2647532017635044,ok,[],8.833297761157155e-05,,0.16344753218763639,0.404286448186971,0.0001614275742744103,0.01270541515553153,0.2540662743763188,1.0
0a8ac71748b632f87da5fded013ca670ea8652daa0eca3ea04089ef5c432f285,modern,QR1,0,120,2026-01-31,2025-12-31,2016-01-31,2025-12-31,-3.5432590006801346,-3.6690396499504754,-3.538248235325601,ok,[],8.979201084002852e-05,,2.5107769438193094e-05,0.005010765354533486,2.1103258775655807e-08,0.00014526960719866977,5.0048212780531495e-05,1.0
0a8ac71748b632f87da5fded013ca670ea8652daa0eca3ea04089ef5c432f285,modern,QR1,0,120,2026-02-28,2026-01-31,2016-02-29,2026-01-31,-3.319270460859548,-3.5432590006801346,-3.5895812494295645,ok,[],8.862500544637442e-05,,0.07306792241734425,0.27031078857001667,7.343335877243781e-05,0.008569326623045583,0.1764522472478044,0.0
0a8ac71748b632f87da5fded013ca670ea8652daa0eca3ea04089ef5c432f285,modern,QR1,0,120,2026-03-31,2026-02-28,2016-03-31,2026-02-28,-2.9305194230637723,-3.319270460859548,-3.440324162353587,ok,[],8.954200893640518e-05,,0.25990087220235586,0.5098047392898146,0.00045432994312629934,0.02131501684555514,0.7525025048647349,0.0
0a8ac71748b632f87da5fded013ca670ea8652daa0eca3ea04089ef5c432f285,modern,QR1,0,120,2026-04-30,2026-03-31,2016-04-30,2026-03-31,-3.2372756219261025,-2.9305194230637723,-2.998440599104841,ok,[],9.075002162717283e-05,,0.057042168126032584,0.23883502282126168,0.00011223345262904627,0.010594029102709047,0.09789685540472665,1.0
0a8ac71748b632f87da5fded013ca670ea8652daa0eca3ea04089ef5c432f285,modern,QR1,0,120,2026-05-31,2026-04-30,2016-05-31,2026-04-30,-3.511913129771558,-3.2372756219261025,-3.347386623754657,ok,[],8.937501115724444e-05,,0.027068971182129288,0.16452650601690078,2.84770603026308e-05,0.005336390194001072,0.0486578800521279,1.0
0a8ac71748b632f87da5fded013ca670ea8652daa0eca3ea04089ef5c432f285,modern,QR1,0,120,2026-06-30,2026-05-31,2016-06-30,2026-05-31,-3.0167824583115244,-3.511913129771558,-3.484606660168346,ok,[],9.058398427441716e-05,,0.21885948384297227,0.4678242018568217,0.0003346218873799499,0.018292673051797267,0.6132172122656896,1.0
0a8ac71748b632f87da5fded013ca670ea8652daa0eca3ea04089ef5c432f285,modern,QR1,0,120,2026-07-31,2026-06-30,2016-07-31,2026-06-30,-3.371790235714744,-3.0167824583115244,-3.1308989696733707,ok,[],9.575000149197876e-05,,0.05802860205501571,0.24089126604137334,8.742973848396646e-05,0.009350387076691877,0.0994639051244221,1.0
0a8ac71748b632f87da5fded013ca670ea8652daa0eca3ea04089ef5c432f285,modern,QR1,0,120,2026-08-31,2026-07-31,2016-08-31,2026-07-31,-3.5077496504538077,-3.371790235714744,-3.3642115807911273,ok,[],0.00014354198356159031,,0.020603177442488508,0.14353806966268046,2.1390694546489552e-05,0.0046250075185333,0.03753072688109668,0.0
0a8ac71748b632f87da5fded013ca670ea8652daa0eca3ea04089ef5c432f285,modern,QR1,1,120,2025-09-30,2025-08-31,2015-09-30,2025-08-31,-3.84430960652608,-3.3885322185760227,-3.401444102003444,ok,[],7.458301843144e-05,,0.19612985509608888,0.44286550452263596,0.00014218031281328916,0.011923938645149477,0.2981435947755857,1.0
0a8ac71748b632f87da5fded013ca670ea8652daa0eca3ea04089ef5c432f285,modern,QR1,1,120,2025-10-31,2025-09-30,2015-10-31,2025-09-30,-3.200563742469265,-3.84430960652608,-3.610357697716962,ok,[],9.512499673292041e-05,,0.1679310857575515,0.409793955247697,0.000187609421303713,0.013697058855962948,0.44997647064287416,1.0
0a8ac71748b632f87da5fded013ca670ea8652daa0eca3ea04089ef5c432f285,modern,QR1,1,120,2025-11-30,2025-10-31,2015-11-30,2025-10-31,-3.187697796475165,-3.200563742469265,-3.418491713654282,ok,[],8.174998220056295e-05,,0.053265832206881074,0.2307939171791169,7.233424716383882e-05,0.008504954271707686,0.12500339569082253,0.0
0a8ac71748b632f87da5fded013ca670ea8652daa0eca3ea04089ef5c432f285,modern,QR1,1,120,2025-12-31,2025-11-30,2015-12-31,2025-11-30,-3.6690396499504754,-3.187697796475165,-3.250585374476545,ok,[],7.591699250042439e-05,,0.17510398066241206,0.41845427547393044,0.0001755775792033544,0.013250569014323664,0.2699557505339558,1.0
0a8ac71748b632f87da5fded013ca670ea8652daa0eca3ea04089ef5c432f285,modern,QR1,1,120,2026-01-31,2025-12-31,2016-01-31,2025-12-31,-3.5432590006801346,-3.6690396499504754,-3.484929616284209,ok,[],7.870799163356423e-05,,0.003402317084007624,0.05832938439592539,3.017132494561531e-06,0.0017369894917821267,0.00654756798245669,1.0
0a8ac71748b632f87da5fded013ca670ea8652daa0eca3ea04089ef5c432f285,modern,QR1,1,120,2026-02-28,2026-01-31,2016-02-29,2026-01-31,-3.319270460859548,-3.5432590006801346,-3.5368803785499536,ok,[],7.499998901039362e-05,,0.0473540762772252,0.21760991769040583,5.0058982524835757e-05,0.007075237276928298,0.11008289844784125,1.0
0a8ac71748b632f87da5fded013ca670ea8652daa0eca3ea04089ef5c432f285,modern,QR1,1,120,2026-03-31,2026-02-28,2016-03-31,2026-02-28,-2.9305194230637723,-3.319270460859548,-3.3374152005977518,ok,[],7.316598203033209e-05,,0.16556417377498167,0.40689577753397943,0.0003182882951247221,0.017840636062784368,0.4426556768069705,0.0
0a8ac71748b632f87da5fded013ca670ea8652daa0eca3ea04089ef5c432f285,modern,QR1,1,120,2026-04-30,2026-03-31,2016-04-30,2026-03-31,-3.2372756219261025,-2.9305194230637723,-2.9249490578284387,ok,[],7.437498425133526e-05,,0.09754788264105209,0.3123265640976638,0.00020726462388103014,0.014396687948310546,0.16010025601706396,0.0
0a8ac71748b632f87da5fded013ca670ea8652daa0eca3ea04089ef5c432f285,modern,QR1,1,120,2026-05-31,2026-04-30,2016-05-31,2026-04-30,-3.511913129771558,-3.2372756219261025,-3.417126140311921,ok,[],7.070897845551372e-05,,0.008984573370821322,0.09478698945963693,8.801953663197193e-06,0.0029668086664288267,0.016885489941297488,1.0
0a8ac71748b632f87da5fded013ca670ea8652daa0eca3ea04089ef5c432f285,modern,QR1,1,120,2026-06-30,2026-05-31,2016-06-30,2026-05-31,-3.0167824583115244,-3.511913129771558,-3.5161375550798386,ok,[],7.174999336712062e-05,,0.24935551266849248,0.49935509676831424,0.00037035111768606596,0.019244508767076025,0.716067837546799,0.0
0a8ac71748b632f87da5fded013ca670ea8652daa0eca3ea04089ef5c432f285,modern,QR1,1,120,2026-07-31,2026-06-30,2016-07-31,2026-06-30,-3.371790235714744,-3.0167824583115244,-3.2635444554922106,ok,[],9.175000013783574e-05,,0.011717148935985001,0.1082457802225334,1.5401276740909747e-05,0.00392444604255298,0.021830892044586797,1.0
0a8ac71748b632f87da5fded013ca670ea8652daa0eca3ea04089ef5c432f285,modern,QR1,1,120,2026-08-31,2026-07-31,2016-08-31,2026-07-31,-3.5077496504538077,-3.371790235714744,-3.3431381825862694,ok,[],7.937499321997166e-05,,0.027096935353505606,0.16461146786753833,2.8747351725936853e-05,0.005361655688864854,0.04870553621914392,0.0
0a8ac71748b632f87da5fded013ca670ea8652daa0eca3ea04089ef5c432f285,modern,QR1,2,120,2025-09-30,2025-08-31,2015-09-30,2025-08-31,-3.84430960652608,-3.3885322185760227,-3.3547261170060367,ok,[],8.195897680707276e-05,,0.23969199321062232,0.48958348952004327,0.00018272985855351923,0.01351776085576007,0.3547908501581577,0.0
0a8ac71748b632f87da5fded013ca670ea8652daa0eca3ea04089ef5c432f285,modern,QR1,2,120,2025-10-31,2025-09-30,2015-10-31,2025-09-30,-3.200563742469265,-3.84430960652608,-3.5728352240115386,ok,[],7.824998465366662e-05,,0.13858605596967938,0.37227148154227363,0.00016035391122034456,0.012663092482499864,0.3609359703662738,1.0
0a8ac71748b632f87da5fded013ca670ea8652daa0eca3ea04089ef5c432f285,modern,QR1,2,120,2025-11-30,2025-10-31,2015-11-30,2025-10-31,-3.187697796475165,-3.200563742469265,-3.3978010131838388,ok,[],7.870898116379976e-05,,0.044143361671331954,0.21010321670867382,6.11528389922591e-05,0.007820028068508393,0.10206933835752585,0.0
0a8ac71748b632f87da5fded013ca670ea8652daa0eca3ea04089ef5c432f285,modern,QR1,2,120,2025-12-31,2025-11-30,2015-12-31,2025-11-30,-3.6690396499504754,-3.187697796475165,-3.2051521610006937,ok,[],8.399999933317304e-05,,0.21519160240413385,0.4638874889497817,0.00022655615933469416,0.015051782596579522,0.3232075563844523,1.0
0a8ac71748b632f87da5fded013ca670ea8652daa0eca3ea04089ef5c432f285,modern,QR1,2,120,2026-01-31,2025-12-31,2016-01-31,2025-12-31,-3.5432590006801346,-3.6690396499504754,-3.4760311882910413,ok,[],8.391597657464445e-05,,0.004519578758623121,0.06722781238909326,4.0441059571732355e-06,0.0020109962598605785,0.008647295243343983,1.0
0a8ac71748b632f87da5fded013ca670ea8652daa0eca3ea04089ef5c432f285,modern,QR1,2,120,2026-02-28,2026-01-31,2016-02-29,2026-01-31,-3.319270460859548,-3.5432590006801346,-3.532617782698173,ok,[],0.00010145799024030566,,0.04551707973571394,0.21334732183862526,4.8315205366405767e-05,0.006950913995037326,0.10549008431283013,1.0
0a8ac71748b632f87da5fded013ca670ea8652daa0eca3ea04089ef5c432f285,modern,QR1,2,120,2026-03-31,2026-02-28,2016-03-31,2026-02-28,-2.9305194230637723,-3.319270460859548,-3.3137974480993337,ok,[],7.929201819933951e-05,,0.14690204447516045,0.3832780250355614,0.00028871247422448243,0.016991541255121104,0.3857848704548452,1.0
0a8ac71748b632f87da5fded013ca670ea8652daa0eca3ea04089ef5c432f285,modern,QR1,2,120,2026-04-30,2026-03-31,2016-04-30,2026-03-31,-3.2372756219261025,-2.9305194230637723,-2.894356263515202,ok,[],7.562499376945198e-05,,0.11759368637294378,0.3429193584109007,0.0002580487779929954,0.016063896725047613,0.1895063346919234,0.0
0a8ac71748b632f87da5fded013ca670ea8652daa0eca3ea04089ef5c432f285,modern,QR1,2,120,2026-05-31,2026-04-30,2016-05-31,2026-04-30,-3.511913129771558,-3.2372756219261025,-3.4193480241524057,ok,[],7.97079992480576e-05,,0.008568298778284784,0.0925651056191521,8.37521963911083e-06,0.0028939971733073326,0.016126283017836418,1.0
0a8ac71748b632f87da5fded013ca670ea8652daa0eca3ea04089ef5c432f285,modern,QR1,2,120,2026-06-30,2026-05-31,2016-06-30,2026-05-31,-3.0167824583115244,-3.511913129771558,-3.5132851277544304,ok,[],7.46249861549586e-05,,0.2465149007639316,0.496502669442906,0.00036709145220351313,0.01915963079507309,0.706329370956581,0.0
0a8ac71748b632f87da5fded013ca670ea8652daa0eca3ea04089ef5c432f285,modern,QR1,2,120,2026-07-31,2026-06-30,2016-07-31,2026-06-30,-3.371790235714744,-3.0167824583115244,-3.2710020980287897,ok,[],9.38749872148037e-05,,0.01015824869820288,0.1007881376859543,1.3251297198101599e-05,0.0036402331241421337,0.0190174999206221,1.0
0a8ac71748b632f87da5fded013ca670ea8652daa0eca3ea04089ef5c432f285,modern,QR1,2,120,2026-08-31,2026-07-31,2016-08-31,2026-07-31,-3.5077496504538077,-3.371790235714744,-3.36989108378895,ok,[],8.875000639818609e-05,,0.019004984402889027,0.13785856666485774,1.961705467654493e-05,0.004429114434799007,0.03474473733857214,0.0
0a8ac71748b632f87da5fded013ca670ea8652daa0eca3ea04089ef5c432f285,modern,QR1,3,120,2025-09-30,2025-08-31,2015-09-30,2025-08-31,-3.84430960652608,-3.3885322185760227,-3.422443127305527,ok,[],8.033300400711596e-05,,0.17797132628994536,0.4218664792205531,0.00012614524792043026,0.011231440153445606,0.27383492862677006,1.0
0a8ac71748b632f87da5fded013ca670ea8652daa0eca3ea04089ef5c432f285,modern,QR1,3,120,2025-10-31,2025-09-30,2015-10-31,2025-09-30,-3.200563742469265,-3.84430960652608,-3.6179524938888443,ok,[],8.079200051724911e-05,,0.17421336981159538,0.4173887514195793,0.00019325617032445408,0.013901660703831541,0.46952378791150595,1.0
0a8ac71748b632f87da5fded013ca670ea8652daa0eca3ea04089ef5c432f285,modern,QR1,3,120,2025-11-30,2025-10-31,2015-11-30,2025-10-31,-3.187697796475165,-3.200563742469265,-3.4132205808698153,ok,[],9.454198880121112e-05,,0.050860526281115946,0.22552278439465034,6.941899904312745e-05,0.008331806469375501,0.11890725252323797,0.0
0a8ac71748b632f87da5fded013ca670ea8652daa0eca3ea04089ef5c432f285,modern,QR1,3,120,2025-12-31,2025-11-30,2015-12-31,2025-11-30,-3.6690396499504754,-3.187697796475165,-3.2805938511382235,ok,[],9.375001536682248e-05,,0.15089013861488842,0.38844579881225183,0.00014653029458438168,0.012104969829965777,0.23672473615794853,1.0
0a8ac71748b632f87da5fded013ca670ea8652daa0eca3ea04089ef5c432f285,modern,QR1,3,120,2026-01-31,2025-12-31,2016-01-31,2025-12-31,-3.5432590006801346,-3.6690396499504754,-3.524280252845289,ok,[],9.724998380988836e-05,,0.0003601928693786629,0.018978747834845766,3.070116447659062e-07,0.0005540863152667698,0.0007113568993625669,1.0
0a8ac71748b632f87da5fded013ca670ea8652daa0eca3ea04089ef5c432f285,modern,QR1,3,120,2026-02-28,2026-01-31,2016-02-29,2026-01-31,-3.319270460859548,-3.5432590006801346,-3.5973076081534994,ok,[],8.72919918037951e-05,,0.07730465527535853,0.27803714729395157,7.712051258871817e-05,0.008781828544711982,0.18773905351338027,0.0
0a8ac71748b632f87da5fded013ca670ea8652daa0eca3ea04089ef5c432f285,modern,QR1,3,120,2026-03-31,2026-02-28,2016-03-31,2026-02-28,-2.9305194230637723,-3.319270460859548,-3.438971630470056,ok,[],8.44579772092402e-05,,0.25852364721632265,0.5084522074062838,0.00045248237304399124,0.021271633060110623,0.7477189620926594,0.0
0a8ac71748b632f87da5fded013ca670ea8652daa0eca3ea04089ef5c432f285,modern,QR1,3,120,2026-04-30,2026-03-31,2016-04-30,2026-03-31,-3.2372756219261025,-2.9305194230637723,-2.952553748047655,ok,[],8.629201329313219e-05,,0.08106654546485463,0.2847218738784476,0.0001673265450754504,0.012935476221440416,0.1352838487579338,1.0
0a8ac71748b632f87da5fded013ca670ea8652daa0eca3ea04089ef5c432f285,modern,QR1,3,120,2026-05-31,2026-04-30,2016-05-31,2026-04-30,-3.511913129771558,-3.2372756219261025,-3.3675807065632,ok,[],8.066699956543744e-05,,0.020831848389196442,0.1443324232083576,2.146621098828021e-05,0.004633164252244918,0.03792812801614259,1.0
0a8ac71748b632f87da5fded013ca670ea8652daa0eca3ea04089ef5c432f285,modern,QR1,3,120,2026-06-30,2026-05-31,2016-06-30,2026-05-31,-3.0167824583115244,-3.511913129771558,-3.5019613879198177,ok,[],8.162501035258174e-05,,0.23539859373584926,0.48517892960829334,0.00035420288320128855,0.01882027851019449,0.6685307818071695,1.0
0a8ac71748b632f87da5fded013ca670ea8652daa0eca3ea04089ef5c432f285,modern,QR1,3,120,2026-07-31,2026-06-30,2016-07-31,2026-06-30,-3.371790235714744,-3.0167824583115244,-3.184680458160355,ok,[],8.004100527614355e-05,,0.03501006885645288,0.18710977755438885,4.9890816206617354e-05,0.007063343132442126,0.06204543467260337,1.0
0a8ac71748b632f87da5fded013ca670ea8652daa0eca3ea04089ef5c432f285,modern,QR1,3,120,2026-08-31,2026-07-31,2016-08-31,2026-07-31,-3.5077496504538077,-3.371790235714744,-3.3410774277041866,ok,[],7.866599480621517e-05,,0.02777962983629932,0.16667222274962112,2.953410350692009e-05,0.005434528821058923,0.04986779390246804,0.0
0a8ac71748b632f87da5fded013ca670ea8652daa0eca3ea04089ef5c432f285,modern,QR1,4,120,2025-09-30,2025-08-31,2015-09-30,2025-08-31,-3.84430960652608,-3.3885322185760227,-3.3861726223098882,ok,[],7.39170063752681e-05,,0.20988949630670714,0.45813698421619176,0.00015467320469626246,0.012436768257721234,0.316280673865295,0.0
0a8ac71748b632f87da5fded013ca670ea8652daa0eca3ea04089ef5c432f285,modern,QR1,4,120,2025-10-31,2025-09-30,2015-10-31,2025-09-30,-3.200563742469265,-3.84430960652608,-3.619429790251449,ok,[],0.00020758298342116177,,0.1754487659846668,0.41886604778218395,0.0001943592456042367,0.013941278478110847,0.4733875347647729,1.0
0a8ac71748b632f87da5fded013ca670ea8652daa0eca3ea04089ef5c432f285,modern,QR1,4,120,2025-11-30,2025-10-31,2015-11-30,2025-10-31,-3.187697796475165,-3.200563742469265,-3.3917672599981192,ok,[],0.00018312499742023647,,0.041644345942546374,0.2040694635229543,5.802796147907645e-05,0.00761760864570217,0.09587716812367642,0.0
0a8ac71748b632f87da5fded013ca670ea8652daa0eca3ea04089ef5c432f285,modern,QR1,4,120,2025-12-31,2025-11-30,2015-12-31,2025-11-30,-3.6690396499504754,-3.187697796475165,-3.2702320679979797,ok,[],0.00011808300041593611,,0.15904748742279654,0.39880758195249566,0.00015616651103923532,0.012496659995344168,0.24801698273721373,1.0
0a8ac71748b632f87da5fded013ca670ea8652daa0eca3ea04089ef5c432f285,modern,QR1,4,120,2026-01-31,2025-12-31,2016-01-31,2025-12-31,-3.5432590006801346,-3.6690396499504754,-3.4494462148451,ok,[],9.416599641554058e-05,,0.008800838786130069,0.0938127858350346,8.090013877481992e-06,0.002844294970195952,0.0165505938154569,1.0
0a8ac71748b632f87da5fded013ca670ea8652daa0eca3ea04089ef5c432f285,modern,QR1,4,120,2026-02-28,2026-01-31,2016-02-29,2026-01-31,-3.319270460859548,-3.5432590006801346,-3.4906129200919054,ok,[],8.658302249386907e-05,,0.029358238335792118,0.17134245923235758,3.245618478810888e-05,0.005697032981132274,0.06603991034598894,1.0
0a8ac71748b632f87da5fded013ca670ea8652daa0eca3ea04089ef5c432f285,modern,QR1,4,120,2026-03-31,2026-02-28,2016-03-31,2026-02-28,-2.9305194230637723,-3.319270460859548,-3.32174149732466,ok,[],8.379199425689876e-05,,0.15305471138899146,0.3912220742608876,0.00029857708409121545,0.017279383209224092,0.4043664804084288,0.0
0a8ac71748b632f87da5fded013ca670ea8652daa0eca3ea04089ef5c432f285,modern,QR1,4,120,2026-04-30,2026-03-31,2016-04-30,2026-03-31,-3.2372756219261025,-2.9305194230637723,-2.8881087520051416,ok,[],8.462500409223139e-05,,0.12191750305040124,0.3491668699209609,0.0002693105046407315,0.016410682637865236,0.1957471736885812,0.0
0a8ac71748b632f87da5fded013ca670ea8652daa0eca3ea04089ef5c432f285,modern,QR1,4,120,2026-05-31,2026-04-30,2016-05-31,2026-04-30,-3.511913129771558,-3.2372756219261025,-3.326458616446411,ok,[],8.12079815659672e-05,,0.034393376512667065,0.18545451332514684,3.697022389528403e-05,0.00608031445694086,0.061015746673431126,1.0
0a8ac71748b632f87da5fded013ca670ea8652daa0eca3ea04089ef5c432f285,modern,QR1,4,120,2026-06-30,2026-05-31,2016-06-30,2026-05-31,-3.0167824583115244,-3.511913129771558,-3.519679946318269,ok,[],9.950000094249845e-05,,0.25290588344349396,0.5028974880067447,0.0003744062889217459,0.019349581104554845,0.7282849610589677,0.0
0a8ac71748b632f87da5fded013ca670ea8652daa0eca3ea04089ef5c432f285,modern,QR1,4,120,2026-07-31,2026-06-30,2016-07-31,2026-06-30,-3.371790235714744,-3.0167824583115244,-3.2975147179609543,ok,[],8.770800195634365e-05,,0.0055168525375935305,0.07427551775378971,7.005654068452328e-06,0.002646819613886131,0.010507051192752165,1.0
0a8ac71748b632f87da5fded013ca670ea8652daa0eca3ea04089ef5c432f285,modern,QR1,4,120,2026-08-31,2026-07-31,2016-08-31,2026-07-31,-3.5077496504538077,-3.371790235714744,-3.40493330549901,ok,[],7.837498560547829e-05,,0.010571200789863986,0.10281634495479786,1.052850747516015e-05,0.003244766166484135,0.019764750199899817,1.0
0a8ac71748b632f87da5fded013ca670ea8652daa0eca3ea04089ef5c432f285,modern,QR1,0,571,2025-09-30,2025-08-31,1978-02-28,2025-08-31,-3.84430960652608,-3.3885322185760227,-3.4052773248345756,ok,[],0.00011920800898224115,,0.1927493443672485,0.43903228169150443,0.000139156010633503,0.011796440591699812,0.29365103847214247,1.0
0a8ac71748b632f87da5fded013ca670ea8652daa0eca3ea04089ef5c432f285,modern,QR1,0,571,2025-10-31,2025-09-30,1978-03-31,2025-09-30,-3.200563742469265,-3.84430960652608,-3.5693230655837436,ok,[],9.716700878925622e-05,,0.1359834383838484,0.36875932311447857,0.000157861917680659,0.0125643112696502,0.3532225578986268,1.0
0a8ac71748b632f87da5fded013ca670ea8652daa0eca3ea04089ef5c432f285,modern,QR1,0,571,2025-11-30,2025-10-31,1978-04-30,2025-10-31,-3.187697796475165,-3.200563742469265,-3.371527690943787,ok,[],8.958400576375425e-05,,0.03379343010034473,0.18382989446862208,4.8019708768401116e-05,0.0069296254421434,0.07669078239714561,0.0
0a8ac71748b632f87da5fded013ca670ea8652daa0eca3ea04089ef5c432f285,modern,QR1,0,571,2025-12-31,2025-11-30,1978-05-31,2025-11-30,-3.6690396499504754,-3.187697796475165,-3.2444413683825246,ok,[],8.866700227372348e-05,,0.1802837007104568,0.42459828156795076,0.00018196368258873778,0.01348939148326335,0.2769550339846504,1.0
0a8ac71748b632f87da5fded013ca670ea8652daa0eca3ea04089ef5c432f285,modern,QR1,0,571,2026-01-31,2025-12-31,1978-06-30,2025-12-31,-3.5432590006801346,-3.6690396499504754,-3.4426278263263743,ok,[],8.445800631307065e-05,,0.010126633251816891,0.10063117435376023,9.373449539089576e-06,0.0030616089788033964,0.018960230136801287,1.0
0a8ac71748b632f87da5fded013ca670ea8652daa0eca3ea04089ef5c432f285,modern,QR1,0,571,2026-02-28,2026-01-31,1978-07-31,2026-01-31,-3.319270460859548,-3.5432590006801346,-3.5132776277516893,ok,[],8.004199480637908e-05,,0.037638780805515235,0.19400716689214148,4.0706089299147103e-05,0.006380132388841716,0.08603657908023915,1.0
0a8ac71748b632f87da5fded013ca670ea8652daa0eca3ea04089ef5c432f285,modern,QR1,0,571,2026-03-31,2026-02-28,1978-08-31,2026-02-28,-2.9305194230637723,-3.319270460859548,-3.4042678190750735,ok,[],7.775000995025039e-05,,0.22443754272328062,0.47374839601130114,0.00040554578255562517,0.020138167308760377,0.6317483925847001,0.0
0a8ac71748b632f87da5fded013ca670ea8652daa0eca3ea04089ef5c432f285,modern,QR1,0,571,2026-04-30,2026-03-31,1978-09-30,2026-03-31,-3.2372756219261025,-2.9305194230637723,-3.059148643435184,ok,[],7.520802319049835e-05,,0.03172922046630423,0.17812697849091874,5.8628003280883644e-05,0.0076568925342389155,0.05654870989087574,1.0
0a8ac71748b632f87da5fded013ca670ea8652daa0eca3ea04089ef5c432f285,modern,QR1,0,571,2026-05-31,2026-04-30,1978-10-31,2026-04-30,-3.511913129771558,-3.2372756219261025,-3.368985750551153,ok,[],7.529198774136603e-05,,0.02042823573081336,0.14292737922040466,2.1020045083612813e-05,0.0045847622712211385,0.037226496865764735,1.0
0a8ac71748b632f87da5fded013ca670ea8652daa0eca3ea04089ef5c432f285,modern,QR1,0,571,2026-06-30,2026-05-31,1978-11-30,2026-05-31,-3.0167824583115244,-3.511913129771558,-3.453979078123785,ok,[],7.345800986513495e-05,,0.1911408843752665,0.43719661981226077,0.00030063822318449524,0.017338922203657736,0.5230269533619338,1.0
0a8ac71748b632f87da5fded013ca670ea8652daa0eca3ea04089ef5c432f285,modern,QR1,0,571,2026-07-31,2026-06-30,1978-12-31,2026-06-30,-3.371790235714744,-3.0167824583115244,-3.127492008613268,ok,[],7.516599725931883e-05,,0.05968162376492433,0.24429822710147597,9.023958559502443e-05,0.00949945185760865,0.10208330128935988,1.0
0a8ac71748b632f87da5fded013ca670ea8652daa0eca3ea04089ef5c432f285,modern,QR1,0,571,2026-08-31,2026-07-31,1979-01-31,2026-07-31,-3.5077496504538077,-3.371790235714744,-3.3154082040113604,ok,[],9.358301758766174e-05,,0.03699523201957283,0.19234144644244733,4.038540472988796e-05,0.006354951198072882,0.06534933904332824,0.0
0a8ac71748b632f87da5fded013ca670ea8652daa0eca3ea04089ef5c432f285,modern,QR1,1,571,2025-09-30,2025-08-31,1978-02-28,2025-08-31,-3.84430960652608,-3.3885322185760227,-3.4275023476409574,ok,[],9.145800140686333e-05,,0.1737282910593296,0.4168072588851226,0.00012247321018739302,0.011066761504044127,0.268090541203857,1.0
0a8ac71748b632f87da5fded013ca670ea8652daa0eca3ea04089ef5c432f285,modern,QR1,1,571,2025-10-31,2025-09-30,1978-03-31,2025-09-30,-3.200563742469265,-3.84430960652608,-3.5862455651723177,ok,[],9.116699220612645e-05,,0.148750468363549,0.38568182270305273,0.0001699657093846017,0.013037089759014537,0.3913497726958912,1.0
0a8ac71748b632f87da5fded013ca670ea8652daa0eca3ea04089ef5c432f285,modern,QR1,1,571,2025-11-30,2025-10-31,1978-04-30,2025-10-31,-3.187697796475165,-3.200563742469265,-3.362606924427805,ok,[],9.00000159163028e-05,,0.030593203041152997,0.17490912795264002,4.3850108952006646e-05,0.006621941479053303,0.06899140897614237,0.0
0a8ac71748b632f87da5fded013ca670ea8652daa0eca3ea04089ef5c432f285,modern,QR1,1,571,2025-12-31,2025-11-30,1978-05-31,2025-11-30,-3.6690396499504754,-3.187697796475165,-3.2433931155626334,ok,[],8.895801147446036e-05,,0.18117497223638032,0.42564653438784195,0.00018306860260303652,0.01353028464604631,0.27815568099230426,1.0
0a8ac71748b632f87da5fded013ca670ea8652daa0eca3ea04089ef5c432f285,modern,QR1,1,571,2026-01-31,2025-12-31,1978-06-30,2025-12-31,-3.5432590006801346,-3.6690396499504754,-3.425362697235514,ok,[],9.083302575163543e-05,,0.013899538365906046,0.11789630344462054,1.3093911750345522e-05,0.003618551056755386,0.025737092878986928,1.0
0a8ac71748b632f87da5fded013ca670ea8652daa0eca3ea04089ef5c432f285,modern,QR1,1,571,2026-02-28,2026-01-31,1978-07-31,2026-01-31,-3.319270460859548,-3.5432590006801346,-3.508419085827253,ok,[],9.08750225789845e-05,,0.03577720232717352,0.18914862496770501,3.887522512534189e-05,0.0062350000100514745,0.08149955296013306,1.0
0a8ac71748b632f87da5fded013ca670ea8652daa0eca3ea04089ef5c432f285,modern,QR1,1,571,2026-03-31,2026-02-28,1978-08-31,2026-02-28,-2.9305194230637723,-3.319270460859548,-3.407441967457757,ok,[],9.066599886864424e-05,,0.22745511335123222,0.4769225443939846,0.0004097985091143431,0.020243480657099043,0.6418259927512511,0.0
0a8ac71748b632f87da5fded013ca670ea8652daa0eca3ea04089ef5c432f285,modern,QR1,1,571,2026-04-30,2026-03-31,1978-09-30,2026-03-31,-3.2372756219261025,-2.9305194230637723,-3.0444122884925964,ok,[],8.966599125415087e-05,,0.03719626538308377,0.19286333343350615,6.978188580612368e-05,0.008353555279407905,0.06568302175031243,1.0
0a8ac71748b632f87da5fded013ca670ea8652daa0eca3ea04089ef5c432f285,modern,QR1,1,571,2026-05-31,2026-04-30,1978-10-31,2026-04-30,-3.511913129771558,-3.2372756219261025,-3.3707104020037315,ok,[],0.00010437500895932317,,0.01993821032907486,0.14120272776782627,2.047963538320858e-05,0.004525443114569951,0.03637337761867829,1.0
0a8ac71748b632f87da5fded013ca670ea8652daa0eca3ea04089ef5c432f285,modern,QR1,1,571,2026-06-30,2026-05-31,1978-11-30,2026-05-31,-3.0167824583115244,-3.511913129771558,-3.471261884973111,ok,[],0.00013641599798575044,,0.20655154925864447,0.4544794266615866,0.00031971949989693065,0.01788070188490739,0.5727784819305919,1.0
0a8ac71748b632f87da5fded013ca670ea8652daa0eca3ea04089ef5c432f285,modern,QR1,1,571,2026-07-31,2026-06-30,1978-12-31,2026-06-30,-3.371790235714744,-3.0167824583115244,-3.173202789107391,ok,[],0.00013862500782124698,,0.03943697395002835,0.19858744660735317,5.686905763475071e-05,0.007541157579228186,0.06939134247021927,1.0
0a8ac71748b632f87da5fded013ca670ea8652daa0eca3ea04089ef5c432f285,modern,QR1,1,571,2026-08-31,2026-07-31,1979-01-31,2026-07-31,-3.5077496504538077,-3.371790235714744,-3.302173297215949,ok,[],0.00010633299825713038,,0.042261637010576864,0.20557635323785872,4.676956369696672e-05,0.00683882765515894,0.07403840340846479,0.0
0a8ac71748b632f87da5fded013ca670ea8652daa0eca3ea04089ef5c432f285,modern,QR1,2,571,2025-09-30,2025-08-31,1978-02-28,2025-08-31,-3.84430960652608,-3.3885322185760227,-3.3950372471157575,ok,[],9.670801227912307e-05,,0.201845652930118,0.4492723594103225,0.00014733427795166876,0.01213813321527115,0.3057064824694997,1.0
0a8ac71748b632f87da5fded013ca670ea8652daa0eca3ea04089ef5c432f285,modern,QR1,2,571,2025-10-31,2025-09-30,1978-03-31,2025-09-30,-3.200563742469265,-3.84430960652608,-3.573493354057453,ok,[],0.00011162500595673919,,0.1390764951993169,0.37292961158818816,0.00016082206938768383,0.012681564153829126,0.3623928928831428,1.0
0a8ac71748b632f87da5fded013ca670ea8652daa0eca3ea04089ef5c432f285,modern,QR1,2,571,2025-11-30,2025-10-31,1978-04-30,2025-10-31,-3.187697796475165,-3.200563742469265,-3.3696856773110797,ok,[],9.449999197386205e-05,,0.03311958877114712,0.18198788083591477,4.714631837075545e-05,0.006866317671849698,0.0750635721558745,0.0
0a8ac71748b632f87da5fded013ca670ea8652daa0eca3ea04089ef5c432f285,modern,QR1,2,571,2025-12-31,2025-11-30,1978-05-31,2025-11-30,-3.6690396499504754,-3.187697796475165,-3.2554357661633206,ok,[],0.00010008300887420774,,0.1710681726838182,0.41360388378715474,0.0001706436432105256,0.013063064082003334,0.2644763062781652,1.0
0a8ac71748b632f87da5fded013ca670ea8652daa0eca3ea04089ef5c432f285,modern,QR1,2,571,2026-01-31,2025-12-31,1978-06-30,2025-12-31,-3.5432590006801346,-3.6690396499504754,-3.393231742449755,ok,[],0.00010487501276656985,,0.022508178212124953,0.15002725823037943,2.1911652762850376e-05,0.004680988438658055,0.04083235145587183,1.0
0a8ac71748b632f87da5fded013ca670ea8652daa0eca3ea04089ef5c432f285,modern,QR1,2,571,2026-02-28,2026-01-31,1978-07-31,2026-01-31,-3.319270460859548,-3.5432590006801346,-3.4482971982854087,ok,[],0.00010108298738487065,,0.016647898970762055,0.1290267374258609,1.9179821692075042e-05,0.004379477330923753,0.03635456019957223,1.0
0a8ac71748b632f87da5fded013ca670ea8652daa0eca3ea04089ef5c432f285,modern,QR1,2,571,2026-03-31,2026-02-28,1978-08-31,2026-02-28,-2.9305194230637723,-3.319270460859548,-3.3303201825927644,ok,[],0.0001078750065062195,,0.15984064731995895,0.3998007595289921,0.000309325894061107,0.017587663121094485,0.42505275045888746,0.0
0a8ac71748b632f87da5fded013ca670ea8652daa0eca3ea04089ef5c432f285,modern,QR1,2,571,2026-04-30,2026-03-31,1978-09-30,2026-03-31,-3.2372756219261025,-2.9305194230637723,-3.0038854489968143,ok,[],0.00010874998406507075,,0.054470972819963055,0.2333901729292882,0.00010656971245734768,0.010323260747329192,0.09379814820293292,1.0
0a8ac71748b632f87da5fded013ca670ea8652daa0eca3ea04089ef5c432f285,modern,QR1,2,571,2026-05-31,2026-04-30,1978-10-31,2026-04-30,-3.511913129771558,-3.2372756219261025,-3.364117042575092,ok,[],0.00010608299635350704,,0.021843683390585275,0.14779608719646564,2.2588860181165233e-05,0.004752773945935703,0.039682999834887045,1.0
0a8ac71748b632f87da5fded013ca670ea8652daa0eca3ea04089ef5c432f285,modern,QR1,2,571,2026-06-30,2026-05-31,1978-11-30,2026-05-31,-3.0167824583115244,-3.511913129771558,-3.4661792194242422,ok,[],9.012501686811447e-05,,0.2019574488986012,0.44939676111271787,0.0003140813978483156,0.017722341771005196,0.5578439218091216,1.0
0a8ac71748b632f87da5fded013ca670ea8652daa0eca3ea04089ef5c432f285,modern,QR1,2,571,2026-07-31,2026-06-30,1978-12-31,2026-06-30,-3.371790235714744,-3.0167824583115244,-3.2218664197084697,ok,[],0.00011879098019562662,,0.022477150605883206,0.14992381600627436,3.082945713180764e-05,0.005552428039318262,0.040778738275475124,1.0
0a8ac71748b632f87da5fded013ca670ea8652daa0eca3ea04089ef5c432f285,modern,QR1,2,571,2026-08-31,2026-07-31,1979-01-31,2026-07-31,-3.5077496504538077,-3.371790235714744,-3.3155597498550833,ok,[],0.00010195799404755235,,0.03693695789214758,0.19218990059872443,4.031548467637756e-05,0.00634944758828495,0.0652525829653608,0.0
0a8ac71748b632f87da5fded013ca670ea8652daa0eca3ea04089ef5c432f285,modern,QR1,3,571,2025-09-30,2025-08-31,1978-02-28,2025-08-31,-3.84430960652608,-3.3885322185760227,-3.425311512702912,ok,[],8.479200187139213e-05,,0.17555940262744837,0.4189980938231681,0.00012405440607175631,0.011137971362494892,0.2705726452505224,1.0
0a8ac71748b632f87da5fded013ca670ea8652daa0eca3ea04089ef5c432f285,modern,QR1,3,571,2025-10-31,2025-09-30,1978-03-31,2025-09-30,-3.200563742469265,-3.84430960652608,-3.5720692427682774,ok,[],8.300002082251012e-05,,0.1380163367524195,0.3715055002990124,0.0001598095056654864,0.012641578448338103,0.3592448875331966,1.0
0a8ac71748b632f87da5fded013ca670ea8652daa0eca3ea04089ef5c432f285,modern,QR1,3,571,2025-11-30,2025-10-31,1978-04-30,2025-10-31,-3.187697796475165,-3.200563742469265,-3.3575168108058997,ok,[],8.220798918046057e-05,,0.028838497628262297,0.16981901433073476,4.1539904534478856e-05,0.006445145811731404,0.06480110317149812,0.0
0a8ac71748b632f87da5fded013ca670ea8652daa0eca3ea04089ef5c432f285,modern,QR1,3,571,2025-12-31,2025-11-30,1978-05-31,2025-11-30,-3.6690396499504754,-3.187697796475165,-3.250944075435015,ok,[],8.345799869857728e-05,,0.17480390942941273,0.4180955745154602,0.00017520946712354558,0.013236671300729107,0.26954912897200634,1.0
0a8ac71748b632f87da5fded013ca670ea8652daa0eca3ea04089ef5c432f285,modern,QR1,3,571,2026-01-31,2025-12-31,1978-06-30,2025-12-31,-3.5432590006801346,-3.6690396499504754,-3.442308326245704,ok,[],8.458399679511786e-05,,0.010191038668766405,0.10095067443443062,9.436129687998703e-06,0.0030718283949463555,0.01907688812612046,1.0
0a8ac71748b632f87da5fded013ca670ea8652daa0eca3ea04089ef5c432f285,modern,QR1,3,571,2026-02-28,2026-01-31,1978-07-31,2026-01-31,-3.319270460859548,-3.5432590006801346,-3.5223159339258086,ok,[],8.387499838136137e-05,,0.04122746413270162,0.20304547306626075,4.419925642884851e-05,0.006648252133369229,0.09484810472022931,1.0
0a8ac71748b632f87da5fded013ca670ea8652daa0eca3ea04089ef5c432f285,modern,QR1,3,571,2026-03-31,2026-02-28,1978-08-31,2026-02-28,-2.9305194230637723,-3.319270460859548,-3.422395482454096,ok,[],8.591599180363119e-05,,0.2419420578013533,0.49187605939032375,0.0004299461567400439,0.020735143036401844,0.6907202585683117,0.0
0a8ac71748b632f87da5fded013ca670ea8652daa0eca3ea04089ef5c432f285,modern,QR1,3,571,2026-04-30,2026-03-31,1978-09-30,2026-03-31,-3.2372756219261025,-2.9305194230637723,-3.0476788897100318,ok,[],8.683398482389748e-05,,0.03594692086701245,0.18959673221607076,6.721113124352902e-05,0.008198239520990407,0.06360665468011728,1.0
0a8ac71748b632f87da5fded013ca670ea8652daa0eca3ea04089ef5c432f285,modern,QR1,3,571,2026-05-31,2026-04-30,1978-10-31,2026-04-30,-3.511913129771558,-3.2372756219261025,-3.361807584255177,ok,[],8.016600622795522e-05,,0.022531674794770296,0.1501055455163809,2.335553357512795e-05,0.0048327563124088875,0.04087294813524256,1.0
0a8ac71748b632f87da5fded013ca670ea8652daa0eca3ea04089ef5c432f285,modern,QR1,3,571,2026-06-30,2026-05-31,1978-11-30,2026-05-31,-3.0167824583115244,-3.511913129771558,-3.4439471138382487,ok,[],8.212498505599797e-05,,0.18246964293126505,0.42716465552672434,0.00028968446375120813,0.017020119381226682,0.4954685574489044,1.0
0a8ac71748b632f87da5fded013ca670ea8652daa0eca3ea04089ef5c432f285,modern,QR1,3,571,2026-07-31,2026-06-30,1978-12-31,2026-06-30,-3.371790235714744,-3.0167824583115244,-3.1564297961354884,ok,[],8.270799298770726e-05,,0.04638011893577023,0.21536043957925566,6.805183270745002e-05,0.00824935347208798,0.08076120441638895,1.0
0a8ac71748b632f87da5fded013ca670ea8652daa0eca3ea04089ef5c432f285,modern,QR1,3,571,2026-08-31,2026-07-31,1979-01-31,2026-07-31,-3.5077496504538077,-3.371790235714744,-3.3137182973365698,ok,[],8.291698759421706e-05,,0.03764816599250629,0.19403135311723796,4.11699217733716e-05,0.00641637917936367,0.06643251014886709,0.0
0a8ac71748b632f87da5fded013ca670ea8652daa0eca3ea04089ef5c432f285,modern,QR1,4,571,2025-09-30,2025-08-31,1978-02-28,2025-08-31,-3.84430960652608,-3.3885322185760227,-3.418381532033101,ok,[],8.704201900400221e-05,,0.18141472464129685,0.4259280744929792,0.00012914618131445592,0.011364250143078333,0.27847847097081946,1.0
0a8ac71748b632f87da5fded013ca670ea8652daa0eca3ea04089ef5c432f285,modern,QR1,4,571,2025-10-31,2025-09-30,1978-03-31,2025-09-30,-3.200563742469265,-3.84430960652608,-3.585958068541013,ok,[],7.899999036453664e-05,,0.14852878656829688,0.38539432607174806,0.00016975808111271935,0.013029124341747581,0.3906815777608077,1.0
0a8ac71748b632f87da5fded013ca670ea8652daa0eca3ea04089ef5c432f285,modern,QR1,4,571,2025-11-30,2025-10-31,1978-04-30,2025-10-31,-3.187697796475165,-3.200563742469265,-3.3634757536082667,ok,[],7.999999797903001e-05,,0.03089789021388655,0.17577795713310174,4.424948770687285e-05,0.006652028841404166,0.06972130035028495,0.0
0a8ac71748b632f87da5fded013ca670ea8652daa0eca3ea04089ef5c432f285,modern,QR1,4,571,2025-12-31,2025-11-30,1978-05-31,2025-11-30,-3.6690396499504754,-3.187697796475165,-3.254965166599698,ok,[],7.899999036453664e-05,,0.17145767776221327,0.41407448335077746,0.0001711182266951874,0.013081216560212869,0.26500614225609653,1.0
0a8ac71748b632f87da5fded013ca670ea8652daa0eca3ea04089ef5c432f285,modern,QR1,4,571,2026-01-31,2025-12-31,1978-06-30,2025-12-31,-3.5432590006801346,-3.6690396499504754,-3.4144613116093137,ok,[],7.88329925853759e-05,,0.01658884470998386,0.1287976890708209,1.5802175863131555e-05,0.003975195072336898,0.030503282419875266,1.0
0a8ac71748b632f87da5fded013ca670ea8652daa0eca3ea04089ef5c432f285,modern,QR1,4,571,2026-02-28,2026-01-31,1978-07-31,2026-01-31,-3.319270460859548,-3.5432590006801346,-3.4848394847726367,ok,[],8.045899448916316e-05,,0.027413101679533012,0.16556902391308892,3.0476329473037893e-05,0.005520537063822495,0.06141396999245363,1.0
0a8ac71748b632f87da5fded013ca670ea8652daa0eca3ea04089ef5c432f285,modern,QR1,4,571,2026-03-31,2026-02-28,1978-08-31,2026-02-28,-2.9305194230637723,-3.319270460859548,-3.3816586255958883,ok,[],7.79579859226942e-05,,0.20352658006131352,0.4511392025321159,0.00037551774088643485,0.019378280132313984,0.5629350671877347,0.0
0a8ac71748b632f87da5fded013ca670ea8652daa0eca3ea04089ef5c432f285,modern,QR1,4,571,2026-04-30,2026-03-31,1978-09-30,2026-03-31,-3.2372756219261025,-2.9305194230637723,-3.0189906371459374,ok,[],8.083300781436265e-05,,0.04764833458047692,0.21828498478016511,9.177186942671258e-05,0.00957976353709801,0.08281924808669522,1.0
0a8ac71748b632f87da5fded013ca670ea8652daa0eca3ea04089ef5c432f285,modern,QR1,4,571,2026-05-31,2026-04-30,1978-10-31,2026-04-30,-3.511913129771558,-3.2372756219261025,-3.3513735569661227,ok,[],8.274998981505632e-05,,0.025772954436551587,0.16053957280543507,2.7002826394461447e-05,0.005196424385523323,0.04644498480664805,1.0
0a8ac71748b632f87da5fded013ca670ea8652daa0eca3ea04089ef5c432f285,modern,QR1,4,571,2026-06-30,2026-05-31,1978-11-30,2026-05-31,-3.0167824583115244,-3.511913129771558,-3.4693196299076607,ok,[],8.166601764969528e-05,,0.204789891676231,0.4525371715961364,0.0003175624589351102,0.017820282235001504,0.5670413580066822,1.0
0a8ac71748b632f87da5fded013ca670ea8652daa0eca3ea04089ef5c432f285,modern,QR1,4,571,2026-07-31,2026-06-30,1978-12-31,2026-06-30,-3.371790235714744,-3.0167824583115244,-3.195804782542243,ok,[],7.9624995123595e-05,,0.03097087972833059,0.17598545317250114,4.363187237177535e-05,0.006605442632539878,0.05527148960822409,1.0
0a8ac71748b632f87da5fded013ca670ea8652daa0eca3ea04089ef5c432f285,modern,QR1,4,571,2026-08-31,2026-07-31,1979-01-31,2026-07-31,-3.5077496504538077,-3.371790235714744,-3.317470540128049,ok,[],7.599999662488699e-05,,0.03620613982636222,0.19027911032575862,3.9439981860913435e-05,0.006280125943077371,0.06403799083177986,0.0
0a8ac71748b632f87da5fded013ca670ea8652daa0eca3ea04089ef5c432f285,modern,QR2,0,120,2025-09-30,2025-08-31,2015-09-30,2025-08-31,-3.84430960652608,-3.3885322185760227,-3.504329028574846,ok,[],9.895898983813822e-05,,0.1155867933840552,0.33998057795123415,7.509555139681056e-05,0.008665768944347094,0.18659782773013356,1.0
0a8ac71748b632f87da5fded013ca670ea8652daa0eca3ea04089ef5c432f285,modern,QR2,0,120,2025-10-31,2025-09-30,2015-10-31,2025-09-30,-3.200563742469265,-3.84430960652608,-3.63089090517944,ok,[],0.00013691699132323265,,0.18518146696618926,0.4303271627101748,0.00020296730821978023,0.01424665954600517,0.5040531503939478,1.0
0a8ac71748b632f87da5fded013ca670ea8652daa0eca3ea04089ef5c432f285,modern,QR2,0,120,2025-11-30,2025-10-31,2015-11-30,2025-10-31,-3.187697796475165,-3.200563742469265,-3.434907741661065,ok,[],0.00011245801579207182,,0.06111275699881569,0.2472099451859,8.16923622966374e-05,0.009038382725722417,0.1451269558444762,0.0
0a8ac71748b632f87da5fded013ca670ea8652daa0eca3ea04089ef5c432f285,modern,QR2,0,120,2025-12-31,2025-11-30,2015-12-31,2025-11-30,-3.6690396499504754,-3.187697796475165,-3.239735865266025,ok,[],9.658298222348094e-05,,0.18430173954439286,0.4293037846844503,0.00018695894098691548,0.013673292982559669,0.2823592859491242,1.0
0a8ac71748b632f87da5fded013ca670ea8652daa0eca3ea04089ef5c432f285,modern,QR2,0,120,2026-01-31,2025-12-31,2016-01-31,2025-12-31,-3.5432590006801346,-3.6690396499504754,-3.473431359090805,ok,[],9.512499673292041e-05,,0.004875899529927894,0.06982764158932975,4.374428287165069e-06,0.0020915133963628034,0.00931325264369734,1.0
0a8ac71748b632f87da5fded013ca670ea8652daa0eca3ea04089ef5c432f285,modern,QR2,0,120,2026-02-28,2026-01-31,2016-02-29,2026-01-31,-3.319270460859548,-3.5432590006801346,-3.5151370746007133,ok,[],9.616700117476285e-05,,0.03836373037843094,0.19586661374116554,4.141554077640729e-05,0.006435490717607111,0.08780972986780067,1.0
0a8ac71748b632f87da5fded013ca670ea8652daa0eca3ea04089ef5c432f285,modern,QR2,0,120,2026-03-31,2026-02-28,2016-03-31,2026-02-28,-2.9305194230637723,-3.319270460859548,-3.4756834757484016,ok,[],9.295798372477293e-05,,0.2972038443395293,0.5451640526846293,0.000503043457284005,0.02242863030334231,0.8849220025991338,0.0
0a8ac71748b632f87da5fded013ca670ea8652daa0eca3ea04089ef5c432f285,modern,QR2,0,120,2026-04-30,2026-03-31,2016-04-30,2026-03-31,-3.2372756219261025,-2.9305194230637723,-3.033629416163604,ok,[],8.995798998512328e-05,,0.04147177712146191,0.2036462057624986,7.86744266419644e-05,0.008869860576241569,0.07274198824874006,1.0
0a8ac71748b632f87da5fded013ca670ea8652daa0eca3ea04089ef5c432f285,modern,QR2,0,120,2026-05-31,2026-04-30,2016-05-31,2026-04-30,-3.511913129771558,-3.2372756219261025,-3.319423557378465,ok,[],9.208399569615722e-05,,0.03705223548007564,0.1924895723930926,4.011835707848059e-05,0.006333905357556315,0.06544397208225994,1.0
0a8ac71748b632f87da5fded013ca670ea8652daa0eca3ea04089ef5c432f285,modern,QR2,0,120,2026-06-30,2026-05-31,2016-06-30,2026-05-31,-3.0167824583115244,-3.511913129771558,-3.5503187950890194,ok,[],8.783297380432487e-05,,0.2846610226619486,0.533536336777495,0.0004097793468610262,0.02024300735713511,0.8397850380281828,0.0
0a8ac71748b632f87da5fded013ca670ea8652daa0eca3ea04089ef5c432f285,modern,QR2,0,120,2026-07-31,2026-06-30,2016-07-31,2026-06-30,-3.371790235714744,-3.0167824583115244,-3.0110980417678967,ok,[],8.929200703278184e-05,,0.13009885877419008,0.36069219394684726,0.00022229191640923794,0.01490945728084151,0.20746325614572936,0.0
0a8ac71748b632f87da5fded013ca670ea8652daa0eca3ea04089ef5c432f285,modern,QR2,0,120,2026-08-31,2026-07-31,2016-08-31,2026-07-31,-3.5077496504538077,-3.371790235714744,-3.328555851497068,ok,[],8.941700798459351e-05,,0.032110417584548405,0.1791937989567396,3.458103610410379e-05,0.0058805642674920056,0.057189766159601974,0.0
0a8ac71748b632f87da5fded013ca670ea8652daa0eca3ea04089ef5c432f285,modern,QR2,1,120,2025-09-30,2025-08-31,2015-09-30,2025-08-31,-3.84430960652608,-3.3885322185760227,-3.3850073493378385,ok,[],8.154098759405315e-05,,0.2109585634582135,0.45930225718824147,0.00015565610733641135,0.012476221677110877,0.31768007126812015,0.0
0a8ac71748b632f87da5fded013ca670ea8652daa0eca3ea04089ef5c432f285,modern,QR2,1,120,2025-10-31,2025-09-30,2015-10-31,2025-09-30,-3.200563742469265,-3.84430960652608,-3.624532767008895,ok,[],8.279198664240539e-05,,0.17974973376908532,0.4239690245396299,0.0001981810597034622,0.01407767948574843,0.4868895361194112,1.0
0a8ac71748b632f87da5fded013ca670ea8652daa0eca3ea04089ef5c432f285,modern,QR2,1,120,2025-11-30,2025-10-31,2015-11-30,2025-10-31,-3.187697796475165,-3.200563742469265,-3.40997334655796,ok,[],0.00013862500782124698,,0.04940642016460915,0.2222755500827951,6.764544513012148e-05,0.00822468510826533,0.11523874908106302,0.0
0a8ac71748b632f87da5fded013ca670ea8652daa0eca3ea04089ef5c432f285,modern,QR2,1,120,2025-12-31,2025-11-30,2015-12-31,2025-11-30,-3.6690396499504754,-3.187697796475165,-3.259337210612064,ok,[],7.766697672195733e-05,,0.1678560887998445,0.4097024393384112,0.00016674303409265607,0.012912901846318513,0.2600987214609999,1.0
0a8ac71748b632f87da5fded013ca670ea8652daa0eca3ea04089ef5c432f285,modern,QR2,1,120,2026-01-31,2025-12-31,2016-01-31,2025-12-31,-3.5432590006801346,-3.6690396499504754,-3.465527700836022,ok,[],8.045899448916316e-05,,0.006042154975455347,0.07773129984411264,5.464282359999457e-06,0.0023375804499523554,0.011481691399384403,1.0
0a8ac71748b632f87da5fded013ca670ea8652daa0eca3ea04089ef5c432f285,modern,QR2,1,120,2026-02-28,2026-01-31,2016-02-29,2026-01-31,-3.319270460859548,-3.5432590006801346,-3.4771243708685855,ok,[],7.825001375749707e-05,,0.024917856905141374,0.1578539100090377,2.7911008908953952e-05,0.005283087062405271,0.055521731246418515,1.0
0a8ac71748b632f87da5fded013ca670ea8652daa0eca3ea04089ef5c432f285,modern,QR2,1,120,2026-03-31,2026-02-28,2016-03-31,2026-02-28,-2.9305194230637723,-3.319270460859548,-3.345209212748106,ok,[],7.920799544081092e-05,,0.1719676216684368,0.41468978968433357,0.00032820650886128237,0.01811647065135156,0.46251677991771123,0.0
0a8ac71748b632f87da5fded013ca670ea8652daa0eca3ea04089ef5c432f285,modern,QR2,1,120,2026-04-30,2026-03-31,2016-04-30,2026-03-31,-3.2372756219261025,-2.9305194230637723,-2.9540248242341205,ok,[],7.737500709481537e-05,,0.08023101439314413,0.283250797691982,0.00016534702373411945,0.012858733364298346,0.13400893561411825,1.0
0a8ac71748b632f87da5fded013ca670ea8652daa0eca3ea04089ef5c432f285,modern,QR2,1,120,2026-05-31,2026-04-30,2016-05-31,2026-04-30,-3.511913129771558,-3.2372756219261025,-3.407300316325092,ok,[],7.712500519119203e-05,,0.010943840737185028,0.10461281344646567,1.0829030581797749e-05,0.003290749243226799,0.020437810601881407,1.0
0a8ac71748b632f87da5fded013ca670ea8652daa0eca3ea04089ef5c432f285,modern,QR2,1,120,2026-06-30,2026-05-31,2016-06-30,2026-05-31,-3.0167824583115244,-3.511913129771558,-3.6122851990786304,ok,[],7.816700963303447e-05,,0.35462351426113514,0.5955027407671061,0.0004826102736725709,0.021968392605572463,1.0993824874696667,0.0
0a8ac71748b632f87da5fded013ca670ea8652daa0eca3ea04089ef5c432f285,modern,QR2,1,120,2026-07-31,2026-06-30,2016-07-31,2026-06-30,-3.371790235714744,-3.0167824583115244,-3.3013320288692087,ok,[],7.849998655728996e-05,,0.004964358911888234,0.07045820684553528,6.279754337915284e-06,0.002505943801827025,0.009478322238657022,1.0
0a8ac71748b632f87da5fded013ca670ea8652daa0eca3ea04089ef5c432f285,modern,QR2,1,120,2026-08-31,2026-07-31,2016-08-31,2026-07-31,-3.5077496504538077,-3.371790235714744,-3.3726773588965706,ok,[],7.887501851655543e-05,,0.018244523946523265,0.1350722915572371,1.8778514918234684e-05,0.004333418387166728,0.03341371364507409,1.0
0a8ac71748b632f87da5fded013ca670ea8652daa0eca3ea04089ef5c432f285,modern,QR2,2,120,2025-09-30,2025-08-31,2015-09-30,2025-08-31,-3.84430960652608,-3.3885322185760227,-3.500724952254953,ok,[],8.495801012031734e-05,,0.11805041465060984,0.34358465427112694,7.698883190704831e-05,0.008774328003160602,0.19016719611778204,1.0
0a8ac71748b632f87da5fded013ca670ea8652daa0eca3ea04089ef5c432f285,modern,QR2,2,120,2025-10-31,2025-09-30,2015-10-31,2025-09-30,-3.200563742469265,-3.84430960652608,-3.5074497354106637,ok,[],0.00010991599992848933,,0.09417901266362823,0.30688599294139873,0.00011590620229434828,0.010765974284492243,0.23361460334692818,1.0
0a8ac71748b632f87da5fded013ca670ea8652daa0eca3ea04089ef5c432f285,modern,QR2,2,120,2025-11-30,2025-10-31,2015-11-30,2025-10-31,-3.187697796475165,-3.200563742469265,-3.296637750628129,ok,[],9.262500680051744e-05,,0.011867913610849918,0.10893995415296409,1.8142314910301883e-05,0.004259379639137827,0.025557823802614316,0.0
0a8ac71748b632f87da5fded013ca670ea8652daa0eca3ea04089ef5c432f285,modern,QR2,2,120,2025-12-31,2025-11-30,2015-12-31,2025-11-30,-3.6690396499504754,-3.187697796475165,-3.2422301246583527,ok,[],8.762499783188105e-05,,0.1821663708800871,0.4268095252921227,0.00018429973965681512,0.013575704020669245,0.2794899419395528,1.0
0a8ac71748b632f87da5fded013ca670ea8652daa0eca3ea04089ef5c432f285,modern,QR2,2,120,2026-01-31,2025-12-31,2016-01-31,2025-12-31,-3.5432590006801346,-3.6690396499504754,-3.434179294739951,ok,[],8.55830148793757e-05,,0.011898382247996919,0.10907970594018357,1.1108503126105647e-05,0.0033329421126244672,0.02215667661495399,1.0
0a8ac71748b632f87da5fded013ca670ea8652daa0eca3ea04089ef5c432f285,modern,QR2,2,120,2026-02-28,2026-01-31,2016-02-29,2026-01-31,-3.319270460859548,-3.5432590006801346,-3.393382226390215,ok,[],8.774999878369272e-05,,0.005492553790072578,0.07411176553066712,6.6789019960979295e-06,0.00258435717270232,0.01154858142034218,1.0
0a8ac71748b632f87da5fded013ca670ea8652daa0eca3ea04089ef5c432f285,modern,QR2,2,120,2026-03-31,2026-02-28,2016-03-31,2026-02-28,-2.9305194230637723,-3.319270460859548,-3.3483711272086083,ok,[],8.620900916866958e-05,,0.17460004665674353,0.41785170414483597,0.0003322512737990544,0.018227761074774224,0.4707324356304343,0.0
0a8ac71748b632f87da5fded013ca670ea8652daa0eca3ea04089ef5c432f285,modern,QR2,2,120,2026-04-30,2026-03-31,2016-04-30,2026-03-31,-3.2372756219261025,-2.9305194230637723,-2.8656412000119986,ok,[],8.29579948913306e-05,,0.1381121435514302,0.3716344219141039,0.00031243628937179907,0.01767586742911926,0.21882569475810876,0.0
0a8ac71748b632f87da5fded013ca670ea8652daa0eca3ea04089ef5c432f285,modern,QR2,2,120,2026-05-31,2026-04-30,2016-05-31,2026-04-30,-3.511913129771558,-3.2372756219261025,-3.1397722298999797,ok,[],8.38330015540123e-05,,0.13848884935722788,0.37214089987157806,0.00018098011790929034,0.013452885114699015,0.2193571764452661,0.0
0a8ac71748b632f87da5fded013ca670ea8652daa0eca3ea04089ef5c432f285,modern,QR2,2,120,2026-06-30,2026-05-31,2016-06-30,2026-05-31,-3.0167824583115244,-3.511913129771558,-3.579451434982839,ok,[],0.00010479200864210725,,0.31659637730834417,0.5626689766713144,0.00044383943463481226,0.021067497113677558,0.9559200410749074,0.0
0a8ac71748b632f87da5fded013ca670ea8652daa0eca3ea04089ef5c432f285,modern,QR2,2,120,2026-07-31,2026-06-30,2016-07-31,2026-06-30,-3.371790235714744,-3.0167824583115244,-3.264287388171604,ok,[],9.854199015535414e-05,,0.011556862229883575,0.10750284754313988,1.5179108280819007e-05,0.0038960375101914774,0.021542541953596284,1.0
0a8ac71748b632f87da5fded013ca670ea8652daa0eca3ea04089ef5c432f285,modern,QR2,2,120,2026-08-31,2026-07-31,2016-08-31,2026-07-31,-3.5077496504538077,-3.371790235714744,-3.4204997851323187,ok,[],8.770899148657918e-05,,0.007612538998617976,0.08724986532148904,7.462846705971958e-06,0.002731821133597871,0.014376811098947229,1.0
0a8ac71748b632f87da5fded013ca670ea8652daa0eca3ea04089ef5c432f285,modern,QR2,3,120,2025-09-30,2025-08-31,2015-09-30,2025-08-31,-3.84430960652608,-3.3885322185760227,-3.5030539591130996,ok,[],7.62919953558594e-05,,0.11645541689125241,0.3412556474129804,7.576189357537664e-05,0.00870413083399926,0.18785761873923373,1.0
0a8ac71748b632f87da5fded013ca670ea8652daa0eca3ea04089ef5c432f285,modern,QR2,3,120,2025-10-31,2025-09-30,2015-10-31,2025-09-30,-3.200563742469265,-3.84430960652608,-3.6930321263600643,ok,[],7.700000423938036e-05,,0.24252510913201564,0.4924683838907993,0.0002509953452508689,0.015842832614493815,0.6927057980067903,1.0
0a8ac71748b632f87da5fded013ca670ea8652daa0eca3ea04089ef5c432f285,modern,QR2,3,120,2025-11-30,2025-10-31,2015-11-30,2025-10-31,-3.187697796475165,-3.200563742469265,-3.423735790685347,ok,[],7.754200487397611e-05,,0.05571393471076602,0.23603799421018223,7.527835595858297e-05,0.008676310042787946,0.1312432243716719,0.0
0a8ac71748b632f87da5fded013ca670ea8652daa0eca3ea04089ef5c432f285,modern,QR2,3,120,2025-12-31,2025-11-30,2015-12-31,2025-11-30,-3.6690396499504754,-3.187697796475165,-3.270512703418863,ok,[],7.670800550840795e-05,,0.15882372711181078,0.3985269465316126,0.0001559001464744962,0.01248599801675846,0.24770858026061826,1.0
0a8ac71748b632f87da5fded013ca670ea8652daa0eca3ea04089ef5c432f285,modern,QR2,3,120,2026-01-31,2025-12-31,2016-01-31,2025-12-31,-3.5432590006801346,-3.6690396499504754,-3.550658286914543,ok,[],7.591699250042439e-05,,5.47494367787079e-05,0.007399286234408553,4.544985522888033e-08,0.00021318971651766022,0.00011004102015894739,1.0
0a8ac71748b632f87da5fded013ca670ea8652daa0eca3ea04089ef5c432f285,modern,QR2,3,120,2026-02-28,2026-01-31,2016-02-29,2026-01-31,-3.319270460859548,-3.5432590006801346,-3.5955148530371615,ok,[],7.583398837596178e-05,,0.07631096420957921,0.27624439217761365,7.62594848817035e-05,0.008732667684144605,0.18508329888848118,0.0
0a8ac71748b632f87da5fded013ca670ea8652daa0eca3ea04089ef5c432f285,modern,QR2,3,120,2026-03-31,2026-02-28,2016-03-31,2026-02-28,-2.9305194230637723,-3.319270460859548,-3.5296955968857513,ok,[],7.525002001784742e-05,,0.35901208727594636,0.599176173821979,0.0005786657312916137,0.024055471961522884,1.1162986808058557,0.0
0a8ac71748b632f87da5fded013ca670ea8652daa0eca3ea04089ef5c432f285,modern,QR2,3,120,2026-04-30,2026-03-31,2016-04-30,2026-03-31,-3.2372756219261025,-2.9305194230637723,-2.9689044162768896,ok,[],7.979100337252021e-05,,0.07202310402161212,0.2683712056492129,0.00014613933627517735,0.012088810374688543,0.12139211318393722,1.0
0a8ac71748b632f87da5fded013ca670ea8652daa0eca3ea04089ef5c432f285,modern,QR2,3,120,2026-05-31,2026-04-30,2016-05-31,2026-04-30,-3.511913129771558,-3.2372756219261025,-3.3098678382943016,ok,[],7.779200677759945e-05,,0.04082229980812939,0.20204529147725614,4.463880324750914e-05,0.006681227675173863,0.0716742297853919,1.0
0a8ac71748b632f87da5fded013ca670ea8652daa0eca3ea04089ef5c432f285,modern,QR2,3,120,2026-06-30,2026-05-31,2016-06-30,2026-05-31,-3.0167824583115244,-3.511913129771558,-3.4428443096901176,ok,[],7.650000043213367e-05,,0.18152870120015444,0.4260618513785932,0.00028848608691873514,0.01698487818380618,0.4924971434122871,1.0
0a8ac71748b632f87da5fded013ca670ea8652daa0eca3ea04089ef5c432f285,modern,QR2,3,120,2026-07-31,2026-06-30,2016-07-31,2026-06-30,-3.371790235714744,-3.0167824583115244,-3.093077437283303,ok,[],7.979100337252021e-05,,0.07768082400948507,0.27871279843144103,0.00012174945119585298,0.011034013376639208,0.13010707760174017,1.0
0a8ac71748b632f87da5fded013ca670ea8652daa0eca3ea04089ef5c432f285,modern,QR2,3,120,2026-08-31,2026-07-31,2016-08-31,2026-07-31,-3.5077496504538077,-3.371790235714744,-3.376404593137676,ok,[],7.341700256802142e-05,,0.01725152408137797,0.13134505731613189,1.7688928721144684e-05,0.004205820814198423,0.031670270723514776,1.0
0a8ac71748b632f87da5fded013ca670ea8652daa0eca3ea04089ef5c432f285,modern,QR2,4,120,2025-09-30,2025-08-31,2015-09-30,2025-08-31,-3.84430960652608,-3.3885322185760227,-3.4079154502817923,ok,[],8.925001020543277e-05,,0.19043985960416376,0.4363941562442877,0.00013710013178374743,0.011708976547237057,0.29057332099518807,1.0
0a8ac71748b632f87da5fded013ca670ea8652daa0eca3ea04089ef5c432f285,modern,QR2,4,120,2025-10-31,2025-09-30,2015-10-31,2025-09-30,-3.200563742469265,-3.84430960652608,-3.6339504641315488,ok,[],8.133301162160933e-05,,0.18782405051318182,0.43338672166228376,0.0002052798713011667,0.014327591259565117,0.5124483183676116,1.0
0a8ac71748b632f87da5fded013ca670ea8652daa0eca3ea04089ef5c432f285,modern,QR2,4,120,2025-11-30,2025-10-31,2015-11-30,2025-10-31,-3.187697796475165,-3.200563742469265,-3.324360983628237,ok,[],8.774999878369272e-05,,0.01867682672283562,0.13666318715307213,2.7786108502623578e-05,0.005271253029652777,0.04100276378540646,0.0
0a8ac71748b632f87da5fded013ca670ea8652daa0eca3ea04089ef5c432f285,modern,QR2,4,120,2025-12-31,2025-11-30,2015-12-31,2025-11-30,-3.6690396499504754,-3.187697796475165,-3.2312513491717687,ok,[],7.81250128056854e-05,,0.19165859629870735,0.4377883007787067,0.00019619833145973972,0.014007081475444473,0.29219832722975525,1.0
0a8ac71748b632f87da5fded013ca670ea8652daa0eca3ea04089ef5c432f285,modern,QR2,4,120,2026-01-31,2025-12-31,2016-01-31,2025-12-31,-3.5432590006801346,-3.6690396499504754,-3.433497679368497,ok,[],8.791600703261793e-05,,0.012047547656076532,0.10976132131163752,1.1255575272507238e-05,0.0033549329758591658,0.022424620303477527,1.0
0a8ac71748b632f87da5fded013ca670ea8652daa0eca3ea04089ef5c432f285,modern,QR2,4,120,2026-02-28,2026-01-31,2016-02-29,2026-01-31,-3.319270460859548,-3.5432590006801346,-3.456119230739489,ok,[],8.283299393951893e-05,,0.018727585817653106,0.1368487698799412,2.141140213795137e-05,0.004627245631901485,0.04111952244725564,1.0
0a8ac71748b632f87da5fded013ca670ea8652daa0eca3ea04089ef5c432f285,modern,QR2,4,120,2026-03-31,2026-02-28,2016-03-31,2026-02-28,-2.9305194230637723,-3.319270460859548,-3.4082228100645677,ok,[],8.820800576359034e-05,,0.2282005259520317,0.4777033870007954,0.00041084600700533303,0.02026933661976467,0.6443210955735446,0.0
0a8ac71748b632f87da5fded013ca670ea8652daa0eca3ea04089ef5c432f285,modern,QR2,4,120,2026-04-30,2026-03-31,2016-04-30,2026-03-31,-3.2372756219261025,-2.9305194230637723,-2.8809220448376633,ok,[],7.700000423938036e-05,,0.12698787190372615,0.3563535770884392,0.00028265309808623846,0.01681229009047365,0.20302219492297258,0.0
0a8ac71748b632f87da5fded013ca670ea8652daa0eca3ea04089ef5c432f285,modern,QR2,4,120,2026-05-31,2026-04-30,2016-05-31,2026-04-30,-3.511913129771558,-3.2372756219261025,-3.3157629588866704,ok,[],8.333302685059607e-05,,0.03847488953817053,0.1961501708848874,4.181646713146997e-05,0.006466565327240572,0.06780154403392413,1.0
0a8ac71748b632f87da5fded013ca670ea8652daa0eca3ea04089ef5c432f285,modern,QR2,4,120,2026-06-30,2026-05-31,2016-06-30,2026-05-31,-3.0167824583115244,-3.511913129771558,-3.6211436920954587,ok,[],7.579199154861271e-05,,0.3652525009008394,0.6043612337839344,0.0004931254591734113,0.022206428329954623,1.1404807350047785,0.0
0a8ac71748b632f87da5fded013ca670ea8652daa0eca3ea04089ef5c432f285,modern,QR2,4,120,2026-07-31,2026-06-30,2016-07-31,2026-06-30,-3.371790235714744,-3.0167824583115244,-3.2763329504308283,ok,[],8.079200051724911e-05,,0.009112093313774874,0.09545728528391573,1.1822374062763088e-05,0.0034383679359200475,0.017117737771648267,1.0
0a8ac71748b632f87da5fded013ca670ea8652daa0eca3ea04089ef5c432f285,modern,QR2,4,120,2026-08-31,2026-07-31,2016-08-31,2026-07-31,-3.5077496504538077,-3.371790235714744,-3.495965239407969,ok,[],8.499997784383595e-05,,0.00013887234369728554,0.011784411045838716,1.261670827747947e-07,0.0003552000602122622,0.00027557544567074,1.0
0a8ac71748b632f87da5fded013ca670ea8652daa0eca3ea04089ef5c432f285,modern,QR2,0,571,2025-09-30,2025-08-31,1978-02-28,2025-08-31,-3.84430960652608,-3.3885322185760227,-3.411269004714998,ok,[],9.283301187679172e-05,,0.18752416281690404,0.43304060181108195,0.0001345165229693693,0.01159812583865899,0.2866777598018946,1.0
0a8ac71748b632f87da5fded013ca670ea8652daa0eca3ea04089ef5c432f285,modern,QR2,0,571,2025-10-31,2025-09-30,1978-03-31,2025-09-30,-3.200563742469265,-3.84430960652608,-3.536801939383931,ok,[],9.316700743511319e-05,,0.11305612506442582,0.33623819691466617,0.00013532596965001902,0.011632969081452036,0.28660638520387705,1.0
0a8ac71748b632f87da5fded013ca670ea8652daa0eca3ea04089ef5c432f285,modern,QR2,0,571,2025-11-30,2025-10-31,1978-04-30,2025-10-31,-3.187697796475165,-3.200563742469265,-3.390428076457056,ok,[],9.099999442696571e-05,,0.04109956642153586,0.20273027998189086,5.7342999492694725e-05,0.007572516060907017,0.09453261783515848,0.0
0a8ac71748b632f87da5fded013ca670ea8652daa0eca3ea04089ef5c432f285,modern,QR2,0,571,2025-12-31,2025-11-30,1978-05-31,2025-11-30,-3.6690396499504754,-3.187697796475165,-3.2371590001985524,ok,[],9.291697642765939e-05,,0.18652089563014315,0.431880649751923,0.0001897332658833274,0.013774369890609421,0.28533473205804505,1.0
0a8ac71748b632f87da5fded013ca670ea8652daa0eca3ea04089ef5c432f285,modern,QR2,0,571,2026-01-31,2025-12-31,1978-06-30,2025-12-31,-3.5432590006801346,-3.6690396499504754,-3.4316444386468703,ok,[],0.00010387500515207648,,0.012457810457877394,0.11161456203326425,1.1660856739194869e-05,0.003414799663112738,0.02316066879366832,1.0
0a8ac71748b632f87da5fded013ca670ea8652daa0eca3ea04089ef5c432f285,modern,QR2,0,571,2026-02-28,2026-01-31,1978-07-31,2026-01-31,-3.319270460859548,-3.5432590006801346,-3.5143680641042954,ok,[],9.870799840427935e-05,,0.03806307479184493,0.19509760324474756,4.112155012526498e-05,0.006412608683310169,0.08707393177140432,1.0
0a8ac71748b632f87da5fded013ca670ea8652daa0eca3ea04089ef5c432f285,modern,QR2,0,571,2026-03-31,2026-02-28,1978-08-31,2026-02-28,-2.9305194230637723,-3.319270460859548,-3.408276766187397,ok,[],9.737501386553049e-05,,0.2282520789085448,0.4777573431236246,0.00041091840813153695,0.02027112251779701,0.6444937409379214,0.0
0a8ac71748b632f87da5fded013ca670ea8652daa0eca3ea04089ef5c432f285,modern,QR2,0,571,2026-04-30,2026-03-31,1978-09-30,2026-03-31,-3.2372756219261025,-2.9305194230637723,-3.0622380578802684,ok,[],9.654200403019786e-05,,0.03063814882709949,0.17503756404583415,5.64322076347361e-05,0.007512137354623923,0.05471027792764088,1.0
0a8ac71748b632f87da5fded013ca670ea8652daa0eca3ea04089ef5c432f285,modern,QR2,0,571,2026-05-31,2026-04-30,1978-10-31,2026-04-30,-3.511913129771558,-3.2372756219261025,-3.3715285855094947,ok,[],9.683301323093474e-05,,0.019707820267667136,0.14038454426206304,2.0226045140741503e-05,0.004497337561351327,0.03597178884225272,1.0
0a8ac71748b632f87da5fded013ca670ea8652daa0eca3ea04089ef5c432f285,modern,QR2,0,571,2026-06-30,2026-05-31,1978-11-30,2026-05-31,-3.0167824583115244,-3.511913129771558,-3.412661759130101,ok,[],9.908300125971437e-05,,0.15672042081660506,0.3958793008185766,0.00025616391722773946,0.01600512159365681,0.41551613037919477,1.0
0a8ac71748b632f87da5fded013ca670ea8652daa0eca3ea04089ef5c432f285,modern,QR2,0,571,2026-07-31,2026-06-30,1978-12-31,2026-06-30,-3.371790235714744,-3.0167824583115244,-3.1062241570910905,ok,[],9.795799269340932e-05,,0.07052534211554454,0.26556607862365356,0.00010902602941525136,0.010441553017403654,0.11907111063216724,1.0
0a8ac71748b632f87da5fded013ca670ea8652daa0eca3ea04089ef5c432f285,modern,QR2,0,571,2026-08-31,2026-07-31,1979-01-31,2026-07-31,-3.5077496504538077,-3.371790235714744,-3.311660167212758,ok,[],9.641700307838619e-05,,0.038451085437741866,0.19608948324104958,4.213739622298564e-05,0.006491332391965893,0.06776216287492837,0.0
0a8ac71748b632f87da5fded013ca670ea8652daa0eca3ea04089ef5c432f285,modern,QR2,1,571,2025-09-30,2025-08-31,1978-02-28,2025-08-31,-3.84430960652608,-3.3885322185760227,-3.4355749175575596,ok,[],0.00010645799920894206,,0.1670640459661931,0.4087346889685204,0.00011676351796608442,0.01080571691125047,0.2590170099682677,1.0
0a8ac71748b632f87da5fded013ca670ea8652daa0eca3ea04089ef5c432f285,modern,QR2,1,571,2025-10-31,2025-09-30,1978-03-31,2025-09-30,-3.200563742469265,-3.84430960652608,-3.55711623709785,ok,[],0.00010704199667088687,,0.1271296814258671,0.35655249462858496,0.0001492862968400998,0.012218277163336073,0.32721160536512484,1.0
0a8ac71748b632f87da5fded013ca670ea8652daa0eca3ea04089ef5c432f285,modern,QR2,1,571,2025-11-30,2025-10-31,1978-04-30,2025-10-31,-3.187697796475165,-3.200563742469265,-3.370075746531745,ok,[],0.0001060000213328749,,0.03326171666684034,0.18237795005657986,4.733073456160401e-05,0.006879733611238448,0.07540652164252148,0.0
0a8ac71748b632f87da5fded013ca670ea8652daa0eca3ea04089ef5c432f285,modern,QR2,1,571,2025-12-31,2025-11-30,1978-05-31,2025-11-30,-3.6690396499504754,-3.187697796475165,-3.270092594908866,ok,[],0.00010549998842179775,,0.15915875272637278,0.3989470550416092,0.00015629900405938669,0.012501960008710102,0.24817030857088307,1.0
0a8ac71748b632f87da5fded013ca670ea8652daa0eca3ea04089ef5c432f285,modern,QR2,1,571,2026-01-31,2025-12-31,1978-06-30,2025-12-31,-3.5432590006801346,-3.6690396499504754,-3.424981428658631,ok,[],0.00010500001371838152,,0.01398958404330194,0.11827757202150346,1.3183862822159415e-05,0.0036309589397512353,0.025897497616119175,1.0
0a8ac71748b632f87da5fded013ca670ea8652daa0eca3ea04089ef5c432f285,modern,QR2,1,571,2026-02-28,2026-01-31,1978-07-31,2026-01-31,-3.319270460859548,-3.5432590006801346,-3.513198415556288,ok,[],9.554202551953495e-05,,0.03760805161286095,0.1939279546967403,4.067597370043062e-05,0.006377771844494801,0.08596149635025935,1.0
0a8ac71748b632f87da5fded013ca670ea8652daa0eca3ea04089ef5c432f285,modern,QR2,1,571,2026-03-31,2026-02-28,1978-08-31,2026-02-28,-2.9305194230637723,-3.319270460859548,-3.4125491865628863,ok,[],9.524999768473208e-05,,0.23235269289901175,0.482029763499114,0.00041665914323567,0.020412230236690698,0.6582607479847518,0.0
0a8ac71748b632f87da5fded013ca670ea8652daa0eca3ea04089ef5c432f285,modern,QR2,1,571,2026-04-30,2026-03-31,1978-09-30,2026-03-31,-3.2372756219261025,-2.9305194230637723,-3.0566834169069175,ok,[],9.445799514651299e-05,,0.03261354451369137,0.18059220501918505,6.041521488164603e-05,0.0077727224883978735,0.05803489043176807,1.0
0a8ac71748b632f87da5fded013ca670ea8652daa0eca3ea04089ef5c432f285,modern,QR2,1,571,2026-05-31,2026-04-30,1978-10-31,2026-04-30,-3.511913129771558,-3.2372756219261025,-3.3077275674874693,ok,[],0.00010016598389483988,,0.04169174384526937,0.20418556228408846,4.569051866344434e-05,0.00675947621221085,0.07310325918058036,1.0
0a8ac71748b632f87da5fded013ca670ea8652daa0eca3ea04089ef5c432f285,modern,QR2,1,571,2026-06-30,2026-05-31,1978-11-30,2026-05-31,-3.0167824583115244,-3.511913129771558,-3.411450244340511,ok,[],0.00011270801769569516,,0.15576266132902183,0.39466778602898644,0.0002548867778262897,0.01596517390529429,0.4125973422979372,1.0
0a8ac71748b632f87da5fded013ca670ea8652daa0eca3ea04089ef5c432f285,modern,QR2,1,571,2026-07-31,2026-06-30,1978-12-31,2026-06-30,-3.371790235714744,-3.0167824583115244,-3.222639742218705,ok,[],0.00010270799975842237,,0.02224586971011192,0.14915049349603882,3.048806026821878e-05,0.005521599430257394,0.04037893731272846,1.0
0a8ac71748b632f87da5fded013ca670ea8652daa0eca3ea04089ef5c432f285,modern,QR2,1,571,2026-08-31,2026-07-31,1979-01-31,2026-07-31,-3.5077496504538077,-3.371790235714744,-3.3422749885410274,ok,[],0.00010154201299883425,,0.02738186373514893,0.16547466191278026,2.9075410829040606e-05,0.005392161980972067,0.04919088967877827,0.0
0a8ac71748b632f87da5fded013ca670ea8652daa0eca3ea04089ef5c432f285,modern,QR2,2,571,2025-09-30,2025-08-31,1978-02-28,2025-08-31,-3.84430960652608,-3.3885322185760227,-3.440214929805525,ok,[],0.00010116701014339924,,0.16329250775388976,0.4040946767205549,0.00011356360780915684,0.010656622720597593,0.25385363005162465,1.0
0a8ac71748b632f87da5fded013ca670ea8652daa0eca3ea04089ef5c432f285,modern,QR2,2,571,2025-10-31,2025-09-30,1978-03-31,2025-09-30,-3.200563742469265,-3.84430960652608,-3.555584361909387,ok,[],0.0001025829988066107,,0.1260396402276479,0.355020619440122,0.00014821974416779875,0.012174553140374342,0.32403390101801177,1.0
0a8ac71748b632f87da5fded013ca670ea8652daa0eca3ea04089ef5c432f285,modern,QR2,2,571,2025-11-30,2025-10-31,1978-04-30,2025-10-31,-3.187697796475165,-3.200563742469265,-3.3707018664741106,ok,[],9.91669949144125e-05,,0.03349048963617902,0.1830040699989457,4.7627352033331396e-05,0.0069012572791724985,0.07595884021703114,0.0
0a8ac71748b632f87da5fded013ca670ea8652daa0eca3ea04089ef5c432f285,modern,QR2,2,571,2025-12-31,2025-11-30,1978-05-31,2025-11-30,-3.6690396499504754,-3.187697796475165,-3.2366752379161725,ok,[],9.68750100582838e-05,,0.18693898479376841,0.43236441203430287,0.00019025717746298256,0.013793374404509673,0.2858945712255798,1.0
0a8ac71748b632f87da5fded013ca670ea8652daa0eca3ea04089ef5c432f285,modern,QR2,2,571,2026-01-31,2025-12-31,1978-06-30,2025-12-31,-3.5432590006801346,-3.6690396499504754,-3.399935590414598,ok,[],9.849999332800508e-05,,0.020541599930143362,0.14332341026553674,1.986033029811594e-05,0.004456493049261486,0.037423661515283174,1.0
0a8ac71748b632f87da5fded013ca670ea8652daa0eca3ea04089ef5c432f285,modern,QR2,2,571,2026-02-28,2026-01-31,1978-07-31,2026-01-31,-3.319270460859548,-3.5432590006801346,-3.435496073751821,ok,[],9.741602116264403e-05,,0.013508393092184589,0.1162256128922734,1.5759218882322257e-05,0.003969788266686557,0.029237681187100517,1.0
0a8ac71748b632f87da5fded013ca670ea8652daa0eca3ea04089ef5c432f285,modern,QR2,2,571,2026-03-31,2026-02-28,1978-08-31,2026-02-28,-2.9305194230637723,-3.319270460859548,-3.347610982881434,ok,[],9.975000284612179e-05,,0.17396536927113004,0.41709155981766166,0.0003312777941291529,0.018201038270635905,0.4687489400958147,0.0
0a8ac71748b632f87da5fded013ca670ea8652daa0eca3ea04089ef5c432f285,modern,QR2,2,571,2026-04-30,2026-03-31,1978-09-30,2026-03-31,-3.2372756219261025,-2.9305194230637723,-3.0352833535486186,ok,[],0.00010241600102744997,,0.04080087648428151,0.20199226837748396,7.726945933890981e-05,0.008790304849031677,0.0716389820483595,1.0
0a8ac71748b632f87da5fded013ca670ea8652daa0eca3ea04089ef5c432f285,modern,QR2,2,571,2026-05-31,2026-04-30,1978-10-31,2026-04-30,-3.511913129771558,-3.2372756219261025,-3.255189357110952,ok,[],9.879199205897748e-05,,0.06590709544909439,0.25672377266060575,7.627827316519769e-05,0.008733743364972301,0.11187645292861959,1.0
0a8ac71748b632f87da5fded013ca670ea8652daa0eca3ea04089ef5c432f285,modern,QR2,2,571,2026-06-30,2026-05-31,1978-11-30,2026-05-31,-3.0167824583115244,-3.511913129771558,-3.424007202722753,ok,[],0.00010154201299883425,,0.16583199246079036,0.40722474441122847,0.0002682021763867624,0.016376879323813875,0.44348282434054886,1.0
0a8ac71748b632f87da5fded013ca670ea8652daa0eca3ea04089ef5c432f285,modern,QR2,2,571,2026-07-31,2026-06-30,1978-12-31,2026-06-30,-3.371790235714744,-3.0167824583115244,-3.2330633572672047,ok,[],0.00011133297812193632,,0.019245146803798338,0.13872687844753928,2.609553184424767e-05,0.005108378592493676,0.035164359578811866,1.0
0a8ac71748b632f87da5fded013ca670ea8652daa0eca3ea04089ef5c432f285,modern,QR2,2,571,2026-08-31,2026-07-31,1979-01-31,2026-07-31,-3.5077496504538077,-3.371790235714744,-3.348488331022124,ok,[],0.00010112498421221972,,0.025364167867120774,0.15926131943168365,2.6761599237558476e-05,0.005173161435482028,0.04574525313918654,0.0
0a8ac71748b632f87da5fded013ca670ea8652daa0eca3ea04089ef5c432f285,modern,QR2,3,571,2025-09-30,2025-08-31,1978-02-28,2025-08-31,-3.84430960652608,-3.3885322185760227,-3.427635052076228,ok,[],9.937499999068677e-05,,0.1736176843259825,0.4166745544498518,0.0001223778697220552,0.01106245315118013,0.2679404614279778,1.0
0a8ac71748b632f87da5fded013ca670ea8652daa0eca3ea04089ef5c432f285,modern,QR2,3,571,2025-10-31,2025-09-30,1978-03-31,2025-09-30,-3.200563742469265,-3.84430960652608,-3.5763266211144025,ok,[],9.54579736571759e-05,,0.1411977409676803,0.37576287864513747,0.0001628417557899004,0.012760946508386453,0.3687067529044967,1.0
0a8ac71748b632f87da5fded013ca670ea8652daa0eca3ea04089ef5c432f285,modern,QR2,3,571,2025-11-30,2025-10-31,1978-04-30,2025-10-31,-3.187697796475165,-3.200563742469265,-3.362146193637942,ok,[],9.470799705013633e-05,,0.030432243272662075,0.17444839716277727,4.363891711537655e-05,0.006605975863971693,0.06860609412533786,0.0
0a8ac71748b632f87da5fded013ca670ea8652daa0eca3ea04089ef5c432f285,modern,QR2,3,571,2025-12-31,2025-11-30,1978-05-31,2025-11-30,-3.6690396499504754,-3.187697796475165,-3.256676192838571,ok,[],9.454099927097559e-05,,0.17004362076128138,0.41236345711190436,0.00016939693843345902,0.013015257908833733,0.2630815987741886,1.0
0a8ac71748b632f87da5fded013ca670ea8652daa0eca3ea04089ef5c432f285,modern,QR2,3,571,2026-01-31,2025-12-31,1978-06-30,2025-12-31,-3.5432590006801346,-3.6690396499504754,-3.438256475608501,ok,[],9.524999768473208e-05,,0.011025530271419032,0.10500252507163355,1.025096686918196e-05,0.0032017131147530943,0.020585202557218518,1.0
0a8ac71748b632f87da5fded013ca670ea8652daa0eca3ea04089ef5c432f285,modern,QR2,3,571,2026-02-28,2026-01-31,1978-07-31,2026-01-31,-3.319270460859548,-3.5432590006801346,-3.501616285496901,ok,[],9.175000013783574e-05,,0.03324999976267639,0.18234582463735327,3.636814879803405e-05,0.006030601031243407,0.0753782438104223,1.0
0a8ac71748b632f87da5fded013ca670ea8652daa0eca3ea04089ef5c432f285,modern,QR2,3,571,2026-03-31,2026-02-28,1978-08-31,2026-02-28,-2.9305194230637723,-3.319270460859548,-3.421407772903261,ok,[],9.112499537877738e-05,,0.24097137200813604,0.4908883498394885,0.00042860982140823813,0.02070289403460874,0.6874176886853556,0.0
0a8ac71748b632f87da5fded013ca670ea8652daa0eca3ea04089ef5c432f285,modern,QR2,3,571,2026-04-30,2026-03-31,1978-09-30,2026-03-31,-3.2372756219261025,-2.9305194230637723,-3.0664719033962573,ok,[],9.57080046646297e-05,,0.02917391026362259,0.17080371852984522,5.350168495143301e-05,0.007314484599165755,0.05223455289025508,1.0
0a8ac71748b632f87da5fded013ca670ea8652daa0eca3ea04089ef5c432f285,modern,QR2,3,571,2026-05-31,2026-04-30,1978-10-31,2026-04-30,-3.511913129771558,-3.2372756219261025,-3.3097994545543914,ok,[],9.362498531118035e-05,,0.040849937709790216,0.2021136752171664,4.467218259110214e-05,0.006683725203140995,0.07171969977567205,1.0
0a8ac71748b632f87da5fded013ca670ea8652daa0eca3ea04089ef5c432f285,modern,QR2,3,571,2026-06-30,2026-05-31,1978-11-30,2026-05-31,-3.0167824583115244,-3.511913129771558,-3.3634438344405435,ok,[],9.466701885685325e-05,,0.12017410969966529,0.34666137612901915,0.00020571158003220548,0.014342648989367532,0.30702842196537294,1.0
0a8ac71748b632f87da5fded013ca670ea8652daa0eca3ea04089ef5c432f285,modern,QR2,3,571,2026-07-31,2026-06-30,1978-12-31,2026-06-30,-3.371790235714744,-3.0167824583115244,-3.146480730296593,ok,[],9.337501251138747e-05,,0.05076437323177185,0.2253095054181511,7.52569067494107e-05,0.008675073875732166,0.08785258585888489,1.0
0a8ac71748b632f87da5fded013ca670ea8652daa0eca3ea04089ef5c432f285,modern,QR2,3,571,2026-08-31,2026-07-31,1979-01-31,2026-07-31,-3.5077496504538077,-3.371790235714744,-3.327755615725156,ok,[],9.137499728240073e-05,,0.032397852537899084,0.17999403472865172,3.49193545186724e-05,0.0059092600652427205,0.05767271923518413,0.0
0a8ac71748b632f87da5fded013ca670ea8652daa0eca3ea04089ef5c432f285,modern,QR2,4,571,2025-09-30,2025-08-31,1978-02-28,2025-08-31,-3.84430960652608,-3.3885322185760227,-3.4223799492030333,ok,[],0.00010879198089241982,,0.17802463572874358,0.42192965732304666,0.00012619156460184482,0.011233501885068824,0.273906942212383,1.0
0a8ac71748b632f87da5fded013ca670ea8652daa0eca3ea04089ef5c432f285,modern,QR2,4,571,2025-10-31,2025-09-30,1978-03-31,2025-09-30,-3.200563742469265,-3.84430960652608,-3.560436456708316,ok,[],0.0001014159934129566,,0.1295083704537818,0.3598727142390512,0.00015160543691819327,0.012312815962166952,0.33416484854154316,1.0
0a8ac71748b632f87da5fded013ca670ea8652daa0eca3ea04089ef5c432f285,modern,QR2,4,571,2025-11-30,2025-10-31,1978-04-30,2025-10-31,-3.187697796475165,-3.200563742469265,-3.341550698372661,ok,[],0.0001087500131689012,,0.023670715422280497,0.1538529018974959,3.4629904570519004e-05,0.005884717883681341,0.05259493095458051,0.0
0a8ac71748b632f87da5fded013ca670ea8652daa0eca3ea04089ef5c432f285,modern,QR2,4,571,2025-12-31,2025-11-30,1978-05-31,2025-11-30,-3.6690396499504754,-3.187697796475165,-3.260638830404381,ok,[],9.91669949144125e-05,,0.1667912294059216,0.4084008195460944,0.00016545507483281186,0.012862934145552167,0.25864420808865085,1.0
0a8ac71748b632f87da5fded013ca670ea8652daa0eca3ea04089ef5c432f285,modern,QR2,4,571,2026-01-31,2025-12-31,1978-06-30,2025-12-31,-3.5432590006801346,-3.6690396499504754,-3.428793730520364,ok,[],0.00010449998080730438,,0.013102298072749268,0.1144652701597706,1.2299786776525712e-05,0.0035071051846965913,0.024314319009066415,1.0
0a8ac71748b632f87da5fded013ca670ea8652daa0eca3ea04089ef5c432f285,modern,QR2,4,571,2026-02-28,2026-01-31,1978-07-31,2026-01-31,-3.319270460859548,-3.5432590006801346,-3.4892513389490487,ok,[],0.00010850001126527786,,0.02889349891607777,0.1699808780895009,3.19846886972621e-05,0.005655500746818278,0.06493210484784456,1.0
0a8ac71748b632f87da5fded013ca670ea8652daa0eca3ea04089ef5c432f285,modern,QR2,4,571,2026-03-31,2026-02-28,1978-08-31,2026-02-28,-2.9305194230637723,-3.319270460859548,-3.4046177629053247,ok,[],0.00010633401689119637,,0.22476923584051609,0.47409833984155236,0.00040601421063429446,0.020149794307493425,0.6328543186619771,0.0
0a8ac71748b632f87da5fded013ca670ea8652daa0eca3ea04089ef5c432f285,modern,QR2,4,571,2026-04-30,2026-03-31,1978-09-30,2026-03-31,-3.2372756219261025,-2.9305194230637723,-3.0655335451261054,ok,[],9.558300371281803e-05,,0.029495340943576098,0.1717420767999971,5.4143383082170986e-05,0.0073582187438381436,0.05277887442323059,1.0
0a8ac71748b632f87da5fded013ca670ea8652daa0eca3ea04089ef5c432f285,modern,QR2,4,571,2026-05-31,2026-04-30,1978-10-31,2026-04-30,-3.511913129771558,-3.2372756219261025,-3.3294266199065365,ok,[],0.0001897919864859432,,0.033301326282716495,0.18248650986502124,3.5687022047559036e-05,0.005973861569166048,0.05918840047373286,1.0
0a8ac71748b632f87da5fded013ca670ea8652daa0eca3ea04089ef5c432f285,modern,QR2,4,571,2026-06-30,2026-05-31,1978-11-30,2026-05-31,-3.0167824583115244,-3.511913129771558,-3.4135467328116778,ok,[],0.00011795799946412444,,0.15742188951963307,0.3967642745001534,0.00025709786439878976,0.01603427155809673,0.41765640252828673,1.0
0a8ac71748b632f87da5fded013ca670ea8652daa0eca3ea04089ef5c432f285,modern,QR2,4,571,2026-07-31,2026-06-30,1978-12-31,2026-06-30,-3.371790235714744,-3.0167824583115244,-3.1836168223435912,ok,[],0.0001111250021494925,,0.03540923349975074,0.1881734133711528,5.051502110225961e-05,0.007107392004262858,0.0627110690246861,1.0
0a8ac71748b632f87da5fded013ca670ea8652daa0eca3ea04089ef5c432f285,modern,QR2,4,571,2026-08-31,2026-07-31,1979-01-31,2026-07-31,-3.5077496504538077,-3.371790235714744,-3.328982550073522,ok,[],9.995800792239606e-05,,0.03195767617837508,0.17876710038028554,3.440142256663195e-05,0.005865272590991143,0.05693297932408564,0.0
